ibge_code,GWh_aquaculture,GWh_cattle,GWh_citrus,GWh_coffee,GWh_corn,GWh_forestry,GWh_poultry,GWh_rpo_pruning,GWh_rsu_organic,GWh_soybean,GWh_sugarcane,GWh_swine,codigo_municipio,populacao_2022,area_km2,densidade_demografica,cd_rgi,nm_rgi,cd_rgint,nm_rgint,lat,lon,categoria_potencial,mun_potential_class,mun_total_GWh,mun_n_streams,mun_dominant_stream
3500105,0.0,55.4064,0.0,1.7833,2.4616,0.3258,0.5002,0.243,12.1179,2.4033,226.9022,4.6221,3500105,34687.0,411.987,84.19440419236528,350019,Adamantina - Lucélia,3505,Presidente Prudente,-21.576682210920264,-51.056802358755256,MÉDIO,MÉDIO,306.7658,10,sugarcane
3500204,0.0,4.8055,9.5583,0.0,2.6045,0.0102,0.0099,0.0305,1.52,8.0308,161.3374,0.9812,3500204,4351.0,211.055,20.615479377413468,350025,São José do Rio Preto,3507,São José do Rio Preto,-21.288685099671543,-49.653283445580875,SEM DADOS,MÉDIO,188.88830000000002,10,sugarcane
3500303,0.0,5.8571,49.5928,2.1326,113.4199,7.4588,5.0099,0.2247,11.2043,28.3092,278.3425,9.0926,3500303,32072.0,474.554,67.58345730938944,350044,São João da Boa Vista,3510,Campinas,-22.049956302083515,-47.04031989294538,SEM DADOS,ALTO,510.64439999999996,11,sugarcane
3500402,0.0,17.2345,0.0,3.8016,8.0654,1.1463,0.0523,0.0516,2.5744,0.4816,0.0,0.2273,3500402,7369.0,142.673,51.64957630385567,350044,São João da Boa Vista,3510,Campinas,-21.913710333867165,-46.691677607834755,BAIXO,BAIXO,33.635,9,cattle
3500501,0.0004,6.0846,0.065,1.2981,0.9746,0.6093,0.9422,0.1256,6.2638,0.0,0.0,0.1515,3500501,17930.0,60.126,298.2070984266374,350048,Amparo,3510,Campinas,-22.474823173496965,-46.6036720808946,SEM DADOS,BAIXO,16.5151,10,rsu_organic
3500550,0.0001,12.9959,44.5251,0.2163,78.1337,63.0299,10.1527,0.0503,2.5073,102.0286,95.5924,45.073,3500550,7177.0,404.463,17.744515567555005,350007,Avaré,3502,Sorocaba,-22.85795483690765,-49.26103703543736,SEM DADOS,MÉDIO,454.3053,12,soybean
3500600,0.0,0.0,0.0,0.0,0.0,0.0,0.0,0.0195,0.9712,0.0,0.0,0.0,3500600,2780.0,3.612,769.656699889258,350040,Piracicaba,3510,Campinas,-22.598649693262153,-47.87608964724377,SEM DADOS,BAIXO,0.9906999999999999,2,rsu_organic
3500709,0.0,40.932,13.2973,0.0,0.0,162.8375,3.335,0.264,13.1635,17.0052,179.0951,109.8694,3500709,37680.0,966.708,38.97764371454462,350009,Bauru,3503,Bauru,-22.57193420521978,-49.10876753978452,MÉDIO,ALTO,539.799,9,sugarcane
3500758,0.0,11.263,3.0287,0.0,17.307,24.0788,5.9502,0.043,2.1454,16.7594,4.4985,72.3623,3500758,6141.0,159.6,38.47744360902256,350006,Itapetininga,3502,Sorocaba,-23.54892702783309,-47.869055054270746,SEM DADOS,MÉDIO,157.4363,10,swine
3500808,0.0,33.3098,0.0,0.0,1.3722,0.0,0.0307,0.0311,1.5529,0.0,0.0,1.6859,3500808,4445.0,118.915,37.37964091998486,350018,Presidente Prudente,3505,Presidente Prudente,-21.934972952987927,-51.39565497565409,MÉDIO,BAIXO,37.982600000000005,6,cattle
3500907,0.0,51.8652,21.3307,0.0,10.0818,0.0024,0.0875,0.0242,1.2056,13.2699,359.8771,8.7896,3500907,3451.0,313.007,11.025312532946547,350025,São José do Rio Preto,3507,São José do Rio Preto,-20.533337784910675,-49.093860814913334,SEM DADOS,MÉDIO,466.534,11,sugarcane
3501004,0.0,24.2361,5.2698,61.4122,36.79,141.3247,6.8793,0.1178,5.8753,21.1385,480.8543,1.5912,3501004,16818.0,928.956,18.104194385955847,350031,Ribeirão Preto,3508,Ribeirão Preto,-21.018047253190506,-47.38624830511379,BAIXO,ALTO,785.4892,11,sugarcane
3501103,0.0,32.8278,0.0,0.1144,1.8399,0.5103,0.0702,0.0269,1.3418,2.8309,234.9773,1.3525,3501103,3841.0,318.574,12.056853352753206,350023,Birigui - Penápolis,3506,Araçatuba,-21.612539783313004,-50.19211677311356,BAIXO,MÉDIO,275.892,10,sugarcane
3501152,0.0,1.0502,0.0,0.0,4.3688,0.0,0.0,0.1212,6.0441,0.0,0.0,0.341,3501152,17301.0,83.619,206.90273741613748,350003,Sorocaba,3502,Sorocaba,-23.533000388576102,-47.28124763233842,SEM DADOS,BAIXO,11.925300000000002,5,rsu_organic
3501202,0.0,59.5171,1.4792,0.0155,5.797,1.7901,20.937,0.0274,1.3677,15.9239,175.0184,3.2203,3501202,3915.0,362.411,10.8026522373769,350027,Votuporanga,3507,São José do Rio Preto,-20.289554435261646,-49.920251463230436,SEM DADOS,MÉDIO,285.09360000000004,11,sugarcane
3501301,0.0,70.8865,0.0,0.0,6.5111,0.0,0.1092,0.1909,9.5215,0.4325,22.1811,6.63,3501301,27255.0,347.647,78.39849042275642,350018,Presidente Prudente,3505,Presidente Prudente,-22.1315046738704,-51.51492033095594,MÉDIO,MÉDIO,116.4628,8,cattle
3501400,0.0,14.9658,0.0,2.5498,3.5006,4.3968,0.0014,0.0337,1.6797,0.7372,0.0,0.0947,3501400,4808.0,153.662,31.289453475810543,350013,Marília,3504,Marília,-22.08652416308833,-49.73398937637143,BAIXO,BAIXO,27.959699999999998,9,cattle
3501509,0.0,8.3816,2.4644,4.874,1.5123,8.4795,0.0,0.0202,1.0079,0.7372,0.0,0.0455,3501509,2885.0,84.879,33.98956161123481,350013,Marília,3504,Marília,-22.45255221199713,-49.758530644093575,BAIXO,BAIXO,27.5226,9,forestry
3501608,0.0,1.0974,0.0,0.0,0.0,0.0,0.0,1.6619,82.8795,0.0,5.3982,0.0,3501608,237240.0,133.912,1771.6112073600573,350038,Campinas,3510,Campinas,-22.723242943243676,-47.28911884357989,MÉDIO,BAIXO,91.03699999999999,4,rsu_organic
3501707,0.0,0.3164,1.0096,0.0371,0.6161,0.0,0.0161,0.2313,11.5351,0.0,188.9355,0.3789,3501707,33019.0,122.958,268.5388506644545,350036,Araraquara,3509,Araraquara,-21.72232779835966,-48.0323773429233,SEM DADOS,MÉDIO,203.0761,9,sugarcane
3501806,0.0,30.9104,1.5317,0.0464,3.3606,0.4554,4.4865,0.0411,2.0507,3.5386,168.6924,1.8943,3501806,5870.0,252.876,23.212958129676206,350027,Votuporanga,3507,São José do Rio Preto,-20.28938610904005,-49.76801794717493,BAIXO,MÉDIO,217.0081,11,sugarcane
3501905,0.0057,36.5305,4.9509,4.9142,22.0791,23.6091,62.2128,0.4764,23.7585,3.8827,22.6048,6.4406,3501905,68008.0,445.323,152.71611841292724,350048,Amparo,3510,Campinas,-22.699128789672308,-46.79872856370018,MÉDIO,MÉDIO,211.4653,12,poultry
3502002,0.0,15.2149,7.689,1.533,7.6369,21.5128,4.3968,0.0321,1.6032,5.5144,191.1847,9.4715,3502002,4589.0,325.953,14.078716870223623,350046,Rio Claro,3510,Campinas,-22.121084615402694,-47.67795534865884,SEM DADOS,MÉDIO,265.78929999999997,11,sugarcane
3502101,0.0,70.0019,0.0,0.0,13.2743,0.0,0.1324,0.4188,20.8851,0.199,793.3126,58.7233,3502101,59783.0,964.226,62.00102465604537,350024,Andradina,3506,Araçatuba,-20.835600180438853,-51.32971778270221,SEM DADOS,ALTO,956.9474,8,sugarcane
3502200,0.0,59.7365,43.427,0.0371,172.9023,199.2162,34.295,0.1683,8.3921,77.4079,0.0,17.9959,3502200,24022.0,1027.288,23.38390013316616,350006,Itapetininga,3502,Sorocaba,-23.436841876689716,-48.45933416351353,MÉDIO,ALTO,613.5783,10,forestry
3502309,0.0,43.423,34.7493,0.0,8.3455,42.2404,0.8973,0.0397,1.9822,2.5803,298.7824,7.5772,3502309,5674.0,736.557,7.703409240561151,350011,Botucatu,3503,Bauru,-22.800067361899604,-48.174731117996586,SEM DADOS,MÉDIO,440.6173,10,sugarcane
3502408,0.0,36.2531,0.0,0.3709,11.7061,1.2562,0.181,0.0282,1.4054,3.5583,182.1878,2.5762,3502408,4023.0,320.84,12.538960229397832,350018,Presidente Prudente,3505,Presidente Prudente,-22.362024282318536,-51.42777944453858,MÉDIO,MÉDIO,239.5232,10,sugarcane
3502507,0.0,6.1748,0.0,0.0,0.0,0.0,0.0105,0.2282,11.3779,0.0,0.0,1.0608,3502507,32569.0,120.89,269.4102076267681,350052,Guaratinguetá,3511,São José dos Campos,-22.914206040127134,-45.23721921739436,SEM DADOS,BAIXO,18.8522,5,rsu_organic
3502606,0.0,29.7565,1.4099,0.0,1.123,1.8843,0.044,0.0286,1.4274,0.2654,31.5455,2.1065,3502606,4086.0,179.004,22.82630555741771,350028,Jales,3507,São José do Rio Preto,-20.478803390485268,-50.921977259459666,SEM DADOS,BAIXO,69.5911,10,sugarcane
3502705,0.0,8.0316,0.0313,0.0,100.8177,20.9271,0.3739,0.1722,8.5887,11.0583,0.0,3.7886,3502705,24585.0,974.322,25.232931207547402,350004,Itapeva,3502,Sorocaba,-24.4214703338988,-48.81735731705966,MÉDIO,MÉDIO,153.7894,9,corn
3502754,0.0,2.6929,0.0511,0.0,2.0164,0.0,0.0,0.1508,7.5187,0.0,0.0,0.4167,3502754,21522.0,145.204,148.21905732624444,350003,Sorocaba,3502,Sorocaba,-23.434433886245838,-47.07237501418517,SEM DADOS,BAIXO,12.846599999999999,6,rsu_organic
3502804,0.0,84.0197,0.0,0.1854,34.5076,0.0,0.8435,1.4019,69.9131,51.9469,685.0899,4.1675,3502804,200124.0,1167.126,171.4673479984166,350022,Araçatuba,3506,Araçatuba,-21.113857858686057,-50.57449809284505,MÉDIO,ALTO,932.0754999999999,9,sugarcane
3502903,0.0,6.1937,2.9172,0.0247,17.9231,6.3282,1.1665,0.2273,11.3339,18.4305,7.5912,37.886,3502903,32443.0,255.305,127.07545876500656,350003,Sorocaba,3502,Sorocaba,-23.54386392339011,-47.65153572243858,BAIXO,MÉDIO,110.0223,11,swine
3503000,0.0,2.3603,0.0,0.0,2.7333,0.0,1.3056,0.038,1.8935,17.0371,235.7488,1.9132,3503000,5420.0,202.829,26.722017068565144,350035,Ituverava,3508,Ribeirão Preto,-20.145046042174975,-47.820643772479904,SEM DADOS,MÉDIO,263.02979999999997,8,sugarcane
3503109,0.0129,12.732,13.2942,6.1196,16.2148,0.0,0.0371,0.0482,2.4053,61.9263,0.8435,63.0423,3503109,6885.0,285.908,24.081172964729912,350007,Avaré,3502,Sorocaba,-23.17769653998183,-49.06403335763393,SEM DADOS,MÉDIO,176.6762,11,swine
3503158,0.0,10.233,0.024,0.0,0.3025,0.0,0.0314,0.0163,0.814,0.0,1.0782,0.4546,3503158,2330.0,156.903,14.849939134369643,350053,Cruzeiro,3511,São José dos Campos,-22.672911262350695,-44.438589391645735,SEM DADOS,BAIXO,12.954,9,cattle
3503208,0.0,13.4335,0.1775,0.2936,12.2689,18.4507,8.4496,1.6968,84.6221,29.4887,877.2005,3.1786,3503208,242228.0,1003.625,241.3530950305144,350036,Araraquara,3509,Araraquara,-21.791649699520345,-48.18132248290114,SEM DADOS,MUITO ALTO,1049.2605,11,sugarcane
3503307,0.0,10.7608,5.1078,0.9056,91.0271,1.0992,0.0,0.9167,45.7179,30.4029,764.7389,7.778,3503307,130866.0,644.831,202.94619830622287,350045,Araras,3510,Campinas,-22.346158924154274,-47.3238560060625,BAIXO,ALTO,958.4549,10,sugarcane
3503356,0.0008,27.9738,0.0,0.0216,3.1506,0.0196,0.0079,0.0143,0.7141,0.0,25.6041,0.4167,3503356,2044.0,264.904,7.7160027783649925,350016,Tupã,3504,Marília,-21.766339477818203,-50.430942765825726,BAIXO,BAIXO,57.9235,10,cattle
3503406,0.018,50.6036,8.3766,0.0,0.0784,7.3811,7.6271,0.057,2.8402,16.8504,193.9963,45.4632,3503406,8130.0,506.226,16.060020623199915,350009,Bauru,3503,Bauru,-22.07629656285949,-48.98189311028061,SEM DADOS,MÉDIO,333.2919,11,sugarcane
3503505,0.0,22.2164,0.0,0.0,0.7421,0.0,0.0224,0.0251,1.2496,0.0,0.5061,0.538,3503505,3577.0,305.227,11.719146733414803,350053,Cruzeiro,3511,São José dos Campos,-22.673131485374093,-44.7123536337979,SEM DADOS,BAIXO,25.2997,8,cattle
3503604,0.0,0.373,0.0,0.2936,0.5321,0.0,0.0,0.071,3.5389,0.0,166.7243,0.0,3503604,10130.0,85.907,117.91821388245428,350011,Botucatu,3503,Bauru,-22.631820225293378,-48.65284535933039,BAIXO,MÉDIO,171.5329,6,sugarcane
3503703,0.0,0.3972,0.0,0.0,0.0,0.0,2.1311,0.0533,2.6557,4.4233,193.434,0.1515,3503703,7602.0,132.624,57.319942091929065,350026,Catanduva,3507,São José do Rio Preto,-21.185665399725785,-48.779212611261435,SEM DADOS,MÉDIO,203.2461,7,sugarcane
3503802,0.0,9.0374,6.8794,0.0,38.8148,18.2152,5.2791,0.3605,17.9761,0.6021,89.9693,6.0618,3503802,51456.0,178.026,289.03643288059044,350038,Campinas,3510,Campinas,-22.561197661913383,-47.132152756632664,SEM DADOS,MÉDIO,193.19570000000002,10,sugarcane
3503901,0.0,0.303,0.0,0.0,0.0,0.0,0.0042,0.6072,30.2809,0.0,0.0,0.0,3503901,86678.0,96.167,901.3278983435066,350001,São Paulo,3501,São Paulo,-23.386018416558304,-46.31905102007587,BAIXO,BAIXO,31.1953,4,rsu_organic
3503950,0.0,9.4925,6.8819,0.0,0.0112,0.6203,0.0356,0.0129,0.6435,0.0,26.5691,1.1176,3503950,1842.0,69.373,26.55211681778213,350028,Jales,3507,São José do Rio Preto,-20.18355892573557,-50.72803036687422,MÉDIO,BAIXO,45.3846,9,sugarcane
3504008,0.0004,22.351,0.0,0.0155,132.1551,1.619,0.2094,0.7104,35.4271,79.1281,262.879,3.2582,3504008,101409.0,460.609,220.1628713290448,350014,Assis,3504,Marília,-22.601741217450815,-50.420762735351424,BAIXO,ALTO,537.7532,11,sugarcane
3504107,0.0004,16.8306,0.0,0.0031,11.342,10.2146,1.645,1.1113,55.4231,14.7444,0.984,0.0,3504107,158647.0,478.521,331.5361290309098,350041,Bragança Paulista,3510,Campinas,-23.123261991951374,-46.586787411797644,SEM DADOS,MÉDIO,112.2985,10,rsu_organic
3504206,0.0,72.4955,0.0938,0.0,5.5394,0.0,0.0501,0.0959,4.7833,1.1058,147.6059,1.5912,3504206,13692.0,434.498,31.51222790438621,350022,Araçatuba,3506,Araçatuba,-20.644142154295547,-50.579959936318275,SEM DADOS,MÉDIO,233.36090000000002,9,sugarcane
3504305,0.0,47.877,24.8354,0.1484,0.4873,212.5367,0.4688,0.0314,1.5661,0.0,38.2369,0.9472,3504305,4483.0,540.689,8.291272801924952,350009,Bauru,3503,Bauru,-22.187185933083608,-49.316211755266906,SEM DADOS,MÉDIO,327.1352,10,forestry
3504404,0.0,12.1288,0.0,0.0,5.3769,4.5145,0.0329,0.0789,3.9347,3.5386,404.9517,1.8375,3504404,11263.0,338.37,33.28604781747791,350023,Birigui - Penápolis,3506,Araçatuba,-21.460541235908185,-49.94735220859208,SEM DADOS,MÉDIO,436.39450000000005,9,sugarcane
3504503,0.0003,45.961,80.362,0.3245,170.4098,68.7259,24.4741,0.6501,32.4213,148.606,224.9243,1.3071,3504503,92805.0,1213.055,76.50518731632118,350007,Avaré,3502,Sorocaba,-23.075190074429955,-48.89401493190673,SEM DADOS,ALTO,798.1664,12,sugarcane
3504602,0.0,13.2962,0.6572,0.0,10.1238,0.0099,4.4566,0.191,9.5232,5.6766,75.9116,5.2283,3504602,27260.0,110.372,246.98293045337584,350025,São José do Rio Preto,3507,São José do Rio Preto,-20.931535125575273,-49.4376199748983,SEM DADOS,MÉDIO,125.07440000000001,10,sugarcane
3504701,0.0,3.6731,2.1254,0.0742,0.4537,8.6365,0.0181,0.0272,1.3579,0.0,113.5384,1.2578,3504701,3887.0,91.635,42.418289954711625,350009,Bauru,3503,Bauru,-21.89241208322471,-49.33308238272096,MÉDIO,MÉDIO,131.1623,10,sugarcane
3504800,0.0,13.2625,1.403,0.1854,2.5204,0.1068,1.66,0.0672,3.3524,2.4328,151.8232,1.0608,3504800,9596.0,149.881,64.02412580647314,350025,São José do Rio Preto,3507,São José do Rio Preto,-20.70956489305619,-49.551801907269365,BAIXO,MÉDIO,177.8745,11,sugarcane
3504909,0.0002,41.8745,0.0156,0.0,2.9685,0.0,0.0434,0.0698,3.4827,0.0,1.0965,1.5533,3504909,9969.0,616.429,16.172178791069207,350053,Cruzeiro,3511,São José dos Campos,-22.733834116389044,-44.33451923190363,SEM DADOS,BAIXO,51.104499999999994,9,cattle
3505005,0.0009,13.1952,0.0375,0.068,15.4587,0.4711,0.0449,0.0247,1.2336,14.1398,0.0,1.1366,3505005,3531.0,153.142,23.057032035627067,350004,Itapeva,3502,Sorocaba,-23.582914696864552,-49.57195843641216,BAIXO,BAIXO,45.811,11,corn
3505104,0.0,11.939,0.0,0.0,2.4196,0.3926,0.0388,0.0395,1.9703,2.2117,230.7712,1.542,3505104,5640.0,205.212,27.48377287877902,350023,Birigui - Penápolis,3506,Araçatuba,-21.29065871283201,-49.9221675137895,SEM DADOS,MÉDIO,251.3247,9,sugarcane
3505203,0.0004,23.3232,13.8568,0.4482,2.7921,0.0,14.5207,0.2213,11.0377,14.6461,421.731,8.2213,3505203,31595.0,444.405,71.09505968654719,350010,Jaú,3503,Bauru,-22.06680669423394,-48.7188376300707,SEM DADOS,ALTO,510.79879999999997,11,sugarcane
3505302,0.0,0.5399,0.0,0.0,0.2688,0.0,0.015,0.2406,11.9987,0.5677,195.4583,0.1515,3505302,34346.0,150.121,228.78877705317709,350010,Jaú,3503,Bauru,-22.47947843211421,-48.54174727883879,MÉDIO,MÉDIO,209.2405,8,sugarcane
3505351,0.0,3.0134,0.0042,0.0,13.4424,4.4612,0.2468,0.0363,1.8093,0.3686,0.1406,2.2732,3505351,5179.0,405.681,12.766188211920204,350004,Itapeva,3502,Sorocaba,-24.443776608410833,-49.08527977994318,SEM DADOS,BAIXO,25.796,10,corn
3505401,0.0001,11.6737,0.0,0.0062,0.3921,0.0628,0.0359,0.0482,2.4021,0.0,0.0714,1.5533,3505401,6876.0,1007.684,6.823567705749024,350005,Registro,3502,Sorocaba,-24.888742096141737,-48.42697368496343,BAIXO,BAIXO,16.2458,10,cattle
3505500,0.0,64.3347,38.4898,0.0,72.5551,0.0,0.1947,0.858,42.79,61.1817,1860.5509,1.7996,3505500,122485.0,1566.161,78.20715750168725,350032,Barretos,3508,Ribeirão Preto,-20.514164964982818,-48.651949486967446,BAIXO,CRÍTICO,2142.7545,9,sugarcane
3505609,0.0,0.4915,0.0,0.0,0.7001,0.0,0.0043,0.2248,11.2113,0.6733,250.9299,0.0758,3505609,32092.0,146.025,219.77058722821434,350031,Ribeirão Preto,3508,Ribeirão Preto,-21.23254841512984,-48.095055316994575,SEM DADOS,MÉDIO,264.311,8,sugarcane
3505708,0.0,0.0,0.0,0.0,0.0,0.0,0.0,2.2169,110.5595,0.0,0.0,0.0,3505708,316473.0,65.701,4816.867323176208,350001,São Paulo,3501,São Paulo,-23.50527915959849,-46.87724966045955,SEM DADOS,MÉDIO,112.7764,2,rsu_organic
3505807,0.0001,26.4214,0.0938,0.0,0.6385,0.066,187.6915,0.1506,7.512,0.0,30.0379,0.1137,3505807,21503.0,170.912,125.813284029208,350016,Tupã,3504,Marília,-21.950218007073584,-50.743997312858056,BAIXO,MÉDIO,252.72549999999998,10,poultry
3505906,0.0,29.6219,0.3188,14.7426,27.3048,0.0,16.4505,0.4091,20.4027,29.5747,1080.1937,18.943,3505906,58402.0,849.526,68.7465716175844,350031,Ribeirão Preto,3508,Ribeirão Preto,-20.867798948156725,-47.57477372797823,SEM DADOS,MUITO ALTO,1237.9618,10,sugarcane
3506003,0.0,55.9099,7.1282,0.0,4.2007,100.4976,4.1724,2.656,132.4542,6.4875,30.0048,28.7934,3506003,379146.0,667.684,567.8524571503885,350009,Bauru,3503,Bauru,-22.253991891822903,-49.12613467516548,MÉDIO,MÉDIO,372.30469999999997,10,rsu_organic
3506102,0.0,17.1672,48.0806,0.0,9.0176,0.0495,4.2323,0.535,26.6808,24.5739,1009.624,4.1675,3506102,76373.0,683.192,111.78848698462511,350032,Barretos,3508,Ribeirão Preto,-20.940451120864008,-48.51074879733595,BAIXO,MUITO ALTO,1144.1284,10,sugarcane
3506201,0.0,18.6712,0.0,0.0,1.0502,0.0,0.0464,0.0183,0.9104,6.893,326.8415,1.1366,3506201,2606.0,301.687,8.638091797127487,350022,Araçatuba,3506,Araçatuba,-21.33175515709885,-50.86196145592276,MÉDIO,MÉDIO,355.56759999999997,8,sugarcane
3506300,0.0,10.2559,0.0,0.2782,49.4007,21.2965,0.0523,0.0813,4.0549,45.0514,105.7139,6.0618,3506300,11607.0,244.158,47.538888752365274,350015,Ourinhos,3504,Marília,-23.03076953707873,-49.49189825933068,SEM DADOS,MÉDIO,242.2469,10,sugarcane
3506359,0.0,0.0,0.0,0.0,0.0,0.0,0.0,0.4496,22.424,0.0,0.0,0.0,3506359,64188.0,491.546,130.58391279758152,350002,Santos,3501,São Paulo,-23.75976459158061,-46.030021617537976,SEM DADOS,BAIXO,22.8736,2,rsu_organic
3506409,0.0,17.9805,0.0,0.5192,0.0,0.0,0.0,0.0513,2.5569,12.0658,112.4616,0.7653,3506409,7319.0,158.025,46.31545641512419,350023,Birigui - Penápolis,3506,Araçatuba,-21.427789763215273,-50.47926665502199,BAIXO,MÉDIO,146.4006,7,sugarcane
3506508,0.0,57.0611,0.0,0.2813,11.9301,0.0,0.7964,0.8335,41.5652,107.0441,291.8379,3.3643,3506508,118979.0,530.031,224.4755495433286,350023,Birigui - Penápolis,3506,Araçatuba,-21.261606266305716,-50.350972578086946,SEM DADOS,ALTO,514.7139,9,sugarcane
3506607,0.0,0.9856,0.0,0.0,0.0,2.0853,4.2745,0.2079,10.3697,0.0,0.0,0.3031,3506607,29683.0,317.406,93.517450835838,350001,São Paulo,3501,São Paulo,-23.62416535088103,-46.0213227899965,SEM DADOS,BAIXO,18.2261,6,rsu_organic
3506706,0.0,17.4459,40.6327,0.0402,2.9741,29.8352,3.4696,0.0909,4.5338,17.2509,757.71,1.8185,3506706,12978.0,690.748,18.788328015426753,350036,Araraquara,3509,Araraquara,-21.935011567457096,-48.46359198752682,MÉDIO,ALTO,875.8018000000001,11,sugarcane
3506805,0.0002,17.6923,1.0335,0.136,2.2684,0.0,0.981,0.0789,3.9333,2.1183,320.5156,1.2124,3506805,11259.0,363.926,30.937608195072627,350010,Jaú,3503,Bauru,-22.105430307066303,-48.52905087698636,SEM DADOS,MÉDIO,349.9699,11,sugarcane
3506904,0.0,48.5395,18.7536,0.1391,4.2007,38.2755,13.4595,0.0733,3.6542,0.9215,0.97,0.0,3506904,10460.0,653.541,16.00511674095428,350011,Botucatu,3503,Bauru,-23.12896964364173,-48.28587147614714,SEM DADOS,MÉDIO,128.9869,10,cattle
3507001,0.0,19.5235,0.0,0.1607,7.5613,0.9186,8.973,0.4279,21.3386,7.7408,154.6347,46.2209,3507001,61081.0,248.954,245.35054668733983,350003,Sorocaba,3502,Sorocaba,-23.287583959989455,-47.67496124971295,SEM DADOS,MÉDIO,267.5,10,sugarcane
3507100,0.0,3.2315,0.0,0.0,0.6469,4.5224,0.0135,0.1542,7.6878,0.0,0.0,0.0,3507100,22006.0,108.366,203.07107395308492,350041,Bragança Paulista,3510,Campinas,-23.172519992419748,-46.47897886577842,SEM DADOS,BAIXO,16.2563,6,rsu_organic
3507159,0.0,1.2791,0.0073,0.0,2.6045,27.2443,0.0299,0.0249,1.2419,0.0,0.0,0.2652,3507159,3555.0,133.578,26.613663926694514,350004,Itapeva,3502,Sorocaba,-24.315936152472705,-49.16457958899071,SEM DADOS,BAIXO,32.6971,8,forestry
3507209,0.0,8.0787,0.0,0.0,0.0,0.0518,0.0054,0.0064,0.3169,0.0,99.1715,0.1894,3507209,907.0,118.951,7.624988440618407,350014,Assis,3504,Marília,-22.244216994185525,-50.50212705702765,BAIXO,MÉDIO,107.8201,7,sugarcane
3507308,0.0001,3.4873,0.0,0.1854,0.9074,0.0,7.8439,0.033,1.6472,7.8882,135.2351,0.3334,3507308,4715.0,122.11,38.612726230447954,350010,Jaú,3503,Bauru,-22.170147353883063,-48.78833118193747,MÉDIO,MÉDIO,157.56099999999998,10,sugarcane
3507407,0.0,17.3692,9.3768,0.1669,5.0409,0.1382,4.6734,0.0997,4.9698,7.9251,742.4153,4.5463,3507407,14226.0,552.256,25.759792559972187,350036,Araraquara,3509,Araraquara,-21.61077696710439,-49.07199112772394,BAIXO,ALTO,796.7216,11,sugarcane
3507456,0.0,4.4312,9.7814,0.0,0.941,83.2246,0.0254,0.019,0.9478,4.3422,94.7039,1.8943,3507456,2713.0,347.989,7.7962234438444895,350009,Bauru,3503,Bauru,-22.68066749427653,-48.99231978240258,MÉDIO,MÉDIO,200.3108,10,sugarcane
3507506,0.0,48.2836,105.4367,1.9626,89.3356,270.8724,108.2742,1.0168,50.7097,16.5874,449.8464,8.3349,3507506,145155.0,1482.642,97.90293273763997,350011,Botucatu,3503,Bauru,-22.863442195558434,-48.46832192899482,MÉDIO,MUITO ALTO,1150.6603,11,sugarcane
3507605,0.0006,39.047,0.1563,1.8544,33.6059,56.7497,11.291,1.2386,61.7687,12.287,1.1246,53.0404,3507605,176811.0,512.584,344.9405365754686,350041,Bragança Paulista,3510,Campinas,-22.93835378877669,-46.55594757005952,SEM DADOS,MÉDIO,272.1642,12,rsu_organic
3507704,0.0,13.7109,0.0,0.2596,0.8317,0.9422,0.0337,0.0375,1.8711,5.308,176.8346,2.1216,3507704,5356.0,195.176,27.441898594089437,350023,Birigui - Penápolis,3506,Araçatuba,-21.553107017208553,-50.33939249339483,BAIXO,MÉDIO,201.95090000000002,10,sugarcane
3507753,0.0,6.7511,0.0,0.0,1.0922,2.3554,0.0,0.018,0.8961,20.5684,74.0841,0.5683,3507753,2565.0,105.689,24.269318472121036,350023,Birigui - Penápolis,3506,Araçatuba,-21.176553748802398,-50.209780595678964,MÉDIO,MÉDIO,106.3336,8,sugarcane
3507803,0.0,18.8503,0.1961,6.098,5.489,0.0,13.4595,0.1765,8.8039,2.9808,281.0351,3.0309,3507803,25201.0,278.458,90.50197875442615,350031,Ribeirão Preto,3508,Ribeirão Preto,-21.049535093303323,-47.62777221327206,SEM DADOS,MÉDIO,340.1201,10,sugarcane
3507902,0.0004,32.9287,35.5276,2.6425,10.0818,109.2698,10.473,0.1674,8.3487,35.0842,555.7009,125.0238,3507902,23898.0,1101.373,21.698371033246683,350010,Jaú,3503,Bauru,-22.27329070026294,-48.081225406332216,MÉDIO,ALTO,925.2488000000001,12,sugarcane
3508009,0.0,27.5631,60.0114,0.0,235.6641,103.5589,2.2433,0.1419,7.0743,380.7978,0.0,1.1366,3508009,20250.0,1196.463,16.924886101785013,350004,Itapeva,3502,Sorocaba,-23.752029645195602,-48.575311319017814,SEM DADOS,ALTO,818.1914,9,soybean
3508108,0.0002,37.9564,0.0,0.0,2.2348,0.0,0.0,0.1206,6.0123,4.7329,205.2143,0.0,3508108,17210.0,326.921,52.64268737707275,350023,Birigui - Penápolis,3506,Araçatuba,-21.04911355485293,-50.200220901773065,BAIXO,MÉDIO,256.2715,7,sugarcane
3508207,0.0,14.9483,0.0,3.5759,4.3548,0.0,2.178,0.0305,1.5218,12.9726,240.0071,2.114,3508207,4356.0,266.42,16.35012386457473,350035,Ituverava,3508,Ribeirão Preto,-20.20931774005688,-47.692934174283394,SEM DADOS,MÉDIO,281.70300000000003,9,sugarcane
3508306,0.0,17.4365,7.0597,0.2627,0.0,62.4341,7.4223,0.0301,1.5019,0.5898,4.5406,1.1745,3508306,4299.0,239.974,17.9144407310792,350009,Bauru,3503,Bauru,-22.489451244759163,-49.372990651332074,SEM DADOS,MÉDIO,102.45219999999999,10,forestry
3508405,0.0,9.8291,0.0,0.0433,2.7725,0.5496,44.2399,0.3293,16.4232,0.6635,0.1054,0.0568,3508405,47011.0,260.234,180.64895440257615,350039,Jundiaí,3510,Campinas,-23.301306221694485,-47.080205828197705,SEM DADOS,BAIXO,75.0126,10,poultry
3508504,0.0,33.6612,0.0,0.0,0.0,2.905,0.0,0.6739,33.6081,0.7667,50.6077,0.0,3508504,96202.0,368.99,260.7170926041356,350049,São José dos Campos,3511,São José dos Campos,-23.103727576357517,-45.713307375480554,BAIXO,MÉDIO,122.2226,6,sugarcane
3508603,0.0,39.3365,0.0,0.0,0.6497,3.4782,0.0371,0.2211,11.0268,0.0,1.6869,1.2881,3508603,31564.0,287.99,109.60102781346575,350053,Cruzeiro,3511,São José dos Campos,-22.70237624434326,-44.991669926781114,ALTO,BAIXO,57.7244,9,cattle
3508702,0.0262,41.0667,0.0,41.7244,4.1447,1.3347,0.7478,0.1198,5.9742,7.6671,3.2417,3.7886,3508702,17101.0,468.214,36.5238971923095,350047,São José do Rio Pardo - Mococa,3510,Campinas,-21.539514461071178,-46.617038225157415,SEM DADOS,MÉDIO,109.8359,11,coffee
3508801,0.0,50.6494,14.1485,1.2765,5.6794,63.2821,0.5249,0.1167,5.8181,16.4547,678.2154,9.5359,3508801,16654.0,920.28,18.096666232016343,350012,Lins,3503,Bauru,-21.731145814978547,-49.548684420789264,SEM DADOS,ALTO,845.7016,11,sugarcane
3508900,0.0,30.1766,0.0,0.0,6.2731,0.0,0.1159,0.026,1.2968,0.0,125.077,1.0987,3508900,3712.0,253.352,14.651551990905933,350018,Presidente Prudente,3505,Presidente Prudente,-21.949764220284326,-51.22388871962759,MÉDIO,MÉDIO,164.0641,7,sugarcane
3509007,0.0,0.0175,0.0,0.0062,0.0,20.7276,0.0,0.6657,33.1993,0.0,0.0006,0.0341,3509007,95032.0,97.642,973.2696995145532,350001,São Paulo,3501,São Paulo,-23.37593180857558,-46.74522650253992,ALTO,BAIXO,54.651,7,rsu_organic
3509106,0.0,92.9696,0.0104,0.0,1.6803,2.2612,0.178,0.0383,1.9095,1.2287,35.9877,5.6071,3509106,5466.0,551.159,9.917283397349948,350021,Presidente Epitácio-Presidente Venceslau,3505,Presidente Prudente,-21.80145656425833,-51.98663846243034,MÉDIO,MÉDIO,141.87079999999997,11,cattle
3509205,0.0,0.1858,0.0,0.0,0.0,0.7851,0.0201,0.6493,32.3808,0.0,0.0,0.3637,3509205,92689.0,131.386,705.4709025314721,350001,São Paulo,3501,São Paulo,-23.351431717354604,-46.87203499010904,SEM DADOS,BAIXO,34.3848,6,rsu_organic
3509254,0.0001,8.348,0.0,0.0,0.8457,0.2355,0.0,0.1998,9.9617,0.0,0.0169,3.7886,3509254,28515.0,454.436,62.74810974482656,350005,Registro,3502,Sorocaba,-24.77204177188439,-48.195015227200784,BAIXO,BAIXO,23.396300000000004,8,rsu_organic
3509304,0.0,4.3086,22.6141,0.0,0.6217,0.0063,0.0329,0.064,3.1906,2.708,220.8184,1.5533,3509304,9133.0,176.929,51.61957621418761,350032,Barretos,3508,Ribeirão Preto,-20.87367604642384,-48.83876505123303,SEM DADOS,MÉDIO,255.9179,10,sugarcane
3509403,0.0023,36.3541,1.0112,9.643,6.4355,0.0,2.2433,0.1669,8.325,4.9541,517.3234,5.6829,3509403,23830.0,660.088,36.101247106446415,350031,Ribeirão Preto,3508,Ribeirão Preto,-21.275957980191617,-47.31029385278858,SEM DADOS,ALTO,592.1417,11,sugarcane
3509452,0.0001,6.1371,4.157,0.0,116.6684,28.9786,8.7162,0.0417,2.08,46.4448,0.0,1.2124,3509452,5954.0,184.479,32.27467625041332,350006,Itapetininga,3502,Sorocaba,-23.606825274693513,-48.442034607666635,SEM DADOS,MÉDIO,214.43630000000002,10,corn
3509502,0.0,39.047,0.0577,2.3551,4.7048,33.1956,3.7388,7.9792,397.9247,5.0819,28.3336,3.5992,3509502,1139047.0,794.571,1433.5370910843712,350038,Campinas,3510,Campinas,-22.883760077966766,-47.04379960562908,MÉDIO,ALTO,526.0176,11,rsu_organic
3509601,0.0,0.3487,0.0,0.0,0.0,0.0,0.0153,0.5438,27.1206,0.0,0.0,0.2273,3509601,77632.0,79.403,977.6960568240494,350039,Jundiaí,3510,Campinas,-23.21791797735199,-46.76005648382966,BAIXO,BAIXO,28.2557,5,rsu_organic
3509700,0.0,0.8052,0.0,0.0,0.0,0.0,0.0062,0.3291,16.4103,0.0,0.0,0.0,3509700,46974.0,289.981,161.9899234777451,350050,Taubaté - Pindamonhangaba,3511,São José dos Campos,-22.701628023156722,-45.533069047114324,SEM DADOS,BAIXO,17.5508,4,rsu_organic
3509809,0.0001,16.4267,4.5842,0.1113,137.7841,19.2359,0.0793,0.0342,1.7076,110.5827,168.6924,3.7128,3509809,4888.0,484.199,10.095022914132413,350013,Marília,3504,Marília,-22.610867496448925,-50.010281929606094,MÉDIO,MÉDIO,462.9513,12,sugarcane
3509908,0.0005,1.0502,0.0,0.0062,0.0308,0.0,0.0299,0.0861,4.2931,0.0,0.0141,0.3789,3509908,12289.0,1237.354,9.931676787726067,350005,Registro,3502,Sorocaba,-25.018446389792132,-48.008566503773544,BAIXO,BAIXO,5.8898,9,rsu_organic
3509957,0.0,5.2202,0.0,0.0,0.0,0.0,0.0135,0.0345,1.7226,0.0,0.0,0.1705,3509957,4931.0,53.261,92.58181408535326,350052,Guaratinguetá,3511,São José dos Campos,-22.730070281381632,-45.04135635657696,SEM DADOS,BAIXO,7.1613,5,cattle
3510005,0.0166,6.463,0.0,0.0773,368.5725,0.5103,2.991,0.2063,10.288,259.4861,541.2496,11.3658,3510005,29449.0,595.811,49.42674774383151,350014,Assis,3504,Marília,-22.808684620694482,-50.42167474918415,SEM DADOS,MUITO ALTO,1201.2265,11,sugarcane
3510104,0.0,0.7217,0.4845,0.0,1.7475,0.2355,1.4218,0.0202,1.0093,2.4771,46.4748,1.8564,3510104,2889.0,70.892,40.75213000056424,350036,Araraquara,3509,Araraquara,-21.34283279993379,-48.628624007424925,MÉDIO,BAIXO,56.4488,10,sugarcane
3510153,0.0,1.885,0.0,0.0,15.1226,0.0,0.015,0.044,2.195,14.3512,58.48,0.2652,3510153,6283.0,57.459,109.34753476391862,350015,Ourinhos,3504,Marília,-23.018727031436406,-49.79187450428471,SEM DADOS,BAIXO,92.35799999999999,8,sugarcane
3510203,0.0,28.6322,21.254,0.0,205.8501,234.894,1.4955,0.3246,16.1878,320.69,0.0,20.9775,3510203,46337.0,1640.229,28.250323582865562,350004,Itapeva,3502,Sorocaba,-24.039201549842417,-48.28984088913948,SEM DADOS,ALTO,850.3057,9,soybean
3510302,0.0,12.6566,13.0925,0.0,15.5847,0.0,15.7028,0.1602,7.9882,9.8296,12.6519,121.2352,3510302,22866.0,169.89,134.592971923009,350003,Sorocaba,3502,Sorocaba,-23.467387857399608,-47.73098869032683,BAIXO,MÉDIO,208.9017,9,swine
3510401,0.0,7.0379,0.0,0.0,1.5683,0.0,14.8219,0.3507,17.4912,1.4744,419.105,154.196,3510401,50068.0,322.878,155.06785844808257,350040,Piracicaba,3510,Campinas,-22.980729489774404,-47.478018797974336,SEM DADOS,ALTO,616.0454000000001,8,sugarcane
3510500,0.0,9.992,0.0,0.0,0.0,0.0,0.0,0.9448,47.1177,0.0,0.0,0.0833,3510500,134873.0,484.947,278.1190521850841,350051,Caraguatatuba - Ubatuba - São Sebastião,3511,São José dos Campos,-23.639657616608606,-45.48810339092269,MÉDIO,BAIXO,58.1378,4,rsu_organic
3510609,0.0,0.0,0.0,0.0,0.0,0.0,0.0,2.7109,135.1924,0.0,0.0,0.0,3510609,386984.0,34.546,11201.991547501882,350001,São Paulo,3501,São Paulo,-23.550040639584136,-46.84192849442541,SEM DADOS,MÉDIO,137.9033,2,rsu_organic
3510708,0.0,68.5935,4.8884,0.0,11.2804,0.0,3.7388,0.0795,3.9634,20.2735,353.0732,0.2273,3510708,11345.0,639.248,17.74741571346332,350027,Votuporanga,3507,São José do Rio Preto,-20.067192891815807,-49.94758952903297,BAIXO,MÉDIO,466.118,9,sugarcane
3510807,0.0,20.4526,126.0657,0.4451,238.0417,26.0666,12.7118,0.1967,9.8108,129.0132,447.0349,9.4715,3510807,28083.0,864.225,32.49500998003992,350044,São João da Boa Vista,3510,Campinas,-21.800547591919024,-47.088127158425934,MÉDIO,MUITO ALTO,1019.3106,11,sugarcane
3510906,0.0,20.1967,2.6047,12.5173,0.6301,0.0,14.955,0.0196,0.9778,4.4233,59.0423,5.6829,3510906,2799.0,191.683,14.602233896589683,350031,Ribeirão Preto,3508,Ribeirão Preto,-21.263279011655744,-47.14409073650122,SEM DADOS,MÉDIO,121.04969999999999,10,sugarcane
3511003,0.0,83.5512,0.0,0.0,7.5613,0.0,0.1645,0.1399,6.9789,14.1546,708.5081,2.2732,3511003,19977.0,1065.318,18.75214724617438,350024,Andradina,3506,Araçatuba,-20.89761044524839,-51.570251859882205,BAIXO,ALTO,823.3317000000001,8,sugarcane
3511102,0.0,4.3356,1.1223,0.0,0.168,0.424,0.0927,0.8111,40.4514,3.5386,390.2614,0.9472,3511102,115791.0,290.596,398.46040551143165,350026,Catanduva,3507,São José do Rio Preto,-21.133764242293775,-48.963688357888174,ALTO,MÉDIO,442.15229999999997,10,sugarcane
3511201,0.0,1.3734,0.0,0.0,3.3606,0.0,0.5683,0.0491,2.4465,2.9489,179.2357,0.4054,3511201,7003.0,148.393,47.19225300384789,350026,Catanduva,3507,São José do Rio Preto,-21.06284358036336,-49.052801140877605,SEM DADOS,MÉDIO,190.38790000000003,8,sugarcane
3511300,0.0,19.0751,0.6099,0.0185,1.2938,0.0094,11.8145,0.0884,4.4081,9.5838,170.8011,3.7431,3511300,12618.0,197.838,63.77945591847876,350025,São José do Rio Preto,3507,São José do Rio Preto,-20.913887288733637,-49.26390574644819,SEM DADOS,MÉDIO,221.4457,11,sugarcane
3511409,0.0001,25.0426,18.7188,0.8129,148.8461,13.6388,0.0957,0.1504,7.5002,113.8388,198.6831,357.246,3511409,21469.0,511.621,41.96270286012498,350007,Avaré,3502,Sorocaba,-23.059341991088395,-49.14382030824467,SEM DADOS,ALTO,884.5735,12,swine
3511508,0.0,12.522,0.0,0.0,3.0245,0.1131,74.775,0.3131,15.6141,3.7156,119.4905,0.072,3511508,44695.0,127.803,349.71792524432135,350003,Sorocaba,3502,Sorocaba,-23.187123398035684,-47.75713328560421,SEM DADOS,MÉDIO,229.63989999999998,9,sugarcane
3511607,0.0,14.0031,1.9685,0.0,10.9219,1.7587,29.91,0.1334,6.6544,12.7391,296.8986,0.5228,3511607,19048.0,190.392,100.04622042942981,350008,Tatuí,3502,Sorocaba,-23.216511003611814,-47.90389784717539,MÉDIO,MÉDIO,375.5105,10,sugarcane
3511706,0.0,9.9772,0.0,0.0,2.5344,0.0,4.2726,0.1088,5.4271,0.0,173.6902,1.129,3511706,15535.0,175.846,88.34434675795866,350040,Piracicaba,3510,Campinas,-22.53017581113978,-47.746196641051746,MÉDIO,MÉDIO,197.13930000000002,7,sugarcane
3511904,0.0,23.785,0.0,0.1391,0.5881,1.8058,0.0081,0.0489,2.4392,2.1379,124.54,1.2086,3511904,6982.0,168.59,41.414081499495815,350023,Birigui - Penápolis,3506,Araçatuba,-21.570329178961995,-50.46006991007857,BAIXO,MÉDIO,156.7007,10,sugarcane
3512001,0.0,19.7753,5.1724,0.0,15.6799,0.0,3.9855,0.1295,6.4581,12.1518,571.8085,59.2537,3512001,18486.0,422.303,43.774256872435195,350032,Barretos,3508,Ribeirão Preto,-20.74616860859011,-48.5888647427917,BAIXO,ALTO,694.4146999999999,9,sugarcane
3512100,0.0,17.8903,73.724,0.0124,16.2372,0.0,0.019,0.0464,2.3158,26.3457,798.9272,0.6895,3512100,6629.0,728.648,9.097671303564958,350032,Barretos,3508,Ribeirão Preto,-20.26687370997197,-48.72174395453264,SEM DADOS,ALTO,936.2075,10,sugarcane
3512209,0.0038,2.6592,20.9263,0.0,17.6851,0.0,5.0727,0.1969,9.8171,35.4602,69.3045,13.2601,3512209,28101.0,182.793,153.73126979698347,350045,Araras,3510,Campinas,-22.36931507740608,-47.141134443099986,MÉDIO,MÉDIO,174.38590000000002,10,sugarcane
3512308,0.0,90.1851,6.8763,0.0,3.8927,6.2811,74.775,0.1067,5.3213,2.4205,69.445,7.3499,3512308,15232.0,466.12,32.678280271174806,350011,Botucatu,3503,Bauru,-22.965633023587987,-48.04710390482951,BAIXO,MÉDIO,266.6536,10,cattle
3512407,0.0,1.0341,0.031,0.1545,6.0827,0.0,1.8857,0.1717,8.5639,6.893,283.0237,12.8812,3512407,24514.0,137.579,178.18126312882052,350042,Limeira,3510,Campinas,-22.479552673858763,-47.41467348615369,MÉDIO,MÉDIO,320.72150000000005,10,sugarcane
3512506,0.0,15.4842,0.0,0.0155,4.4752,0.0,0.0,0.0378,1.8865,28.7515,261.4732,0.0,3512506,5400.0,246.825,21.87784867821331,350023,Birigui - Penápolis,3506,Araçatuba,-21.375606232931442,-50.30340340829922,SEM DADOS,MÉDIO,312.12390000000005,7,sugarcane
3512605,0.0004,20.0621,1.5349,1.6443,39.3469,32.1906,0.0523,0.03,1.4952,101.5272,0.0,82.5915,3512605,4280.0,303.83,14.086824869170261,350007,Avaré,3502,Sorocaba,-23.630119994666018,-49.306862454950924,MÉDIO,MÉDIO,280.4754,11,soybean
3512704,0.0001,24.0341,0.6251,0.1422,0.3501,1.1384,16.0779,0.0294,1.4655,2.8088,86.5954,1.0532,3512704,4195.0,278.622,15.05624107213357,350046,Rio Claro,3510,Campinas,-22.23640508424062,-47.61107634988899,MÉDIO,MÉDIO,134.3202,12,sugarcane
3512803,0.0011,2.1543,0.5905,0.0,9.5161,0.0,0.0165,0.4187,20.8816,0.9166,135.1704,1.254,3512803,59773.0,154.665,386.4675265897262,350038,Campinas,3510,Campinas,-22.651638998827234,-47.186363604378485,SEM DADOS,MÉDIO,170.9198,10,sugarcane
3512902,0.0003,38.021,11.1584,0.0927,2.1844,4.3968,5.3838,0.0611,3.046,2.654,382.3694,1.9322,3512902,8719.0,441.68,19.740536134758194,350027,Votuporanga,3507,São José do Rio Preto,-20.44252896211692,-49.77462180945208,BAIXO,MÉDIO,451.3001,12,sugarcane
3513009,0.0,0.0,0.0,0.0,0.0,0.0,0.0,1.9223,95.8659,0.0,0.0,0.0,3513009,274413.0,323.994,846.9693883220059,350001,São Paulo,3501,São Paulo,-23.67515440059829,-46.960512331155044,SEM DADOS,BAIXO,97.78819999999999,2,rsu_organic
3513108,0.0,6.7322,0.3459,0.4389,4.4528,0.0,0.5982,0.2331,11.6267,0.0,434.7709,0.1515,3513108,33281.0,311.423,106.86750818019222,350031,Ribeirão Preto,3508,Ribeirão Preto,-21.339654217896832,-47.74457742728897,SEM DADOS,MÉDIO,459.3502,9,sugarcane
3513207,0.0,29.2179,3.0995,34.7704,16.6349,3.9257,2.1984,0.065,3.2392,6.1926,119.2093,2.4626,3513207,9272.0,385.23,24.06873815642603,350033,Franca,3508,Ribeirão Preto,-20.371322675058252,-47.400909200393215,SEM DADOS,MÉDIO,221.0155,11,sugarcane
3513306,0.0,1.1445,0.0,0.0,122.5047,0.0345,0.0129,0.0148,0.7364,58.7563,77.1009,0.6062,3513306,2108.0,149.33,14.116386526484964,350014,Assis,3504,Marília,-22.737984017461642,-50.76906059450369,MÉDIO,MÉDIO,260.9112,9,corn
3513405,0.0,24.0004,0.0525,0.0,0.7673,0.0,0.0123,0.5251,26.1875,0.0,0.4569,0.985,3513405,74961.0,305.699,245.21179329994536,350053,Cruzeiro,3511,São José dos Campos,-22.5514306456769,-45.00630099800883,MÉDIO,BAIXO,52.986999999999995,8,rsu_organic
3513504,0.0,0.0,0.0,0.0,0.0,0.0,0.0,0.7879,39.2934,0.0,0.0,0.0,3513504,112476.0,142.879,787.2115566318354,350002,Santos,3501,São Paulo,-23.865903855060353,-46.408196037449144,BAIXO,BAIXO,40.0813,2,rsu_organic
3513603,0.0,174.6451,0.0,0.0155,8.0654,0.0,0.3926,0.1549,7.7241,0.0,0.0,16.1016,3513603,22110.0,1407.25,15.711494048676498,350052,Guaratinguetá,3511,São José dos Campos,-23.052873445856715,-44.94213819224959,SEM DADOS,MÉDIO,207.0992,7,cattle
3513702,0.0017,34.9403,25.5161,1.2363,14.9546,0.0,31.7046,0.2225,11.0939,8.8466,674.7696,32.2031,3513702,31756.0,753.706,42.13313944694615,350037,São Carlos,3509,Araraquara,-21.8812140773936,-47.65459942340082,SEM DADOS,ALTO,835.4893,11,sugarcane
3513801,0.0,0.0,0.0,0.0,0.0,0.0,0.0,2.7547,137.3769,0.0,0.0,0.0,3513801,393237.0,30.732,12795.685279187817,350001,São Paulo,3501,São Paulo,-23.69721427844999,-46.61142844222316,MÉDIO,MÉDIO,140.13160000000002,2,rsu_organic
3513850,0.0,14.8379,0.1588,0.0,0.2632,0.5794,0.0331,0.0113,0.5659,0.0,45.2658,1.8943,3513850,1620.0,88.133,18.381310065469236,350028,Jales,3507,São José do Rio Preto,-20.448452264989367,-50.628125520039255,MÉDIO,BAIXO,63.6097,9,sugarcane
3513900,0.0,31.2376,0.0,29.2071,2.3524,2.3554,0.7926,0.0782,3.898,0.0,0.0,2.2732,3513900,11158.0,223.749,49.86837930001922,350047,São José do Rio Pardo - Mococa,3510,Campinas,-21.661679039549398,-46.697408172619035,SEM DADOS,BAIXO,72.1945,8,cattle
3514007,0.0,0.9896,0.0,0.0,0.5713,0.0,0.012,0.0614,3.0599,1.3688,248.7369,0.7615,3514007,8759.0,149.729,58.49902156562857,350036,Araraquara,3509,Araraquara,-21.51612300274148,-48.35732372102879,SEM DADOS,MÉDIO,255.5614,8,sugarcane
3514106,0.0,19.6985,0.2384,14.7179,4.5368,0.0,13.0769,0.1717,8.5625,10.063,650.028,1.1366,3514106,24510.0,632.972,38.72209197247272,350010,Jaú,3503,Bauru,-22.395907825706757,-48.34050112708111,BAIXO,ALTO,722.2303,10,sugarcane
3514205,0.0,7.2439,2.3546,0.0,0.0504,0.2826,0.0172,0.0155,0.771,0.0,75.9116,0.6441,3514205,2207.0,77.939,28.317017154441295,350028,Jales,3507,São José do Rio Preto,-20.117241491057968,-50.528284732027544,SEM DADOS,BAIXO,87.29090000000001,9,sugarcane
3514304,0.0,15.2149,0.6772,0.4543,13.6216,2.8265,6.655,0.0567,2.8283,1.8897,123.7078,0.341,3514304,8096.0,205.874,39.325024043832634,350037,São Carlos,3509,Araraquara,-22.117293670441985,-48.3335254959953,SEM DADOS,MÉDIO,168.273,11,sugarcane
3514403,0.0,36.3541,0.0,0.1669,3.1506,1.0544,0.0823,0.3186,15.8863,3.6861,294.6494,3.2203,3514403,45474.0,487.688,93.24404127228884,350020,Dracena,3505,Presidente Prudente,-21.5567119199212,-51.5840485459444,BAIXO,MÉDIO,358.569,10,sugarcane
3514502,0.0,31.6415,9.6268,3.4307,0.252,67.9929,1.6899,0.0864,4.3068,0.2654,0.0,0.5683,3514502,12328.0,264.557,46.598653598279384,350009,Bauru,3503,Bauru,-22.393287312442247,-49.41337334330429,SEM DADOS,MÉDIO,119.86070000000001,10,forestry
3514601,0.0,0.447,0.0,0.0,1.0222,0.0,0.0167,0.0663,3.3087,2.654,205.882,0.0909,3514601,9471.0,111.376,85.03627352391898,350031,Ribeirão Preto,3508,Ribeirão Preto,-21.24709065702513,-47.97980925508631,SEM DADOS,MÉDIO,213.4878,8,sugarcane
3514700,0.0,48.4721,1.3688,0.2596,36.1263,1.2719,0.1421,0.0435,2.1677,22.1165,54.825,1.1934,3514700,6205.0,515.258,12.04251074219129,350013,Marília,3504,Marília,-22.44823240205582,-50.2006207670947,SEM DADOS,MÉDIO,167.9869,11,sugarcane
3514809,0.0011,14.8917,0.0038,0.0,0.3165,0.8165,0.0748,0.0916,4.5656,0.0,0.0,0.1894,3514809,13069.0,1654.256,7.900228259713128,350005,Registro,3502,Sorocaba,-24.495016356507946,-48.23362503602807,BAIXO,BAIXO,20.951,9,cattle
3514908,0.0,16.8306,0.0,0.0,13.4424,0.0,3.0658,0.124,6.1831,4.4233,157.4462,114.0369,3514908,17699.0,202.36,87.46293733939513,350038,Campinas,3510,Campinas,-23.07064017931661,-47.37065547504054,SEM DADOS,MÉDIO,315.5523,8,sugarcane
3514924,0.0,2.0466,0.0,0.0,0.0,0.0,0.0232,0.022,1.0963,0.0,152.5812,0.8335,3514924,3138.0,93.98,33.390082996382205,350026,Catanduva,3507,São José do Rio Preto,-21.1612950358386,-49.092081542903095,SEM DADOS,MÉDIO,156.6028,6,sugarcane
3514957,0.0002,1.1445,1.7776,0.0,0.1176,0.0471,0.0262,0.0163,0.8115,0.1474,136.7533,0.3789,3514957,2323.0,83.129,27.94451996294915,350026,Catanduva,3507,São José do Rio Preto,-20.952888461565124,-48.847540750343946,SEM DADOS,MÉDIO,141.2206,11,sugarcane
3515004,0.0,0.0,0.0,0.0,0.0,0.0,0.0,1.7561,87.5786,0.0,0.0,0.0,3515004,250691.0,70.398,3561.052870820194,350001,São Paulo,3501,São Paulo,-23.65133321650924,-46.85151213704972,MÉDIO,BAIXO,89.3347,2,rsu_organic
3515103,0.0,0.0,0.0,0.0,0.0,0.0,0.0,0.4691,23.3959,0.0,0.0,0.0,3515103,66970.0,155.641,430.2850791243953,350001,São Paulo,3501,São Paulo,-23.854301172827437,-46.8306525985278,SEM DADOS,BAIXO,23.865000000000002,2,rsu_organic
3515129,0.0,35.1423,0.0,0.0,6.3291,0.1649,0.1033,0.0211,1.0529,8.7483,113.1861,0.7009,3515129,3014.0,225.167,13.38562045059889,350018,Presidente Prudente,3505,Presidente Prudente,-21.80097461291732,-51.47215592753718,BAIXO,MÉDIO,165.4489,9,sugarcane
3515152,0.0,5.4868,5.7386,0.0,29.2427,0.0,0.7089,0.1371,6.8354,5.1826,63.2597,1.4094,3515152,19566.0,109.941,177.96818293448302,350042,Limeira,3510,Campinas,-22.48709265543972,-47.174792424121044,SEM DADOS,MÉDIO,118.0012,9,sugarcane
3515186,0.0051,22.2164,3.0673,34.5386,16.8029,26.2236,19.1424,0.2789,13.9097,0.3686,40.0644,1.5912,3515186,39816.0,389.235,102.29295926625304,350044,São João da Boa Vista,3510,Campinas,-22.192488199459408,-46.79331841663354,SEM DADOS,MÉDIO,178.2091,12,sugarcane
3515194,0.0,20.466,27.0051,0.0,7.5865,16.0168,0.0538,0.0291,1.4522,21.3302,56.2308,1.8943,3515194,4157.0,193.666,21.464789896006526,350015,Ourinhos,3504,Marília,-22.670893602133265,-49.432948250914656,BAIXO,MÉDIO,152.06480000000002,10,sugarcane
3515202,0.0,48.8667,9.9859,0.0216,2.6885,0.4397,0.4307,0.066,3.2898,0.5898,195.0084,2.7088,3515202,9417.0,296.281,31.784015849818246,350029,Fernandópolis,3507,São José do Rio Preto,-20.265742701679212,-50.411467923804295,SEM DADOS,MÉDIO,264.0959,11,sugarcane
3515301,0.0,16.4374,0.0,0.0,0.9718,0.6595,0.1309,0.0189,0.9443,0.6021,114.8005,1.4586,3515301,2703.0,264.987,10.200500401906508,350018,Presidente Prudente,3505,Presidente Prudente,-22.48561123806168,-51.6690729844075,MÉDIO,MÉDIO,136.024,9,sugarcane
3515350,0.0,75.0591,0.0,0.0,8.3147,0.8479,0.1795,0.0555,2.7682,6.1435,80.5017,4.0727,3515350,7924.0,573.894,13.807427852530259,350018,Presidente Prudente,3505,Presidente Prudente,-22.51896735564069,-52.5886045519596,SEM DADOS,MÉDIO,177.9428,9,sugarcane
3515400,0.0429,57.0369,0.0,13.9081,39.837,0.3707,0.0972,0.1166,5.8135,38.8047,33.4573,119.3409,3515400,16641.0,429.171,38.77475411898754,350017,Piraju,3504,Marília,-23.390174765528233,-49.51968701837661,MÉDIO,MÉDIO,308.8258,11,swine
3515509,0.0,57.667,6.1637,0.0093,8.0654,5.2761,0.1525,0.4987,24.8687,1.1795,382.3694,2.9551,3515509,71186.0,549.797,129.47687964830655,350029,Fernandópolis,3507,São José do Rio Preto,-20.271773836304643,-50.28301906356403,BAIXO,MÉDIO,489.20539999999994,11,sugarcane
3515608,0.0,4.1282,3.1243,0.0,0.4201,0.2355,4.2012,0.0416,2.0758,0.8257,215.0828,4.0083,3515608,5942.0,169.99,34.954997352785455,350026,Catanduva,3507,São José do Rio Preto,-21.310275228604272,-48.6956679130921,MÉDIO,MÉDIO,234.1435,10,sugarcane
3515657,0.0,7.9548,3.4532,1.7586,9.9978,8.0084,0.0,0.0116,0.5785,2.9489,0.016,0.125,3515657,1656.0,100.504,16.47695614104911,350013,Marília,3504,Marília,-22.365789432752983,-49.54236306085958,BAIXO,BAIXO,34.8528,10,corn
3515707,0.0,0.0889,0.0,0.0,0.0,0.0,0.0,1.2553,62.6026,0.0,0.0,0.0,3515707,179198.0,29.547,6064.8458388330455,350001,São Paulo,3501,São Paulo,-23.56103670538577,-46.3739257050365,SEM DADOS,BAIXO,63.9468,3,rsu_organic
3515806,0.0,28.639,0.0054,0.0,8.3987,0.0671,0.0087,0.0104,0.5195,3.5386,85.0645,0.3789,3515806,1487.0,224.711,6.617388556857474,350020,Dracena,3505,Presidente Prudente,-21.69844470918158,-51.37427585621313,BAIXO,MÉDIO,126.6308,10,sugarcane
3515905,0.0,24.9685,0.2261,0.0,3.8731,0.0,10.7676,0.0191,0.9548,1.0124,211.2872,2.2732,3515905,2733.0,204.236,13.381578174268984,350027,Votuporanga,3507,São José do Rio Preto,-20.66959197670389,-50.15481182938423,BAIXO,MÉDIO,255.38200000000003,9,sugarcane
3516002,0.0,64.4478,0.0,0.3709,7.5725,0.3808,1.5978,0.0908,4.5269,1.5801,356.2221,1.7806,3516002,12958.0,524.138,24.7224967470399,350019,Adamantina - Lucélia,3505,Presidente Prudente,-21.53996213516899,-51.17065319497175,SEM DADOS,MÉDIO,438.57030000000003,10,sugarcane
3516101,0.0001,0.8483,0.0,0.0,112.9158,0.0,0.0194,0.027,1.3453,59.1372,237.0747,0.7577,3516101,3851.0,225.886,17.04842265567587,350014,Assis,3504,Marília,-22.88120872980724,-50.695312295796825,SEM DADOS,MÉDIO,412.1255,9,sugarcane
3516200,0.0,24.5054,4.9082,43.9498,8.0654,1.6488,0.0,2.4696,123.158,8.8466,138.1591,7.5772,3516200,352536.0,605.679,582.0508883418445,350033,Franca,3508,Ribeirão Preto,-20.55522364281717,-47.38111226316834,SEM DADOS,MÉDIO,363.2881,10,sugarcane
3516309,0.0,0.1616,0.0,0.0,0.0,3.7687,0.0089,1.1568,57.6911,0.0,0.0,0.519,3516309,165139.0,49.001,3370.114895614375,350001,São Paulo,3501,São Paulo,-23.273708025955298,-46.723508434206764,SEM DADOS,BAIXO,63.306099999999994,6,rsu_organic
3516408,0.0,0.0996,0.0,0.0,0.0,3.7687,0.0202,1.0147,50.6028,0.0,0.0,0.5834,3516408,144849.0,132.775,1090.9357936358501,350001,São Paulo,3501,São Paulo,-23.314170731330183,-46.73575038268789,SEM DADOS,BAIXO,56.0894,6,rsu_organic
3516507,0.0,17.0649,0.0,0.5656,2.2684,0.0,0.0,0.0194,0.9653,1.5924,91.0939,0.0,3516507,2763.0,138.681,19.92342137711727,350023,Birigui - Penápolis,3506,Araçatuba,-21.499590412967294,-50.56474743909883,MÉDIO,MÉDIO,113.5699,7,sugarcane
3516606,0.0,22.2837,8.0261,11.2934,8.8215,86.3651,0.0,0.0447,2.2288,5.5291,0.0,0.1023,3516606,6380.0,355.914,17.92567867518558,350013,Marília,3504,Marília,-22.320479979460238,-49.577770196030464,BAIXO,MÉDIO,144.69469999999998,9,forestry
3516705,0.0004,55.2461,0.6753,36.2385,20.1635,18.6863,1.5393,0.295,14.7111,8.1094,0.0,0.7274,3516705,42110.0,555.807,75.76370934515039,350013,Marília,3504,Marília,-22.23104199878997,-49.68963545857775,MÉDIO,MÉDIO,156.3923,11,cattle
3516804,0.0,19.0442,0.0,0.0,4.5368,0.0,1.6705,0.0228,1.1361,7.7039,138.2412,4.857,3516804,3252.0,180.569,18.009735890435238,350022,Araçatuba,3506,Araçatuba,-20.804286575127378,-50.20278289377925,BAIXO,MÉDIO,177.2125,8,sugarcane
3516853,0.0,2.4371,14.3548,0.0309,7.2701,0.0,2.2433,0.0329,1.6426,9.9967,152.3292,0.2463,3516853,4702.0,243.766,19.28899026115209,350036,Araraquara,3509,Araraquara,-21.79160367524423,-48.44793038509567,SEM DADOS,MÉDIO,190.5839,10,sugarcane
3516903,0.0,60.9376,0.0,0.0,6.3011,0.0,0.0815,0.0722,3.6025,7.0773,237.5751,2.9551,3516903,10312.0,494.376,20.858617732252377,350022,Araçatuba,3506,Araçatuba,-20.638273005534224,-50.41577183728799,SEM DADOS,MÉDIO,318.6024,8,sugarcane
3517000,0.0,51.4505,8.9521,0.2503,3.6966,11.463,0.0,0.0717,3.5745,7.1363,275.5309,1.7238,3517000,10232.0,676.755,15.119208576220347,350013,Marília,3504,Marília,-21.78327630004663,-50.027915700893274,BAIXO,MÉDIO,363.8497,10,sugarcane
3517109,0.0,20.1913,0.0,0.0865,15.1226,0.1963,0.0171,0.029,1.4456,39.8098,237.8788,1.2237,3517109,4138.0,272.8,15.168621700879765,350023,Birigui - Penápolis,3506,Araçatuba,-21.3402605529817,-50.19888086196351,MÉDIO,MÉDIO,316.0007,10,sugarcane
3517208,0.0,32.2367,5.7386,0.0031,9.2416,1.0992,0.0182,0.0787,3.9263,8.6255,168.6924,0.8145,3517208,11239.0,277.154,40.55146236388434,350012,Lins,3503,Bauru,-21.5695027016712,-49.76275075084946,SEM DADOS,MÉDIO,230.4748,11,sugarcane
3517307,0.0,23.0633,5.6655,0.3245,0.9802,5.0249,0.0525,0.0386,1.9256,1.327,41.3296,0.4812,3517307,5512.0,217.811,25.306343573097777,350013,Marília,3504,Marília,-21.8785050661403,-49.86064113410342,MÉDIO,BAIXO,80.2129,11,sugarcane
3517406,0.002,29.3957,0.0,0.0,277.1561,0.0,0.8823,0.2752,13.7221,259.1322,1517.5287,1.076,3517406,39279.0,1258.465,31.21183346378326,350032,Barretos,3508,Ribeirão Preto,-20.314037481289564,-48.36413710923969,SEM DADOS,CRÍTICO,2099.1703,9,sugarcane
3517505,0.0003,17.4365,8.034,0.0,8.5191,0.055,20.1145,0.1521,7.5847,9.7313,310.394,3.7128,3517505,21711.0,325.126,66.77718792099064,350025,São José do Rio Preto,3507,São José do Rio Preto,-20.742853462488547,-49.18991327779686,SEM DADOS,MÉDIO,385.7343,11,sugarcane
3517604,0.0,9.0441,0.0417,0.0,33.6059,0.0,0.2991,0.1196,5.9637,42.9307,0.0,3.7886,3517604,17071.0,408.292,41.810762885385955,350004,Itapeva,3502,Sorocaba,-24.21254188300967,-48.555843641538395,BAIXO,BAIXO,95.7934,8,soybean
3517703,0.0,3.999,0.0,0.1854,7.2561,0.0,3.0226,0.1303,6.5,29.9212,480.3516,7.778,3517703,18606.0,362.183,51.37182032287545,350035,Ituverava,3508,Ribeirão Preto,-20.48258274534558,-47.77524699058151,MÉDIO,ALTO,539.1442000000001,9,sugarcane
3517802,0.0,60.6373,1.1221,0.0,3.5286,0.0,1.2712,0.0521,2.5995,0.0,455.4695,1.4018,3517802,7441.0,569.197,13.072802562206055,350024,Andradina,3506,Araçatuba,-21.0864228814635,-51.27945835218027,BAIXO,ALTO,526.0821,8,sugarcane
3517901,0.0,25.5475,9.0094,0.0,20.1327,0.0,1.3459,0.0725,3.6158,14.6534,845.1034,0.4357,3517901,10350.0,641.501,16.134035644527444,350032,Barretos,3508,Ribeirão Preto,-20.374771087974217,-49.002719665603145,SEM DADOS,ALTO,919.9162999999999,9,sugarcane
3518008,0.0,13.5332,0.5866,0.0,3.0245,0.0,0.0561,0.0138,0.6875,1.7841,35.9877,1.004,3518008,1968.0,85.7,22.963827304550758,350029,Fernandópolis,3507,São José do Rio Preto,-20.06683360747055,-50.344608064099745,SEM DADOS,BAIXO,56.6775,9,sugarcane
3518107,0.0,51.4761,13.2625,0.9087,6.5531,88.8273,6.0024,0.045,2.2453,1.7693,193.9963,1.398,3518107,6427.0,461.746,13.918907797793592,350012,Lins,3503,Bauru,-21.91613667316985,-49.58841477876621,SEM DADOS,MÉDIO,366.484,11,sugarcane
3518206,0.0,62.1803,0.0,0.0,28.1169,0.0,42.1516,0.2175,10.8448,39.3183,857.8801,1.326,3518206,31043.0,955.637,32.48409176287649,350022,Araçatuba,3506,Araçatuba,-21.285218778787716,-50.69514109281403,MÉDIO,MUITO ALTO,1042.0355,8,sugarcane
3518305,0.0,12.5489,0.0208,0.0,0.0,18.5292,0.5982,0.2188,10.9123,0.0,0.4217,0.2652,3518305,31236.0,270.816,115.3403048564339,350001,São Paulo,3501,São Paulo,-23.427570102613927,-46.05856188282864,MÉDIO,BAIXO,43.5151,9,forestry
3518404,0.0,78.2071,0.0,0.0,2.1172,0.8951,0.0703,0.8269,41.2385,19.1677,0.0498,1.4397,3518404,118044.0,752.636,156.8407570193294,350052,Guaratinguetá,3511,São José dos Campos,-22.79350278667512,-45.23284725863271,MÉDIO,MÉDIO,144.01229999999998,9,cattle
3518503,0.0,55.5033,0.0,0.0278,51.4142,12.2772,38.4708,0.1052,5.2448,18.8728,8.9969,6.4785,3518503,15013.0,567.884,26.43673708010791,350006,Itapetininga,3502,Sorocaba,-23.370486793690105,-48.21911866087932,MÉDIO,MÉDIO,197.3915,11,cattle
3518602,0.0,0.9519,0.0,0.0,3.1085,0.0,0.0046,0.2627,13.0999,14.1546,434.539,2.652,3518602,37498.0,270.289,138.7329858040838,350031,Ribeirão Preto,3508,Ribeirão Preto,-21.395944095350742,-48.22655790449162,SEM DADOS,MÉDIO,468.7732,8,sugarcane
3518701,0.0,0.0,0.0,0.0,0.0,0.0,0.0,2.0149,100.4846,0.0,0.0,0.0,3518701,287634.0,144.794,1986.5049656753731,350002,Santos,3501,São Paulo,-23.95124532789187,-46.23521408387854,MÉDIO,MÉDIO,102.4995,2,rsu_organic
3518800,0.0,0.0,0.0,0.0,0.0,10.3795,0.0,9.0491,451.2786,0.0,0.0,0.0644,3518800,1291771.0,318.675,4053.568682827332,350001,São Paulo,3501,São Paulo,-23.402693958034625,-46.454876009849094,ALTO,MÉDIO,470.7716,4,rsu_organic
3518859,0.0002,5.1165,0.0,0.0,4.1671,19.4714,18.619,0.0513,2.5572,1.526,521.1381,1.5154,3518859,7320.0,413.567,17.699671395444994,350031,Ribeirão Preto,3508,Ribeirão Preto,-21.45329200428442,-47.97990819516929,MÉDIO,ALTO,574.1622,10,sugarcane
3518909,0.0,43.4607,0.8214,0.0,7.3933,2.1858,0.0341,0.0297,1.4833,6.0698,54.6563,0.8903,3518909,4246.0,252.477,16.81737346372145,350022,Araçatuba,3506,Araçatuba,-20.628494279332802,-50.71364041838248,MÉDIO,MÉDIO,117.02470000000001,10,sugarcane
3519006,0.0,44.414,0.0,0.5965,3.1506,1.0767,2.0617,0.0639,3.1878,4.4233,212.9742,1.2502,3519006,9125.0,364.252,25.05133808462273,350016,Tupã,3504,Marília,-21.96232141756335,-50.373126672992726,BAIXO,MÉDIO,273.1989,10,sugarcane
3519055,0.0,1.7369,1.7053,0.0804,6.7212,0.7851,62.0646,0.1057,5.2731,6.2664,10.965,45.4632,3519055,15094.0,65.577,230.17216402092197,350038,Campinas,3510,Campinas,-22.63029617509531,-47.06503119196401,MÉDIO,MÉDIO,141.1669,11,poultry
3519071,0.0,0.0,0.0,0.0,0.0,0.0,0.0,1.6577,82.6702,0.0,0.0,0.0,3519071,236641.0,62.416,3791.3515765188417,350038,Campinas,3510,Campinas,-22.878426659311526,-47.20772094674149,MÉDIO,BAIXO,84.3279,2,rsu_organic
3519105,0.0003,23.0081,4.2196,0.0,3.0245,10.9134,0.5832,0.0731,3.6462,35.3865,528.5695,1.1366,3519105,10437.0,547.393,19.06673998388726,350009,Bauru,3503,Bauru,-21.890907932412226,-49.03963111055665,BAIXO,ALTO,610.5609999999999,11,sugarcane
3519204,0.0,35.8627,0.0531,0.1484,6.0911,0.1939,19.541,0.0429,2.1419,0.0,88.7673,0.341,3519204,6131.0,321.948,19.04344801023768,350016,Tupã,3504,Marília,-21.79986724652643,-50.6194585441892,SEM DADOS,MÉDIO,153.1833,10,sugarcane
3519253,0.0,9.6513,68.8631,0.0062,42.6235,30.6222,0.0894,0.0561,2.7983,41.4808,107.5414,205.0277,3519253,8010.0,401.381,19.95610155936629,350007,Avaré,3502,Sorocaba,-22.819139958326218,-49.106836021727496,BAIXO,ALTO,508.76000000000005,12,swine
3519303,0.0005,6.3283,5.2885,0.0,1.1622,0.0,2.4676,0.2254,11.2413,1.4744,337.3848,0.5683,3519303,32178.0,290.978,110.58568001704596,350037,São Carlos,3509,Araraquara,-21.950905200707627,-48.02728508885499,BAIXO,MÉDIO,366.14129999999994,10,sugarcane
3519402,0.0,18.6052,1.512,0.0,12.9719,0.0204,0.4457,0.0819,4.0839,5.308,328.0505,3.5992,3519402,11690.0,271.912,42.99185030451029,350025,São José do Rio Preto,3507,São José do Rio Preto,-21.074719618247837,-49.22034311445753,BAIXO,MÉDIO,374.6787,10,sugarcane
3519501,0.0,4.9819,0.0,0.0,130.9229,0.2198,0.0344,0.0447,2.2306,94.6097,203.1338,2.9021,3519501,6385.0,228.23,27.976164395565878,350015,Ourinhos,3504,Marília,-22.813334752715324,-50.076924762142006,BAIXO,MÉDIO,439.0799,9,sugarcane
3519600,0.0001,14.4743,32.0894,0.1113,12.0981,0.2465,6.2213,0.4205,20.9725,16.5874,871.5774,3.5992,3519600,60033.0,689.391,87.08120645613303,350036,Araraquara,3509,Araraquara,-21.792941299426563,-48.84782469976841,SEM DADOS,ALTO,978.398,12,sugarcane
3519709,0.0,2.8949,0.0408,0.0,32.4213,0.0,0.2542,0.5296,26.4125,2.0642,0.0,17.0487,3519709,75605.0,1058.082,71.45476437553988,350003,Sorocaba,3502,Sorocaba,-23.80238121024125,-47.2152454579395,SEM DADOS,BAIXO,81.6662,8,corn
3519808,0.0,12.324,0.2746,0.0,3.9207,0.0,0.0326,0.0548,2.7316,8.8466,253.0386,1.326,3519808,7819.0,362.355,21.578286487008594,350025,São José do Rio Preto,3507,São José do Rio Preto,-20.36724432318271,-49.18529265912327,SEM DADOS,MÉDIO,282.5495,9,sugarcane
3519907,0.0,19.5383,0.0,0.0,129.7075,13.6614,0.0456,0.0534,2.6617,98.1508,389.3983,7.9561,3519907,7619.0,594.974,12.805601589313145,350018,Presidente Prudente,3505,Presidente Prudente,-22.648628964866827,-51.057192027361296,SEM DADOS,ALTO,661.1731,9,sugarcane
3520004,0.0,0.3407,0.0,0.0,0.2688,0.0,0.0045,0.1619,8.0721,2.5434,164.4751,0.0379,3520004,23106.0,97.747,236.38577143032524,350010,Jaú,3503,Bauru,-22.541738188013134,-48.57455099417977,SEM DADOS,MÉDIO,175.90439999999998,8,sugarcane
3520103,0.0107,12.2459,3.2687,0.6367,5.0577,0.157,0.6442,0.1836,9.1571,18.0864,554.4357,5.6336,3520103,26212.0,468.355,55.96609409529096,350035,Ituverava,3508,Ribeirão Preto,-20.063678339572423,-47.68245665864659,SEM DADOS,ALTO,609.5173,12,sugarcane
3520202,0.0015,12.118,0.0,0.0,0.0,36.5874,0.0299,0.0743,3.7048,0.0,0.0,0.341,3520202,10605.0,292.953,36.20034613060798,350049,São José dos Campos,3511,São José dos Campos,-23.13483332195183,-46.150356588633265,SEM DADOS,BAIXO,52.8569,7,forestry
3520301,0.0,6.3283,1.3065,0.0,0.3361,0.0,0.0449,0.204,10.1713,0.0,0.0,0.7577,3520301,29115.0,1978.795,14.713499882504252,350005,Registro,3502,Sorocaba,-24.549538271625146,-47.47440283110852,SEM DADOS,BAIXO,19.1488,7,rsu_organic
3520400,0.0,0.0417,0.0,0.0,0.0,0.0,0.0,0.2447,12.2042,0.0,0.0,0.0,3520400,34934.0,346.389,100.85193236505778,350051,Caraguatatuba - Ubatuba - São Sebastião,3511,São José dos Campos,-23.84849847753567,-45.323190277839245,SEM DADOS,BAIXO,12.4906,3,rsu_organic
3520426,0.0,0.0,0.0,0.0,0.0,0.0,0.0,0.094,4.6879,0.0,0.0,0.0,3520426,13419.0,196.567,68.26679961539831,350005,Registro,3502,Sorocaba,-24.859029569287337,-47.71543788521898,SEM DADOS,BAIXO,4.7819,2,rsu_organic
3520442,0.0789,28.4383,0.0,0.0,1.151,0.0,0.1907,0.179,8.9255,5.7724,421.731,4.3569,3520442,25549.0,652.641,39.14709618304704,350024,Andradina,3506,Araçatuba,-20.43142851521518,-51.25897863480983,SEM DADOS,MÉDIO,470.82370000000003,9,sugarcane
3520509,0.0,13.1683,0.0,0.4482,11.202,0.0,2.0189,1.7916,89.3453,7.1879,44.4223,0.1137,3520509,255748.0,311.545,820.9022773596109,350038,Campinas,3510,Campinas,-23.106069899432672,-47.20250049664689,SEM DADOS,MÉDIO,169.69819999999999,9,rsu_organic
3520608,0.0,21.4691,0.0577,0.0,1.1202,1.1384,0.1219,0.0357,1.7782,1.0321,1.4896,2.993,3520608,5090.0,129.367,39.34542812309167,350018,Presidente Prudente,3505,Presidente Prudente,-22.133243946548397,-51.26255180076467,SEM DADOS,BAIXO,31.2359,10,cattle
3520707,0.0002,37.2603,0.5101,0.0,3.5286,0.0,0.0236,0.0283,1.4096,5.8977,134.9539,3.0271,3520707,4035.0,279.606,14.431020793545203,350029,Fernandópolis,3507,São José do Rio Preto,-19.947926107991115,-50.26366969973438,SEM DADOS,MÉDIO,186.6394,10,sugarcane
3520806,0.0,13.6368,0.0,0.1051,0.0168,0.2112,0.0236,0.0253,1.2629,1.2115,49.0833,0.341,3520806,3615.0,87.119,41.494966654805495,350019,Adamantina - Lucélia,3505,Presidente Prudente,-21.739017422800664,-50.95741712933969,MÉDIO,BAIXO,65.9175,10,sugarcane
3520905,0.0172,6.059,0.0,0.0556,13.4424,0.0,0.0449,0.0961,4.7903,11.5498,369.1262,3.5992,3520905,13712.0,209.554,65.43420788913598,350015,Ourinhos,3504,Marília,-23.065133755309553,-49.60812293297615,BAIXO,MÉDIO,408.78069999999997,10,sugarcane
3521002,0.0,7.0689,0.25,0.0,10.3394,0.0,6.2811,0.2554,12.7369,0.6438,20.2431,0.0,3521002,36459.0,170.289,214.10073463347604,350003,Sorocaba,3502,Sorocaba,-23.404481461622375,-47.629105877551474,SEM DADOS,BAIXO,57.818599999999996,8,sugarcane
3521101,0.0,16.8993,0.0,0.0,2.2404,1.1981,4.1126,0.0479,2.3864,0.0,109.6501,2.2315,3521101,6831.0,190.01,35.9507394347666,350046,Rio Claro,3510,Campinas,-22.423907603055042,-47.71602505378532,SEM DADOS,MÉDIO,138.7663,8,sugarcane
3521150,0.0,13.2329,2.5453,0.0,3.3606,0.0,6.0616,0.0474,2.3619,2.2117,55.6685,1.9701,3521150,6761.0,136.028,49.70300232305114,350025,São José do Rio Preto,3507,São José do Rio Preto,-20.647986934380985,-49.40352989402042,SEM DADOS,BAIXO,87.46,9,sugarcane
3521200,0.0,2.8275,0.0083,0.0093,0.8962,0.0,0.0598,0.0283,1.4135,0.0,0.1248,1.1366,3521200,4046.0,1152.059,3.5119729111095874,350005,Registro,3502,Sorocaba,-24.512707082090202,-48.54634994758083,BAIXO,BAIXO,6.5043,10,cattle
3521309,0.0006,4.5752,0.0,0.0,29.8112,0.0,0.9444,0.1013,5.0495,86.1833,571.2768,3.0877,3521309,14454.0,466.461,30.986513341951415,350034,São Joaquim da Barra - Orlândia,3508,Ribeirão Preto,-20.417482650544336,-48.06648971493031,BAIXO,ALTO,701.03,9,sugarcane
3521408,0.0,0.0444,0.1765,0.0,0.2296,0.0,0.0031,0.1539,7.6741,4.0522,167.346,0.1099,3521408,21967.0,115.118,190.8215917580222,350042,Limeira,3510,Campinas,-22.59369084954539,-47.52422941892788,SEM DADOS,MÉDIO,179.7897,9,sugarcane
3521507,0.0,17.1672,20.4489,0.0,15.4251,0.022,2.8415,0.0481,2.399,4.4233,279.3546,3.7128,3521507,6867.0,257.612,26.656366939428285,350025,São José do Rio Preto,3507,São José do Rio Preto,-21.26769873306887,-49.39743605872889,SEM DADOS,MÉDIO,345.84250000000003,10,sugarcane
3521606,0.0,29.3324,0.0544,1.2023,1.6635,0.1157,0.9398,0.0496,2.4751,1.6366,88.5635,1.0798,3521606,7085.0,214.461,33.03630963205431,350020,Dracena,3505,Presidente Prudente,-21.484153559106232,-51.3464822323189,BAIXO,MÉDIO,127.1127,11,sugarcane
3521705,0.0,29.4872,6.9284,0.0278,269.9673,10.9197,0.1944,0.126,6.2823,401.6931,0.0,19.4166,3521705,17983.0,1100.247,16.34451173236555,350004,Itapeva,3502,Sorocaba,-23.871307884128424,-49.14248993470515,SEM DADOS,ALTO,745.0428,10,soybean
3521804,0.0235,27.1552,15.8178,3.5976,265.3465,52.8655,12.0252,0.1764,8.7966,227.9233,206.6482,8.9487,3521804,25180.0,1092.884,23.03995666511725,350007,Avaré,3502,Sorocaba,-23.471494551840614,-49.05416159930268,MÉDIO,ALTO,829.3245,12,corn
3521903,0.0034,11.1486,10.9396,0.0371,7.8414,0.6438,3.7388,0.119,5.9351,0.0,657.9004,7.3878,3521903,16989.0,502.066,33.83818063760542,350026,Catanduva,3507,São José do Rio Preto,-21.355542302593392,-49.05371363657752,SEM DADOS,ALTO,705.6949999999999,11,sugarcane
3522000,0.0,15.2054,0.4909,0.0216,4.5368,0.0,12.7929,0.0253,1.2639,10.8297,160.1172,0.9472,3522000,3618.0,230.355,15.706192615745264,350010,Jaú,3503,Bauru,-21.95161935841686,-48.79395339423056,MÉDIO,MÉDIO,206.2309,10,sugarcane
3522109,0.0,0.4039,0.0,0.0,0.0,0.0,0.1196,0.7879,39.2934,0.0,0.0,2.9551,3522109,112476.0,601.711,186.92694665711613,350002,Santos,3501,São Paulo,-24.092294224222,-46.83453333379618,MÉDIO,BAIXO,43.5599,5,rsu_organic
3522158,0.0,10.4215,0.0038,0.0124,1.0782,0.0,0.2812,0.024,1.1955,0.0,0.4217,3.7886,3522158,3422.0,183.015,18.69792093544245,350004,Itapeva,3502,Sorocaba,-24.61788098509164,-48.83900476497743,MÉDIO,BAIXO,17.2269,9,cattle
3522208,0.0,0.0,0.0,0.0,0.0,0.0,0.0,1.1105,55.3795,0.0,0.0,0.0,3522208,158522.0,150.742,1051.611362460363,350001,São Paulo,3501,São Paulo,-23.737204204611988,-46.85883324550146,SEM DADOS,BAIXO,56.49,2,rsu_organic
3522307,0.0003,75.3742,76.7384,0.0,202.4222,111.2763,36.5212,1.1053,55.1237,233.4525,112.4616,10.5702,3522307,157790.0,1789.35,88.18285969765557,350006,Itapetininga,3502,Sorocaba,-23.645476207512164,-48.123325079269776,MÉDIO,ALTO,915.0459,11,soybean
3522406,0.0,33.3192,9.1645,0.0,687.7192,65.8118,1.7946,0.6286,31.3464,846.3512,56.2308,37.886,3522406,89728.0,1826.258,49.132159859121764,350004,Itapeva,3502,Sorocaba,-23.914068854322178,-48.87171750816272,SEM DADOS,MUITO ALTO,1770.2522999999999,10,soybean
3522505,0.0,0.0,0.0,0.0,0.0,0.0,0.0,1.6273,81.1527,0.0,0.0,0.0,3522505,232297.0,82.658,2810.338987151879,350001,São Paulo,3501,São Paulo,-23.550948952542942,-46.967668258357875,MÉDIO,BAIXO,82.78,2,rsu_organic
3522604,0.0107,48.0413,3.0606,2.998,15.2907,4.3968,13.3458,0.5045,25.1608,23.0012,26.3582,9.6609,3522604,72022.0,518.416,138.92703928891083,350043,Mogi Guaçu,3510,Campinas,-22.43196185509749,-46.77210278190135,MÉDIO,MÉDIO,171.8295,12,cattle
3522653,0.0,3.2948,0.0167,0.0,0.997,34.5037,0.1495,0.0302,1.5043,0.0,0.2868,6.0618,3522653,4306.0,406.478,10.593439251324794,350004,Itapeva,3502,Sorocaba,-24.56900305340092,-49.22293443769782,MÉDIO,BAIXO,46.8448,9,forestry
3522703,0.0,38.4276,19.2745,0.0464,42.0074,0.0,4.147,0.2767,13.7968,49.1479,1106.6221,7.5014,3522703,39493.0,996.747,39.621890008196665,350036,Araraquara,3509,Araraquara,-21.548104115607735,-48.81547399164307,SEM DADOS,MUITO ALTO,1281.2478,10,sugarcane
3522802,0.0,35.0077,1.0002,0.5347,28.397,13.3316,0.2019,0.0987,4.9206,117.1514,0.0,1.8943,3522802,14085.0,507.997,27.726541692175346,350004,Itapeva,3502,Sorocaba,-23.67294942202673,-49.45849135508454,SEM DADOS,MÉDIO,202.5381,10,soybean
3522901,0.0,1.7598,0.0,0.2194,2.2684,0.0,5.5132,0.0957,4.7718,0.9314,207.829,1.5154,3522901,13659.0,140.023,97.548259928726,350010,Jaú,3503,Bauru,-22.250825111584902,-48.70144972583967,SEM DADOS,MÉDIO,224.9041,9,sugarcane
3523008,0.0,14.4837,0.0,0.0,13.6888,0.0,0.0576,0.0279,1.3901,15.0565,274.1252,1.7049,3523008,3979.0,301.653,13.190652836205839,350024,Andradina,3506,Araçatuba,-20.59507438821433,-51.44056805279474,SEM DADOS,MÉDIO,320.5347,8,sugarcane
3523107,0.0,0.6463,0.0,0.0,0.0,0.0,0.0329,2.5868,129.0058,0.0,0.0,0.1894,3523107,369275.0,82.622,4469.451235748348,350001,São Paulo,3501,São Paulo,-23.461463686452323,-46.33387993246099,MÉDIO,MÉDIO,132.4612,5,rsu_organic
3523206,0.0,32.6514,0.5751,0.0,168.7576,428.6176,0.1795,0.3113,15.5244,204.8435,0.4105,83.3492,3523206,44438.0,1003.86,44.2671288825135,350004,Itapeva,3502,Sorocaba,-24.080514587290597,-49.3035482986589,BAIXO,ALTO,935.2201,10,forestry
3523305,0.0,0.509,0.0,0.0,0.0,0.0,0.0,0.1088,5.4247,0.0,0.0,0.0758,3523305,15528.0,273.667,56.74049118088773,350002,Santos,3501,São Paulo,-24.292685200259896,-47.128140111790984,SEM DADOS,BAIXO,6.118299999999999,4,rsu_organic
3523404,0.0,28.437,0.0296,0.9643,33.8131,6.3596,7.4775,0.8518,42.4773,2.219,1.8978,8.1455,3523404,121590.0,322.269,377.2935032534932,350039,Jundiaí,3510,Campinas,-23.006707755417747,-46.81430620546455,SEM DADOS,MÉDIO,132.6725,11,rsu_organic
3523503,0.0,25.9865,27.7136,0.0927,44.0377,250.8514,10.4685,0.1336,6.6621,13.6631,156.6028,0.0,3523503,19070.0,979.817,19.462818056841225,350011,Botucatu,3503,Bauru,-23.153652275819645,-48.62937448917452,SEM DADOS,ALTO,536.212,10,forestry
3523602,0.0,28.8746,2.813,0.4327,5.965,43.4109,19.1491,0.1131,5.6413,1.9168,126.0751,1.6253,3523602,16148.0,564.603,28.600627343460808,350037,São Carlos,3509,Araraquara,-22.294603127158602,-47.83406501960985,BAIXO,MÉDIO,236.0169,11,sugarcane
3523701,0.0,12.3873,0.0,17.8488,3.3606,0.0707,0.0,0.0405,2.0189,0.8847,16.8692,1.8943,3523701,5779.0,161.118,35.86812150101168,350033,Franca,3508,Ribeirão Preto,-20.657562711833133,-47.16940312366584,BAIXO,BAIXO,55.375,9,coffee
3523800,0.0,21.5432,0.1698,0.5007,32.3457,0.0,2.0189,0.0564,2.8109,11.1074,15.9456,2.2732,3523800,8046.0,138.986,57.89072280661362,350047,São José do Rio Pardo - Mococa,3510,Campinas,-21.748974008090727,-46.92198977550701,SEM DADOS,BAIXO,88.7718,10,corn
3523909,0.0,40.582,0.0,0.2534,7.7013,65.0958,10.0946,1.1786,58.7744,3.3421,35.3692,903.5811,3523909,168240.0,640.719,262.58000777251806,350003,Sorocaba,3502,Sorocaba,-23.307144733455367,-47.28461883568192,SEM DADOS,MUITO ALTO,1125.9725,10,swine
3524006,0.0,12.0642,0.1267,0.0185,12.8094,0.0,0.0864,0.4947,24.6696,0.0885,0.0,0.5531,3524006,70616.0,200.876,351.5402536888429,350039,Jundiaí,3510,Campinas,-23.14650160503108,-47.068384232422275,MÉDIO,BAIXO,50.9111,9,rsu_organic
3524105,0.0,22.7496,0.0,1.9811,31.8864,0.0,24.3994,0.2632,13.1254,89.5696,991.5408,4.9252,3524105,37571.0,704.659,53.31798784944207,350035,Ituverava,3508,Ribeirão Preto,-20.329528535622764,-47.80959795454851,MÉDIO,MUITO ALTO,1180.4406999999999,9,sugarcane
3524204,0.0,3.0268,0.3482,0.0,7.7686,0.0,1.2712,0.0436,2.1733,19.293,404.3239,0.269,3524204,6221.0,273.438,22.75104411237648,350032,Barretos,3508,Ribeirão Preto,-20.649993214695833,-48.41595919278393,BAIXO,MÉDIO,438.5176,9,sugarcane
3524303,0.0,7.1106,0.25,0.0,10.0818,0.0,0.0351,0.5031,25.0906,32.7325,1456.2371,2.8415,3524303,71821.0,706.602,101.6427918403854,350031,Ribeirão Preto,3508,Ribeirão Preto,-21.218335690426777,-48.287936280294126,MÉDIO,MUITO ALTO,1534.8823,9,sugarcane
3524402,0.0064,27.9119,0.0,0.0,0.0168,9.8927,1.1067,1.6832,83.9398,0.0,0.0562,0.6819,3524402,240275.0,464.272,517.5306716752249,350049,São José dos Campos,3511,São José dos Campos,-23.298877464617256,-45.99050591292613,BAIXO,MÉDIO,125.2956,9,rsu_organic
3524501,0.0,10.7447,0.0,0.068,3.1085,0.0,8.4944,0.0533,2.6596,2.9489,157.8511,18.7536,3524501,7613.0,145.133,52.45533407288487,350025,São José do Rio Preto,3507,São José do Rio Preto,-20.94504177186094,-49.581162484540755,SEM DADOS,MÉDIO,204.68210000000002,9,sugarcane
3524600,0.0004,9.4251,0.0,0.0,0.3921,0.0,0.0897,0.1128,5.6235,0.0,0.0084,2.652,3524600,16097.0,704.189,22.858919977449236,350005,Registro,3502,Sorocaba,-24.777358894264697,-48.05387513866496,SEM DADOS,BAIXO,18.304,8,cattle
3524709,0.0,4.4433,4.514,0.0,6.4691,0.2826,1.3459,0.4157,20.7328,1.0616,56.2308,0.0,3524709,59347.0,141.391,419.7367583509559,350038,Campinas,3510,Campinas,-22.691980962316002,-47.012781528130496,MÉDIO,BAIXO,95.4958,9,sugarcane
3524808,0.0,54.1272,8.3512,0.0185,2.2124,0.581,0.4175,0.3417,17.0398,0.8847,141.7016,8.9335,3524808,48776.0,368.574,132.3370612143016,350028,Jales,3507,São José do Rio Preto,-20.28581414024951,-50.554095755155465,MÉDIO,MÉDIO,234.6091,11,sugarcane
3524907,0.0,19.6999,0.0,0.0,0.0,0.0,0.1196,0.0448,2.2348,0.0,0.0337,151.544,3524907,6397.0,184.413,34.68844387326273,350049,São José dos Campos,3511,São José dos Campos,-23.279287991712696,-45.71060041609832,MÉDIO,MÉDIO,173.6768,6,swine
3525003,0.0,0.0,0.0,0.0,0.0,0.0,0.0,0.8269,41.2389,0.0,0.0,0.0,3525003,118045.0,17.449,6765.144134334345,350001,São Paulo,3501,São Paulo,-23.544143162434978,-46.89970418901977,SEM DADOS,BAIXO,42.0658,2,rsu_organic
3525102,0.0001,10.7716,0.0215,0.1422,9.7457,0.0,1.7946,0.3172,15.8192,17.6932,809.7235,5.304,3525102,45282.0,501.87,90.22655269292845,350031,Ribeirão Preto,3508,Ribeirão Preto,-20.992054498493374,-47.826030574942514,SEM DADOS,ALTO,871.3328,11,sugarcane
3525201,0.0,6.2475,0.0242,0.0,6.1611,0.0,0.237,0.2629,13.1128,0.0,0.3655,5.001,3525201,37535.0,207.549,180.8488597873273,350039,Jundiaí,3510,Campinas,-23.111982121670994,-46.721306598688564,SEM DADOS,BAIXO,31.412,8,rsu_organic
3525300,0.0002,13.5641,0.0056,3.1834,5.3097,0.0,4.4028,0.9352,46.637,42.1689,955.9236,2.1595,3525300,133497.0,687.103,194.28964798581873,350010,Jaú,3503,Bauru,-22.29606997737614,-48.556034674816736,SEM DADOS,MUITO ALTO,1074.29,11,sugarcane
3525409,0.0,2.0197,0.1875,40.0555,2.2684,0.0707,2.8863,0.0271,1.3495,4.4233,119.2093,1.7806,3525409,3863.0,141.971,27.20978227947961,350033,Franca,3508,Ribeirão Preto,-20.34013683054199,-47.574192577949745,SEM DADOS,MÉDIO,174.27790000000002,11,sugarcane
3525508,0.0001,28.2754,0.0156,0.0556,1.6803,24.6533,0.1944,0.0898,4.4769,0.0,0.0,4.5463,3525508,12815.0,374.293,34.23788315570956,350041,Bragança Paulista,3510,Campinas,-22.938807121509374,-46.20918591092588,SEM DADOS,BAIXO,63.987700000000004,10,cattle
3525607,0.0001,24.3828,0.0,0.0,1.3918,1.4918,10.0267,0.0306,1.527,18.4427,280.1781,2.8111,3525607,4371.0,415.452,10.521071026255742,350018,Presidente Prudente,3505,Presidente Prudente,-22.27792028781508,-50.79913634518629,SEM DADOS,MÉDIO,340.2827,10,sugarcane
3525706,0.0001,85.4995,4.2508,0.0278,36.2944,0.1413,19.2964,0.2566,12.7977,39.8098,910.939,17.617,3525706,36633.0,860.2,42.5866077656359,350025,São José do Rio Preto,3507,São José do Rio Preto,-21.089368821098688,-49.779316037613974,SEM DADOS,MUITO ALTO,1126.9304,12,sugarcane
3525805,0.0,12.9407,3.4948,0.2813,2.1844,41.1412,0.0007,0.0298,1.4861,0.0,0.0,0.0,3525805,4254.0,128.183,33.18692806378381,350013,Marília,3504,Marília,-21.972949566511133,-49.7933537536808,SEM DADOS,BAIXO,61.55899999999999,8,forestry
3525854,0.0,13.4645,0.0,0.0,1.1986,0.0,25.4235,0.0214,1.0676,1.0616,12.3708,0.0,3525854,3056.0,56.685,53.91196965687571,350003,Sorocaba,3502,Sorocaba,-23.099624336417545,-47.78812997493172,SEM DADOS,BAIXO,54.608,7,poultry
3525904,0.0,5.0088,0.1438,0.1576,2.1844,0.0,1.4432,3.1048,154.8387,0.0,0.0,5.2283,3525904,443221.0,431.204,1027.8684798842312,350039,Jundiaí,3510,Campinas,-23.194602028794943,-46.913011931724306,SEM DADOS,MÉDIO,172.1096,8,rsu_organic
3526001,0.0002,44.4328,0.0,0.0309,2.8565,0.2183,0.1032,0.1432,7.1435,3.0226,481.8417,2.4626,3526001,20448.0,582.565,35.09994592878048,350020,Dracena,3505,Presidente Prudente,-21.448896596217097,-51.43505158431421,MÉDIO,ALTO,542.2555,11,sugarcane
3526100,0.0075,9.0885,0.0,0.0093,0.0336,0.0,0.0882,0.1202,5.9927,0.0,0.0,1.1366,3526100,17154.0,812.799,21.104848800256892,350005,Registro,3502,Sorocaba,-24.21366691939729,-47.652268342881484,SEM DADOS,BAIXO,16.4766,8,cattle
3526209,0.0,0.0,0.0,0.0,0.0,0.0471,0.0,0.192,9.5736,0.0,0.0,0.0,3526209,27404.0,522.169,52.4810932858902,350001,São Paulo,3501,São Paulo,-23.955194539955176,-47.02462188848108,SEM DADOS,BAIXO,9.812700000000001,3,rsu_organic
3526308,0.0,29.6892,0.0,0.0,2.9125,1.0992,0.2105,0.0356,1.7757,0.0,0.1968,2.3489,3526308,5083.0,255.472,19.89650529216509,350050,Taubaté - Pindamonhangaba,3511,São José dos Campos,-23.08579963074844,-45.2067745597206,SEM DADOS,BAIXO,38.2684,8,cattle
3526407,0.0,55.8399,0.0,0.0495,66.7021,0.0,11.9193,0.184,9.1742,0.8085,12.6519,19.3219,3526407,26261.0,384.274,68.33925792533452,350040,Piracicaba,3510,Campinas,-23.012190621572113,-47.86567249841962,SEM DADOS,MÉDIO,176.6513,9,corn
3526506,0.0,64.34,0.0,0.0,3.0245,0.0,0.1645,0.0679,3.3848,1.4744,511.7003,1.8185,3526506,9689.0,537.675,18.02017947644953,350024,Andradina,3506,Araçatuba,-21.150799304435008,-51.0326316218889,BAIXO,ALTO,585.9749,8,sugarcane
3526605,0.0,14.2724,0.0,0.0,0.2576,0.0,0.0209,0.0502,2.5052,0.0,0.0,0.9472,3526605,7171.0,167.067,42.92289919613089,350053,Cruzeiro,3511,São José dos Campos,-22.520346289077192,-44.88885630323331,SEM DADOS,BAIXO,18.0535,6,cattle
3526704,0.0,3.2315,6.8513,2.3489,62.0029,3.1406,1.1515,0.6876,34.2924,35.3865,506.0772,108.1645,3526704,98161.0,402.871,243.65367574235924,350045,Araras,3510,Campinas,-22.1721555716654,-47.33761520541339,SEM DADOS,ALTO,763.3349000000001,11,sugarcane
3526803,0.0,6.059,8.9017,2.1326,1.3022,82.4865,0.6685,0.4659,23.2334,62.2949,809.7235,0.7577,3526803,66505.0,809.541,82.15149078304866,350009,Bauru,3503,Bauru,-22.676110705692523,-48.8250341481538,SEM DADOS,ALTO,998.0259,11,sugarcane
3526902,0.0,16.9033,8.6237,0.1236,97.3562,10.6779,0.6352,2.0446,101.9641,8.1094,267.9578,34.0974,3526902,291869.0,580.711,502.6062878092545,350042,Limeira,3510,Campinas,-22.59850898960293,-47.36371346124558,SEM DADOS,ALTO,548.4932,11,sugarcane
3527009,0.0,4.7018,0.0,0.5254,0.5601,0.212,2.1586,0.0491,2.4503,0.0,0.478,1.0494,3527009,7014.0,48.756,143.8592173270982,350048,Amparo,3510,Campinas,-22.513392153469223,-46.65502982555747,SEM DADOS,BAIXO,12.1847,9,cattle
3527108,0.0,26.9976,0.1429,0.1978,10.2554,0.7851,0.018,0.5238,26.124,7.962,410.4848,1.0381,3527108,74779.0,570.058,131.17788014552906,350012,Lins,3503,Bauru,-21.649765870438912,-49.68288301632129,SEM DADOS,MÉDIO,484.52950000000004,11,sugarcane
3527207,0.0,41.7911,0.0,0.0,0.6721,11.463,9.6172,0.5944,29.644,0.1474,0.0,1.7049,3527207,84855.0,414.16,204.88458566737492,350052,Guaratinguetá,3511,São José dos Campos,-22.79397296981675,-45.059987607365876,SEM DADOS,BAIXO,95.63409999999999,8,cattle
3527256,0.0,10.4498,0.0,0.0,3.0301,0.0,1.6809,0.0137,0.6812,8.1979,6.5678,0.0,3527256,1950.0,113.94,17.114270668773038,350023,Birigui - Penápolis,3506,Araçatuba,-20.9491484945147,-50.23403544556937,BAIXO,BAIXO,30.6214,7,cattle
3527306,0.0,1.6157,0.0,0.0,0.3361,0.1256,2.8415,0.3632,18.1127,0.0,0.232,0.7577,3527306,51847.0,55.738,930.1912519286662,350039,Jundiaí,3510,Campinas,-23.0840390378516,-46.937629246574105,SEM DADOS,BAIXO,24.3845,8,rsu_organic
3527405,0.0,43.6653,0.0,0.204,1.095,0.7278,3.8179,0.1405,7.0083,3.7672,153.7502,1.3828,3527405,20061.0,314.81,63.72415107525174,350019,Adamantina - Lucélia,3505,Presidente Prudente,-21.644140129948973,-50.99166222016935,BAIXO,MÉDIO,215.55900000000003,10,sugarcane
3527504,0.0,11.8487,34.0065,0.4327,0.6721,21.9839,0.015,0.0166,0.8287,9.0924,8.0129,0.0947,3527504,2372.0,189.536,12.51477291912882,350009,Bauru,3503,Bauru,-22.47335082675021,-49.550295163447146,BAIXO,BAIXO,87.0042,11,citrus
3527603,0.0,10.7716,9.9394,0.2102,4.1055,6.4381,0.0748,0.0859,4.2848,8.8466,836.4332,1.1366,3527603,12265.0,598.257,20.501222718664387,350031,Ribeirão Preto,3508,Ribeirão Preto,-21.55266457478349,-47.78188634141287,SEM DADOS,ALTO,882.3267000000001,11,sugarcane
3527702,0.0,14.2697,0.0,0.1174,0.8401,0.0,0.028,0.0329,1.6423,1.327,107.4908,1.5154,3527702,4701.0,166.576,28.22135241571415,350023,Birigui - Penápolis,3506,Araçatuba,-21.672611551921086,-50.35084927695067,MÉDIO,MÉDIO,127.26359999999998,9,sugarcane
3527801,0.0,15.3993,2.8466,3.2452,2.4364,0.0,0.0,0.0279,1.3908,9.1931,0.0,0.0871,3527801,3981.0,155.171,25.655567084055654,350013,Marília,3504,Marília,-22.427223723048368,-49.8169891251188,SEM DADOS,BAIXO,34.6264,8,cattle
3527900,0.0,47.7989,0.0,0.0,33.2698,0.7066,0.0366,0.0186,0.9296,25.8026,161.3824,1.1366,3527900,2661.0,475.226,5.5994411080201845,350014,Assis,3504,Marília,-22.32528276340579,-50.38547535995065,BAIXO,MÉDIO,271.0817,9,sugarcane
3528007,0.0,1.1122,0.0,0.785,1.5459,0.0,0.0284,0.1179,5.8792,12.4959,336.7719,0.7388,3528007,16829.0,224.514,74.95746367709809,350009,Bauru,3503,Bauru,-22.48712866578118,-48.71938712641193,BAIXO,MÉDIO,359.47520000000003,9,sugarcane
3528106,0.0,35.7886,0.0,0.0,5.545,0.2591,16.7496,0.0524,2.6135,2.654,112.4616,14.624,3528106,7481.0,248.087,30.154744101867493,350025,São José do Rio Preto,3507,São José do Rio Preto,-20.837928574531308,-49.97500241912708,SEM DADOS,MÉDIO,190.7478,9,sugarcane
3528205,0.0,45.4332,1.3007,0.1298,2.0164,0.0,0.8853,0.0278,1.3845,2.2706,128.2062,7.3499,3528205,3963.0,327.567,12.098288289113372,350029,Fernandópolis,3507,São José do Rio Preto,-20.098086998719328,-50.18154746851134,SEM DADOS,MÉDIO,189.0044,10,sugarcane
3528304,0.0,16.8306,0.2625,0.0,4.1895,0.0,0.0426,0.0222,1.1057,17.6932,314.1896,1.4586,3528304,3165.0,312.282,10.135070224988953,350022,Araçatuba,3506,Araçatuba,-20.59646390330948,-50.230005407649344,SEM DADOS,MÉDIO,355.79449999999997,9,sugarcane
3528403,0.0,4.2413,0.0,0.0,5.0409,0.0,3.7793,0.3504,17.4769,2.654,0.0,3.0688,3528403,50027.0,210.149,238.0549039015175,350003,Sorocaba,3502,Sorocaba,-23.507961176273387,-47.229279436138576,SEM DADOS,BAIXO,36.611599999999996,7,rsu_organic
3528502,0.0,0.2518,0.0,0.0,0.0,0.0,0.0176,0.6575,32.7874,0.0,0.0,0.1515,3528502,93853.0,320.697,292.65318977103,350001,São Paulo,3501,São Paulo,-23.317269299134946,-46.56127473751348,SEM DADOS,BAIXO,33.8658,5,rsu_organic
3528601,0.0,11.0692,2.1852,9.3834,38.5656,20.8093,0.0546,0.0691,3.4484,16.268,98.9662,1.5533,3528601,9871.0,229.046,43.096146625568664,350007,Avaré,3502,Sorocaba,-23.046999268780453,-49.30364496154056,BAIXO,MÉDIO,202.3723,11,sugarcane
3528700,0.0001,136.4801,0.0083,0.0,10.0818,9.4216,0.2737,0.032,1.5976,3.6861,275.5309,6.3648,3528700,4573.0,919.519,4.9732523199629375,350021,Presidente Epitácio-Presidente Venceslau,3505,Presidente Prudente,-22.127697667921627,-52.056586004835495,MÉDIO,MÉDIO,443.477,11,sugarcane
3528809,0.0003,8.6173,0.0,0.0,399.2379,1.0207,0.1525,0.0888,4.4273,208.2396,386.4819,4.5463,3528809,12673.0,533.498,23.754540785532466,350014,Assis,3504,Marília,-22.652273453797026,-50.7454310976076,MÉDIO,MUITO ALTO,1012.8126,10,corn
3528858,0.0,2.639,0.4532,0.0,1.9603,1.7273,2.0189,0.0231,1.1501,0.983,156.7827,0.9472,3528858,3292.0,111.267,29.5864901543135,350026,Catanduva,3507,São José do Rio Preto,-21.255510507027154,-49.13776025800016,SEM DADOS,MÉDIO,168.6848,10,sugarcane
3528908,0.0,42.8871,0.0,0.51,1.1762,0.3533,0.0972,0.0246,1.2273,0.2384,15.9414,1.7996,3528908,3513.0,186.544,18.83201818337765,350019,Adamantina - Lucélia,3505,Presidente Prudente,-21.77916404067143,-51.17179964901007,SEM DADOS,BAIXO,64.2551,10,cattle
3529005,0.0,152.1648,8.1616,3.4647,40.3271,32.0336,4.6802,1.6646,83.0147,6.7087,89.9693,0.6668,3529005,237627.0,1170.515,203.01064061545557,350013,Marília,3504,Marília,-22.17779338185485,-49.98309253191766,MÉDIO,MÉDIO,422.8561,11,cattle
3529104,0.0,18.379,1.3107,0.0,0.4285,0.0,0.0172,0.013,0.6498,1.327,8.3643,0.8335,3529104,1860.0,77.827,23.899160959564163,350028,Jales,3507,São José do Rio Preto,-20.479877899528404,-50.832319008981045,MÉDIO,BAIXO,31.323000000000004,9,cattle
3529203,0.0,113.0344,0.0,0.6336,39.0192,0.0,0.1282,0.1743,8.6921,26.2646,877.3264,5.8723,3529203,24881.0,1253.564,19.848208787106202,350018,Presidente Prudente,3505,Presidente Prudente,-22.17245243849709,-51.12348254201108,BAIXO,MUITO ALTO,1071.1451000000002,9,sugarcane
3529302,0.0,6.6784,28.2022,0.3091,10.8239,0.0,6.2512,0.5536,27.6101,26.761,421.731,2.7467,3529302,79033.0,524.899,150.56801403698617,350036,Araraquara,3509,Araraquara,-21.610117990761175,-48.430118467621426,MÉDIO,ALTO,531.6672,10,sugarcane
3529401,0.0,0.0606,0.0,0.0,0.0,0.0,0.0013,2.93,146.119,0.0,0.0,0.1515,3529401,418261.0,61.937,6753.007087847329,350001,São Paulo,3501,São Paulo,-23.666162873081657,-46.446395139344276,MÉDIO,MÉDIO,149.2624,5,rsu_organic
3529500,0.0,11.7006,0.5095,0.0185,7.3933,0.0,0.1929,0.0431,2.1516,1.4744,224.9232,1.326,3529500,6159.0,195.151,31.560176478726728,350025,São José do Rio Preto,3507,São José do Rio Preto,-21.193999470109194,-49.57024586293655,SEM DADOS,MÉDIO,249.7331,10,sugarcane
3529609,0.0,20.6424,2.5505,0.0,13.9464,0.1319,2.2313,0.032,1.5972,3.3175,166.4432,0.2311,3529609,4572.0,228.199,20.035144763999842,350029,Fernandópolis,3507,São José do Rio Preto,-20.398190874364616,-50.1866576448125,ALTO,MÉDIO,211.1235,10,sugarcane
3529658,0.0514,8.9808,1.0106,0.0,0.5041,0.0,0.0333,0.0137,0.6819,5.1114,136.4384,1.5268,3529658,1952.0,148.636,13.132753841599612,350028,Jales,3507,São José do Rio Preto,-19.95748479959311,-50.61539731240532,BAIXO,MÉDIO,154.35240000000002,10,sugarcane
3529708,0.0,6.4333,0.0,0.0,173.9553,0.0,3.5266,0.1362,6.7917,153.4004,739.1539,28.5585,3529708,19441.0,820.849,23.684014964993562,350035,Ituverava,3508,Ribeirão Preto,-20.184698635979306,-48.105479531170126,SEM DADOS,MUITO ALTO,1111.9559,8,sugarcane
3529807,0.0,5.2525,0.0254,0.3802,2.8733,0.0,1.1788,0.0787,3.9232,8.564,233.2172,0.5683,3529807,11230.0,213.242,52.663171420264305,350010,Jaú,3503,Bauru,-22.463261685715143,-48.4332233873782,SEM DADOS,MÉDIO,256.0616,10,sugarcane
3529906,0.0,4.3086,0.0,0.0,0.0,0.157,0.0209,0.13,6.4815,0.0,0.0,0.2122,3529906,18553.0,1001.484,18.525508145911466,350005,Registro,3502,Sorocaba,-24.195075204462913,-47.39469449331707,SEM DADOS,BAIXO,11.3102,6,rsu_organic
3530003,0.0,29.1829,0.0273,0.0,1.5235,0.0,1.9442,0.0219,1.0921,0.9191,16.8451,0.394,3530003,3126.0,216.825,14.417156693185749,350029,Fernandópolis,3507,São José do Rio Preto,-19.95176172669501,-50.12430126924519,MÉDIO,BAIXO,51.9501,9,cattle
3530102,0.0,102.7704,0.0233,0.0402,13.1511,0.0,6.9242,0.196,9.7758,3.5386,497.9237,3.5992,3530102,27983.0,917.694,30.492735051117258,350024,Andradina,3506,Araçatuba,-21.081071239584485,-51.13052688652137,MÉDIO,ALTO,637.9425,10,sugarcane
3530201,0.0007,182.4101,0.0,0.0,90.7359,1.8843,0.2814,0.1115,5.5606,22.1165,421.731,11.7447,3530201,15917.0,1238.931,12.84736599536213,350018,Presidente Prudente,3505,Presidente Prudente,-22.34924551166115,-51.9979677753934,BAIXO,ALTO,736.5767,10,sugarcane
3530300,0.0,23.7648,7.1924,0.0,9.4096,0.0788,2.5723,0.4437,22.1267,7.4312,189.779,5.001,3530300,63337.0,243.228,260.40176295492296,350025,São José do Rio Preto,3507,São José do Rio Preto,-20.827678324201884,-49.50425762298471,SEM DADOS,MÉDIO,267.79949999999997,10,sugarcane
3530409,0.0,14.2454,0.6235,0.0,1.6803,0.033,23.7871,0.0327,1.6311,7.3722,92.3591,0.6251,3530409,4669.0,166.125,28.105342362678705,350025,São José do Rio Preto,3507,São José do Rio Preto,-20.59500456343455,-49.48700555156826,SEM DADOS,MÉDIO,142.3895,10,sugarcane
3530508,0.0173,70.0153,54.177,4.9451,128.0384,2.474,80.0092,0.4741,23.6443,39.3183,449.6139,37.886,3530508,67681.0,855.156,79.14462390487817,350047,São José do Rio Pardo - Mococa,3510,Campinas,-21.44947823726085,-47.032967775757484,SEM DADOS,ALTO,890.6129,12,sugarcane
3530607,0.0,5.3858,0.0,0.0,0.0,2.5595,5.3383,3.1629,157.7327,0.0,0.0,0.9093,3530607,451505.0,712.541,633.6547651293048,350001,São Paulo,3501,São Paulo,-23.56957818752815,-46.18607190097613,SEM DADOS,MÉDIO,175.0885,6,rsu_organic
3530706,0.0133,20.7151,98.008,1.4835,60.9947,70.3483,3.4711,1.0764,53.6802,36.1237,256.6936,28.4145,3530706,153658.0,812.753,189.05866850076222,350043,Mogi Guaçu,3510,Campinas,-22.23209436226424,-47.02896651307163,BAIXO,ALTO,631.0224,12,sugarcane
3530805,0.0118,22.9973,39.3744,0.0,32.7657,1.4604,6.7154,0.6484,32.335,33.5434,158.8028,78.424,3530805,92558.0,497.708,185.96847951007416,350043,Mogi Guaçu,3510,Campinas,-22.45134762406725,-46.98838334006633,SEM DADOS,MÉDIO,407.0786,11,sugarcane
3530904,0.0,3.7929,0.0,0.0,0.7281,0.0,11.8249,0.0261,1.3003,0.7372,149.8663,61.1859,3530904,3722.0,133.698,27.838860715941898,350040,Piracicaba,3510,Campinas,-22.942719792489502,-47.602005744862154,SEM DADOS,MÉDIO,229.4617,8,sugarcane
3531001,0.0,9.0077,0.1667,0.0,1.0026,0.0,0.0,0.0136,0.6767,4.7673,40.4148,0.0,3531001,1937.0,104.352,18.56217417969948,350022,Araçatuba,3506,Araçatuba,-20.863136009215754,-50.07945800793474,SEM DADOS,BAIXO,56.0494,7,sugarcane
3531100,0.0,0.0175,0.0,0.0,0.0,0.0,0.0146,0.434,21.6425,0.0,0.0,0.0758,3531100,61951.0,142.755,433.96728660992613,350002,Santos,3501,São Paulo,-24.07016371575314,-46.668070152698625,SEM DADOS,BAIXO,22.1844,5,rsu_organic
3531209,0.0027,6.4818,0.0,2.2315,2.1844,3.5645,17.946,0.0604,3.0138,0.0,1.2652,0.0,3531209,8627.0,110.308,78.20828951662617,350048,Amparo,3510,Campinas,-22.704302186233267,-46.667659134321326,SEM DADOS,BAIXO,36.7503,9,poultry
3531308,0.0,20.6545,0.6535,0.0525,8.0654,1.0835,2.4454,0.3333,16.6199,6.1926,222.449,2.7808,3531308,47574.0,346.95,137.12062256809338,350031,Ribeirão Preto,3508,Ribeirão Preto,-21.259314842362144,-48.53300921900514,MÉDIO,MÉDIO,281.3304,11,sugarcane
3531407,0.0,44.1554,1.0683,0.0556,5.853,0.0338,5.309,0.1561,7.7835,8.1831,359.8771,21.9739,3531407,22280.0,495.559,44.95932875802881,350025,São José do Rio Preto,3507,São José do Rio Preto,-20.73747436805824,-49.76584083810653,BAIXO,MÉDIO,454.4488,11,sugarcane
3531506,0.0,8.9673,27.9551,0.8005,2.5204,0.0628,5.3988,0.1272,6.341,9.5838,341.6021,25.7625,3531506,18151.0,263.462,68.89418587879847,350032,Barretos,3508,Ribeirão Preto,-20.908887011752103,-48.68131635995084,SEM DADOS,MÉDIO,429.1215,11,sugarcane
3531605,0.0,15.3764,0.0,0.0,0.6301,0.5182,0.3215,0.0296,1.475,1.6219,175.4401,1.0229,3531605,4222.0,233.547,18.077731677135652,350020,Dracena,3505,Presidente Prudente,-21.254858595555724,-51.571367176075995,SEM DADOS,MÉDIO,196.4357,9,sugarcane
3531704,0.0,18.4423,0.0,0.0,0.0,0.0,0.0897,0.029,1.4456,0.0,0.0,1.7428,3531704,4138.0,332.742,12.43606157323091,350049,São José dos Campos,3511,São José dos Campos,-22.93656490158133,-45.80428590633323,SEM DADOS,BAIXO,21.749399999999998,5,cattle
3531803,0.0,11.4448,0.0,0.0711,3.3606,0.0,8.2253,0.453,22.5896,2.3837,188.1497,12.8812,3531803,64662.0,240.566,268.79110098683935,350038,Campinas,3510,Campinas,-22.953195925275093,-47.307329064197056,SEM DADOS,MÉDIO,249.559,9,sugarcane
3531902,0.0015,16.5505,0.0,0.0,23.5185,0.0,2.5237,0.1957,9.7584,109.5875,1877.5464,3.8189,3531902,27933.0,1388.127,20.12279856237938,350034,São Joaquim da Barra - Orlândia,3508,Ribeirão Preto,-20.688723869795012,-48.15332679800831,BAIXO,CRÍTICO,2043.5011,9,sugarcane
3532009,0.0,10.159,0.1181,0.2225,16.0944,11.9624,16.4505,0.0961,4.7931,1.4744,0.0506,0.0,3532009,13720.0,146.752,93.49105974705625,350039,Jundiaí,3510,Campinas,-22.893861195379724,-46.78254442470356,BAIXO,BAIXO,61.4211,10,poultry
3532058,0.0001,1.3438,5.3389,0.0124,0.8261,0.0,1.4207,0.0283,1.4093,5.7503,270.8562,1.2692,3532058,4034.0,228.7,17.63882815916047,350036,Araraquara,3509,Araraquara,-21.51380670672189,-48.170320757964944,SEM DADOS,MÉDIO,288.25530000000003,11,sugarcane
3532108,0.0,38.7939,0.0,0.0,2.1424,0.0,0.0711,0.0262,1.3055,0.4718,112.4616,3.5234,3532108,3737.0,250.873,14.895983226572808,350024,Andradina,3506,Araçatuba,-20.996762045297807,-51.30144183316814,SEM DADOS,MÉDIO,158.7959,8,sugarcane
3532157,0.0,9.9152,0.0,0.7727,67.4358,1.2013,0.0336,0.0186,0.9293,60.3167,133.5063,0.5683,3532157,2660.0,286.647,9.27970639846222,350018,Presidente Prudente,3505,Presidente Prudente,-22.59687202778187,-51.20088981389668,BAIXO,MÉDIO,274.6978,10,sugarcane
3532207,0.0,9.1222,0.0,0.0,5.0409,0.0,0.1344,0.04,1.9958,1.0247,403.6902,3.2203,3532207,5713.0,357.325,15.988245994542783,350018,Presidente Prudente,3505,Presidente Prudente,-22.563711323487688,-51.521678701260235,BAIXO,MÉDIO,424.2685,8,sugarcane
3532306,0.0009,30.8471,0.0,0.0,0.5601,18.8738,1.3196,0.049,2.4451,0.0,0.0,1.5344,3532306,6999.0,833.372,8.398410313761442,350050,Taubaté - Pindamonhangaba,3511,São José dos Campos,-23.415131233827154,-45.38144812531223,SEM DADOS,BAIXO,55.63,8,cattle
3532405,0.0004,7.5401,0.0465,0.0773,3.5286,20.9349,0.2288,0.1276,6.3641,0.0,0.8013,5.8723,3532405,18217.0,326.254,55.8368633028254,350041,Bragança Paulista,3510,Campinas,-23.19142656118691,-46.366493181116894,SEM DADOS,BAIXO,45.5219,11,forestry
3532504,0.0,22.4588,0.857,0.0742,4.0327,0.0,3.5144,0.0679,3.3883,9.7313,202.4309,12.1235,3532504,9699.0,219.05,44.27756220041086,350025,São José do Rio Preto,3507,São José do Rio Preto,-20.87046747121732,-49.64650942862513,SEM DADOS,MÉDIO,258.67900000000003,10,sugarcane
3532603,0.0,47.3869,0.3997,0.0,7.5613,0.0,5.0847,0.069,3.4418,10.6159,288.464,1.4018,3532603,9852.0,436.159,22.588092874387552,350027,Votuporanga,3507,São José do Rio Preto,-20.67309947437904,-50.046813058359064,SEM DADOS,MÉDIO,364.42510000000004,9,sugarcane
3532702,0.0,9.1491,5.141,0.0,3.7807,0.0173,3.2153,0.0333,1.6594,1.4155,130.3149,1.7617,3532702,4750.0,137.609,34.5180911132266,350025,São José do Rio Preto,3507,São José do Rio Preto,-20.891605728561785,-49.778243894730345,SEM DADOS,MÉDIO,156.48819999999998,10,sugarcane
3532801,0.0,15.5515,1.2569,0.0093,0.4201,0.0,11.8145,0.0469,2.3382,0.0,236.1694,1.9322,3532801,6693.0,217.515,30.770291704020416,350025,São José do Rio Preto,3507,São José do Rio Preto,-21.0626207545152,-49.51597569054507,SEM DADOS,MÉDIO,269.539,9,sugarcane
3532827,0.0,2.635,0.782,0.0,3.9767,91.8729,0.1005,0.0595,2.9684,2.7351,0.0422,0.3789,3532827,8497.0,385.375,22.048653908530653,350004,Itapeva,3502,Sorocaba,-24.19062212735448,-48.9729133502219,MÉDIO,MÉDIO,105.55120000000001,10,forestry
3532843,0.0,23.0512,0.0283,0.0,2.2964,1.4132,0.0389,0.0142,0.7099,0.0,35.8471,1.2124,3532843,2032.0,124.473,16.324825464156884,350030,Santa Fé do Sul,3507,São José do Rio Preto,-20.372050999117334,-50.91055884584506,MÉDIO,BAIXO,64.6116,9,sugarcane
3532868,0.0,21.6603,0.0038,0.0,4.5368,0.0,1.4013,0.0074,0.371,8.4043,141.7016,1.6859,3532868,1062.0,183.396,5.79074788981221,350022,Araçatuba,3506,Araçatuba,-20.77781977636481,-50.34575347718714,SEM DADOS,MÉDIO,179.7724,9,sugarcane
3532900,0.0,1.1149,2.8755,0.0309,5.3769,0.0,2.3629,0.0652,3.2528,8.0824,176.565,0.5493,3532900,9311.0,160.25,58.10296411856474,350036,Araraquara,3509,Araraquara,-21.77433575381404,-48.54967123941517,SEM DADOS,MÉDIO,200.2758,10,sugarcane
3533007,0.0,53.7098,24.9129,0.0,24.1962,0.0,5.4224,0.136,6.784,14.3758,371.1233,10.646,3533007,19419.0,531.796,36.51588202995133,350025,São José do Rio Preto,3507,São José do Rio Preto,-20.476001611894173,-49.33110547497763,SEM DADOS,ALTO,511.30639999999994,9,sugarcane
3533106,0.0,5.1165,0.0,0.0062,0.3361,0.1963,0.0224,0.0151,0.7532,0.0,24.1399,1.1366,3533106,2156.0,34.158,63.11844955793664,350020,Dracena,3505,Presidente Prudente,-21.322363559747497,-51.64544749343319,MÉDIO,BAIXO,31.722300000000004,9,sugarcane
3533205,0.0,13.3083,0.0,0.0,0.0,0.0,0.0527,0.0323,1.6101,0.0,221.4088,1.0419,3533205,4609.0,265.029,17.39054971342759,350024,Andradina,3506,Araçatuba,-21.135299235307208,-51.50521335497736,SEM DADOS,MÉDIO,237.4541,6,sugarcane
3533254,0.0,1.4946,0.125,0.0062,1.2602,0.0,0.0479,0.0309,1.5413,3.3175,112.4616,0.7388,3533254,4412.0,117.772,37.462215127534556,350026,Catanduva,3507,São José do Rio Preto,-20.988561591769006,-48.91798591566191,SEM DADOS,MÉDIO,121.024,10,sugarcane
3533304,0.0,13.7769,0.0,0.0,2.2124,0.0,0.0141,0.0199,0.9911,1.8062,45.6594,2.1974,3533304,2837.0,73.816,38.43340197247209,350022,Araçatuba,3506,Araçatuba,-20.868657220619202,-50.24936115071986,BAIXO,BAIXO,66.67739999999999,8,sugarcane
3533403,0.0,0.377,0.0,0.0,5.0549,0.0,0.006,0.4345,21.6663,1.5088,0.0,0.61,3533403,62019.0,73.788,840.5025207350789,350038,Campinas,3510,Campinas,-22.78411059903785,-47.28515757021841,MÉDIO,BAIXO,29.6575,7,rsu_organic
3533502,0.0,28.8813,7.0013,0.17,7.2813,0.5025,0.1869,0.2685,13.3884,10.3211,1314.395,5.6829,3533502,38324.0,931.743,41.1315137328641,350025,São José do Rio Preto,3507,São José do Rio Preto,-21.469169120993943,-49.2837968974658,BAIXO,MUITO ALTO,1388.0792,11,sugarcane
3533601,0.0,4.7691,0.0,5.3006,18.1472,0.0,29.6591,0.0518,2.582,35.5855,484.9907,2.652,3533601,7391.0,348.265,21.22234505333582,350034,São Joaquim da Barra - Orlândia,3508,Ribeirão Preto,-20.704857059757384,-47.72906916584379,SEM DADOS,ALTO,583.7379999999999,9,sugarcane
3533700,0.0,29.1385,4.3673,2.8125,1.0838,0.0,0.0,0.0303,1.513,7.8514,41.2242,0.5304,3533700,4331.0,301.036,14.38698361657742,350013,Marília,3504,Marília,-22.43808837457204,-49.93793853492436,BAIXO,BAIXO,88.5514,9,sugarcane
3533809,0.0,11.3034,0.0,0.2534,20.9617,0.1884,0.0801,0.0176,0.8776,50.1358,105.7139,1.1366,3533809,2512.0,198.938,12.627049633554174,350007,Avaré,3502,Sorocaba,-22.953659996853123,-49.38304208493236,MÉDIO,MÉDIO,190.6685,10,sugarcane
3533908,0.0031,22.0521,14.5944,0.0155,9.2836,0.0,3.2602,0.3858,19.24,4.4086,923.5909,1.6329,3533908,55074.0,802.555,68.62333422631471,350032,Barretos,3508,Ribeirão Preto,-20.70523943999477,-48.95961364616045,SEM DADOS,ALTO,998.4671000000001,11,sugarcane
3534005,0.0,6.5303,20.4399,0.0,10.2022,0.0,5.9678,0.0334,1.6667,2.2117,234.2013,0.5986,3534005,4771.0,242.946,19.63810888016267,350025,São José do Rio Preto,3507,São José do Rio Preto,-20.617430693518056,-49.24363635095367,MÉDIO,MÉDIO,281.8519,9,sugarcane
3534104,0.0,19.6433,0.0,0.4543,1.5123,6.8307,0.0013,0.0426,2.1258,0.0,56.2308,0.2463,3534104,6085.0,218.668,27.8275742221084,350013,Marília,3504,Marília,-22.14194758817424,-50.09372671618689,SEM DADOS,BAIXO,87.0874,9,sugarcane
3534203,0.0001,8.01,3.4019,0.0,2.3664,0.0188,0.0308,0.0422,2.1045,62.0566,286.7771,0.716,3534203,6024.0,247.378,24.351397456524026,350025,São José do Rio Preto,3507,São José do Rio Preto,-20.20159711125757,-49.35548317291819,MÉDIO,MÉDIO,365.5244,11,sugarcane
3534302,0.0,6.1115,0.0,3.0567,2.1844,0.0,2.8693,0.2684,13.3867,17.5212,375.3406,4.1106,3534302,38319.0,291.765,131.33514986376022,350034,São Joaquim da Barra - Orlândia,3508,Ribeirão Preto,-20.697873991546608,-47.90583263088929,SEM DADOS,MÉDIO,424.8494,9,sugarcane
3534401,0.0,0.0,0.0,0.0,0.0,0.0,0.0,5.1041,254.5408,0.0,0.0,0.0,3534401,728615.0,64.954,11217.400006158205,350001,São Paulo,3501,São Paulo,-23.528749265952232,-46.789267377969026,MÉDIO,MÉDIO,259.6449,2,rsu_organic
3534500,0.0,39.3917,0.0,0.4327,2.8285,0.0,0.0303,0.0173,0.8629,1.44,29.6969,0.4205,3534500,2470.0,222.13,11.119614640075632,350013,Marília,3504,Marília,-22.295353163292532,-50.25736489994504,MÉDIO,BAIXO,75.1208,9,cattle
3534609,0.0,41.3966,0.0,4.2868,3.9543,0.7671,4.2749,0.2191,10.9248,1.0665,56.0902,1.8829,3534609,31272.0,248.038,126.07745587369676,350019,Adamantina - Lucélia,3505,Presidente Prudente,-21.732734496385547,-50.87388645380617,MÉDIO,MÉDIO,124.8632,10,sugarcane
3534708,0.0,8.6173,0.0,0.1144,49.5687,22.4549,3.1247,0.7283,36.3218,35.3865,374.4971,6.0618,3534708,103970.0,295.818,351.4661041586381,350015,Ourinhos,3504,Marília,-22.95268901279265,-49.85243338691654,SEM DADOS,ALTO,536.8755,10,sugarcane
3534757,0.0,22.5557,1.0252,0.0,6.4691,0.0,0.0837,0.0721,3.5962,5.1605,160.2578,1.3942,3534757,10294.0,288.648,35.66281422355256,350029,Fernandópolis,3507,São José do Rio Preto,-19.922475545860078,-50.40195888693421,BAIXO,MÉDIO,200.6145,9,sugarcane
3534807,0.0001,22.8896,0.0083,0.102,0.3025,0.0,0.0266,0.0545,2.7176,0.344,219.019,0.8335,3534807,7779.0,266.778,29.159076085734203,350020,Dracena,3505,Presidente Prudente,-21.510412372617086,-51.7378468164821,BAIXO,MÉDIO,246.2977,11,sugarcane
3534906,0.0,57.8677,0.01,1.2054,5.2033,0.2222,0.5414,0.1042,5.1973,1.5506,127.9251,2.2353,3534906,14877.0,339.375,43.83646408839779,350019,Adamantina - Lucélia,3505,Presidente Prudente,-21.495565626990107,-51.27421360101102,BAIXO,MÉDIO,202.0625,11,sugarcane
3535002,0.0,50.3074,8.7852,0.0,19.4634,0.0,4.1211,0.0804,4.0091,21.2958,746.4639,5.986,3535002,11476.0,697.701,16.44830665284986,350025,São José do Rio Preto,3507,São José do Rio Preto,-20.321150757757287,-49.4976492190624,SEM DADOS,ALTO,860.5123,9,sugarcane
3535101,0.0,0.0943,0.0125,0.0,0.2576,0.0,0.0157,0.0676,3.3712,13.2699,202.6333,0.2084,3535101,9650.0,82.125,117.50380517503805,350026,Catanduva,3507,São José do Rio Preto,-21.104713773967116,-48.82666529540456,SEM DADOS,MÉDIO,219.9305,9,sugarcane
3535200,0.0,70.325,1.0344,0.0,0.2324,0.0,0.0521,0.0624,3.1103,1.5924,11.9209,8.1265,3535200,8903.0,318.74,27.93185668569994,350028,Jales,3507,São José do Rio Preto,-20.438956546924686,-50.74875292319417,SEM DADOS,BAIXO,96.4564,9,cattle
3535309,0.0178,5.3858,0.0,0.0,343.5222,0.5182,2.5199,0.1373,6.8451,265.1725,574.7772,9.623,3535309,19594.0,548.407,35.72893854381873,350014,Assis,3504,Marília,-22.82880500198394,-50.220934414864004,BAIXO,MUITO ALTO,1208.519,10,sugarcane
3535408,0.0493,19.1196,0.0,0.0,0.28,1.1777,0.0224,0.1048,5.2277,0.0,181.3443,1.4018,3535408,14964.0,356.05,42.02780508355568,350020,Dracena,3505,Presidente Prudente,-21.463306121885324,-51.85806606142969,MÉDIO,MÉDIO,208.7276,9,sugarcane
3535507,0.0028,43.8942,0.0,0.0216,25.1204,1.5389,4.5408,0.2881,14.3652,53.8907,948.8948,3.4476,3535507,41120.0,1001.492,41.0587403593838,350014,Assis,3504,Marília,-22.459099051598066,-50.62658448262193,SEM DADOS,MUITO ALTO,1096.0051,11,sugarcane
3535606,0.0043,43.1671,0.0,0.0,0.168,35.3312,0.1196,0.1238,6.1719,0.0,0.0225,3.0309,3535606,17667.0,809.576,21.822534264849747,350049,São José dos Campos,3511,São José dos Campos,-23.478379304755432,-45.641848979950154,SEM DADOS,BAIXO,88.1393,9,cattle
3535705,0.0001,1.6965,3.4382,0.0031,2.5204,0.1994,0.0523,0.0427,2.1307,4.4233,191.1847,1.5912,3535705,6099.0,155.186,39.30122562602296,350026,Catanduva,3507,São José do Rio Preto,-21.0196448757004,-48.76466216952328,SEM DADOS,MÉDIO,207.28259999999997,12,sugarcane
3535804,0.0005,39.7808,16.2962,0.0,204.1221,54.475,1.955,0.1359,6.7756,205.6839,52.3273,22.9741,3535804,19395.0,1018.724,19.03852270094746,350007,Avaré,3502,Sorocaba,-23.43848235543118,-48.79520918897933,SEM DADOS,ALTO,604.5264,11,soybean
3535903,0.0,10.373,1.2659,0.0,0.7281,0.0,0.0193,0.0282,1.4082,6.2172,132.0861,1.2124,3535903,4031.0,140.354,28.72023597474956,350028,Jales,3507,São José do Rio Preto,-20.06377095677244,-50.59404469415986,SEM DADOS,MÉDIO,153.33839999999998,9,sugarcane
3536000,0.0,40.7153,0.0,4.7102,6.3011,0.2826,23.0486,0.0741,3.6961,12.9013,229.8223,0.4357,3536000,10580.0,366.664,28.854755307311326,350016,Tupã,3504,Marília,-21.852909982910194,-50.82170639203185,BAIXO,MÉDIO,321.9873,10,sugarcane
3536109,0.0,14.7773,5.8344,1.9008,16.2008,0.0,2.318,0.0501,2.4989,24.2299,0.0,0.0,3536109,7153.0,209.894,34.079106596663074,350011,Botucatu,3503,Bauru,-23.10220959284553,-48.40179048268678,MÉDIO,BAIXO,67.8102,8,soybean
3536208,0.0005,3.1642,0.0,0.0062,0.9802,0.0314,0.0897,0.1347,6.719,0.0,0.0703,0.3789,3536208,19233.0,359.414,53.5121058166905,350005,Registro,3502,Sorocaba,-24.678263881729343,-47.850095834941385,BAIXO,BAIXO,11.5751,10,rsu_organic
3536257,0.0,14.7503,1.2752,0.0,9.7457,0.4836,0.673,0.0203,1.0103,1.2164,15.5338,0.4925,3536257,2892.0,84.737,34.12912895193363,350027,Votuporanga,3507,São José do Rio Preto,-20.271576958572535,-50.03738032019792,SEM DADOS,BAIXO,45.2011,10,sugarcane
3536307,0.0,30.9683,16.6698,17.0607,12.6022,6.9092,1.5703,0.1017,5.0697,10.6159,404.8618,26.5202,3536307,14512.0,602.848,24.07240299378948,350033,Franca,3508,Ribeirão Preto,-20.704206193508163,-47.28941534268301,MÉDIO,ALTO,532.9498,11,sugarcane
3536406,0.0027,16.8306,0.0083,0.0,0.3529,2.737,0.0553,0.0557,2.7791,2.9489,264.3129,1.326,3536406,7955.0,374.091,21.26487940100136,350020,Dracena,3505,Presidente Prudente,-21.198343410330864,-51.7907214908928,SEM DADOS,MÉDIO,291.4094,11,sugarcane
3536505,0.0,0.4309,0.0617,0.0,0.8373,0.0,0.3006,0.7743,38.616,0.0,86.3604,0.341,3536505,110537.0,138.777,796.5080668986936,350038,Campinas,3510,Campinas,-22.748367852468913,-47.14507367073476,MÉDIO,MÉDIO,127.7222,8,sugarcane
3536570,0.0,9.4251,6.9628,0.0,0.4201,62.811,0.4638,0.0146,0.7301,5.3448,1.2793,1.0798,3536570,2090.0,256.178,8.158389869543832,350009,Bauru,3503,Bauru,-22.568387899236598,-49.30556696832163,MÉDIO,BAIXO,88.5314,10,forestry
3536604,0.0,39.7876,3.3002,0.0,18.3152,0.0212,0.882,0.0518,2.5852,21.6251,860.3312,4.8494,3536604,7400.0,737.986,10.027290490605512,350025,São José do Rio Preto,3507,São José do Rio Preto,-20.06662125387933,-49.46342141711723,BAIXO,ALTO,951.7488999999999,10,sugarcane
3536703,0.0002,35.7509,6.2412,0.0433,50.5937,15.6556,6.6101,0.314,15.6603,44.5206,820.1824,10.7672,3536703,44827.0,727.482,61.61939401937093,350009,Bauru,3503,Bauru,-22.301432493095216,-48.861056139745635,SEM DADOS,MUITO ALTO,1006.3394999999999,12,sugarcane
3536802,0.0012,16.1574,0.0,0.2813,23.5241,9.5944,3.7388,0.0459,2.2907,2.2117,0.3562,18.943,3536802,6557.0,158.587,41.346390309420066,350041,Bragança Paulista,3510,Campinas,-22.77575824257627,-46.44184792129346,SEM DADOS,BAIXO,77.1447,11,corn
3536901,0.0,58.1706,5.7888,0.0,0.252,1.7587,8.2599,0.0195,0.9736,0.8847,152.9478,0.2349,3536901,2787.0,260.101,10.71506837728421,350029,Fernandópolis,3507,São José do Rio Preto,-20.210108446160447,-50.10700819138898,SEM DADOS,MÉDIO,229.2905,10,sugarcane
3537008,0.0,10.7716,14.5861,76.4948,38.6468,0.8951,1.9591,0.1088,5.4236,11.5006,140.3521,5.4935,3537008,15525.0,712.604,21.786293649769014,350033,Franca,3508,Ribeirão Preto,-20.205584606276616,-47.43906245809608,SEM DADOS,MÉDIO,306.2321,11,sugarcane
3537107,0.0,5.3858,0.0,0.0433,0.28,1.2562,1.4955,0.302,15.0611,0.0,0.0,0.7577,3537107,43112.0,108.817,396.18809561006094,350038,Campinas,3510,Campinas,-22.754747048478258,-46.888554691349874,SEM DADOS,BAIXO,24.581599999999998,8,rsu_organic
3537156,0.0005,1.7504,0.0,0.0,133.729,0.1138,0.0113,0.0196,0.9796,70.9794,75.9116,0.7198,3537156,2804.0,152.309,18.40994294493431,350014,Assis,3504,Marília,-22.816914624722408,-50.80242449832126,MÉDIO,MÉDIO,284.21500000000003,10,corn
3537206,0.0,1.5888,0.0,0.0,0.0,0.0,0.0,0.079,3.941,0.0,0.0,0.1894,3537206,11281.0,670.44,16.826263349442154,350002,Santos,3501,São Paulo,-24.16371278901781,-47.16352873724716,SEM DADOS,BAIXO,5.7982,4,rsu_organic
3537305,0.0,31.9714,0.0,0.1669,6.0491,1.2955,0.0595,0.4321,21.5475,38.9251,581.3815,5.967,3537305,61679.0,711.315,86.71123201394599,350023,Birigui - Penápolis,3506,Araçatuba,-21.40540128343595,-50.095692368526535,SEM DADOS,ALTO,687.7956,10,sugarcane
3537404,0.0,58.5705,2.813,0.0,5.685,0.5653,5.1849,0.1688,8.4176,13.9138,683.2042,4.8494,3537404,24095.0,974.247,24.731921165782396,350024,Andradina,3506,Araçatuba,-20.67774752657119,-51.10647284686379,SEM DADOS,ALTO,783.3725,10,sugarcane
3537503,0.0,52.2018,0.0,0.0,6.3739,0.0,59.82,0.0612,3.0523,0.1229,11.5273,34.0974,3537503,8737.0,223.136,39.15549261436971,350008,Tatuí,3502,Sorocaba,-23.12047949050026,-47.97882631403138,SEM DADOS,MÉDIO,167.2568,8,poultry
3537602,0.0001,0.4039,0.0,0.0,0.0,0.0,0.0359,0.4788,23.8787,0.0,0.0,0.0,3537602,68352.0,326.216,209.52988204134684,350002,Santos,3501,São Paulo,-24.27932818220576,-47.01301328484507,BAIXO,BAIXO,24.7974,5,rsu_organic
3537701,0.0001,29.6448,0.0,0.0464,1.109,14.525,0.0,0.0387,1.9281,5.7503,166.4432,0.0,3537701,5519.0,232.488,23.738859640067446,350023,Birigui - Penápolis,3506,Araçatuba,-21.57133978559466,-50.64360021081193,BAIXO,MÉDIO,219.48559999999998,9,sugarcane
3537800,0.0,13.4645,0.0188,0.0,16.8029,0.0,0.0718,0.3711,18.505,1.2287,0.0,8.9032,3537800,52970.0,746.868,70.92284044837909,350003,Sorocaba,3502,Sorocaba,-23.7870042567651,-47.43814268412686,BAIXO,BAIXO,59.366,8,rsu_organic
3537909,0.0001,17.3476,0.0331,0.0,161.3082,94.2716,1.066,0.1935,9.6487,82.2736,0.0,4.5842,3537909,27619.0,681.248,40.541770397858045,350003,Sorocaba,3502,Sorocaba,-23.856375452538213,-47.72812859386855,MÉDIO,MÉDIO,370.7266,10,corn
3538006,0.0,80.418,0.0494,0.0,14.0025,34.1849,3.7806,1.1589,57.7921,8.6623,0.0,1.7996,3538006,165428.0,731.355,226.19384567002345,350050,Taubaté - Pindamonhangaba,3511,São José dos Campos,-22.880018909475556,-45.45925959082521,BAIXO,MÉDIO,201.8483,9,cattle
3538105,0.0001,11.1486,0.0292,0.0,1.6803,0.7066,0.0927,0.1019,5.0802,5.5291,227.7347,1.5912,3538105,14542.0,184.825,78.67983227377249,350026,Catanduva,3507,São José do Rio Preto,-21.209818861810835,-48.911629330252396,SEM DADOS,MÉDIO,253.69459999999998,11,sugarcane
3538204,0.0004,11.3102,0.0,0.3245,2.1004,7.4981,6.4306,0.1066,5.3185,5.8977,0.1687,0.7767,3538204,15224.0,154.529,98.51872464068234,350041,Bragança Paulista,3510,Campinas,-22.77868788652771,-46.57342679808488,SEM DADOS,BAIXO,39.9324,11,cattle
3538303,0.0006,91.4871,0.0092,0.0,22.3591,4.2397,0.169,0.0229,1.1403,7.8686,70.0833,3.7393,3538303,3264.0,482.769,6.760997495696699,350021,Presidente Epitácio-Presidente Venceslau,3505,Presidente Prudente,-21.852667925210657,-51.73156683688597,SEM DADOS,MÉDIO,201.1191,11,cattle
3538501,0.0,11.1567,0.0,0.0,0.1092,0.0,0.0561,0.0875,4.3634,0.0,0.0,0.7577,3538501,12490.0,175.996,70.96752198913612,350052,Guaratinguetá,3511,São José dos Campos,-22.590299186452587,-45.173773291708486,SEM DADOS,BAIXO,16.5306,6,cattle
3538600,0.0011,21.5432,0.0313,0.0031,1.6803,2.9678,0.987,0.1823,9.0932,0.0,0.7029,1.5344,3538600,26029.0,385.568,67.50819570088804,350041,Bragança Paulista,3510,Campinas,-23.046871869688502,-46.30225713905699,BAIXO,BAIXO,38.7266,11,cattle
3538709,0.0,69.7043,15.5459,0.0,36.8321,22.1409,48.9103,2.9655,147.8874,8.8466,877.2005,7.6151,3538709,423323.0,1378.069,307.18563439131134,350040,Piracicaba,3510,Campinas,-22.726464015947812,-47.784023889660176,BAIXO,MUITO ALTO,1237.6486,10,sugarcane
3538808,0.0,32.0993,1.7003,7.2322,119.3009,1.217,0.1077,0.2062,10.2834,143.9443,89.9693,6.63,3538808,29436.0,504.591,58.33635558303656,350017,Piraju,3504,Marília,-23.186920930260907,-49.36607801946451,MÉDIO,MÉDIO,412.6906,11,soybean
3538907,0.0,74.0008,28.5654,1.2239,18.1472,67.8359,0.0927,0.1571,7.8362,21.0844,377.871,3.0688,3538907,22431.0,823.758,27.230084563670395,350009,Bauru,3503,Bauru,-21.95759336890772,-49.41361325323554,BAIXO,ALTO,599.8833999999999,11,sugarcane
3539004,0.0,2.4236,7.3558,0.0464,0.2016,0.0063,7.5822,0.0763,3.8027,2.8752,269.9078,1.8943,3539004,10885.0,215.809,50.43811889216854,350026,Catanduva,3507,São José do Rio Preto,-21.093851945307325,-48.66942116443556,SEM DADOS,MÉDIO,296.1722,11,sugarcane
3539103,0.0,0.0,0.0,0.0,0.0,0.0,0.0,0.1287,6.4175,0.0,0.0,0.0,3539103,18370.0,108.489,169.32592244375004,350001,São Paulo,3501,São Paulo,-23.378372984862207,-46.984911954049146,SEM DADOS,BAIXO,6.546200000000001,2,rsu_organic
3539202,0.0,40.5752,0.0,0.0958,3.9991,0.0,0.2318,0.1776,8.8553,4.7305,235.7476,6.5543,3539202,25348.0,477.673,53.065590895863906,350018,Presidente Prudente,3505,Presidente Prudente,-22.479183386152272,-51.61979997840014,MÉDIO,MÉDIO,300.9672,9,sugarcane
3539301,0.0,11.5121,17.6936,0.0,146.8577,4.9464,3.1406,0.5152,25.6929,48.6564,494.831,11.3658,3539301,73545.0,727.118,101.14589378890358,350037,São Carlos,3509,Araraquara,-21.99592280737811,-47.38987721987062,SEM DADOS,ALTO,765.2117,10,sugarcane
3539400,0.0,39.0403,10.0638,0.6676,0.6301,73.0963,1.2861,0.1058,5.278,3.2069,39.1648,1.5533,3539400,15108.0,402.409,37.54389191096621,350009,Bauru,3503,Bauru,-22.42495270908694,-49.19179708468538,ALTO,MÉDIO,174.093,11,forestry
3539509,0.0,7.1429,0.1188,0.0124,2.1844,0.0,5.5334,0.2359,11.764,7.2985,802.3011,0.9206,3539509,33674.0,430.638,78.19560744755456,350031,Ribeirão Preto,3508,Ribeirão Preto,-21.006221982020072,-48.24935946729504,SEM DADOS,ALTO,837.5120000000001,10,sugarcane
3539608,0.0005,12.7643,0.0,0.0,6.3851,0.0,2.1685,0.0307,1.5333,8.9203,326.4198,0.8335,3539608,4389.0,289.825,15.143621150694385,350025,São José do Rio Preto,3507,São José do Rio Preto,-21.001202710633912,-49.935992224462474,SEM DADOS,MÉDIO,359.05600000000004,9,sugarcane
3539707,0.0,11.1755,0.0,0.0,108.4294,0.1029,0.0224,0.0212,1.0568,71.4365,170.8011,5.1146,3539707,3025.0,327.48,9.237205325516062,350014,Assis,3504,Marília,-22.625223705375834,-50.212734810686584,SEM DADOS,MÉDIO,368.1604,9,sugarcane
3539806,0.0,0.0566,0.0,0.0,0.0,0.0,0.0,0.7269,36.2502,0.0,0.0,0.0,3539806,103765.0,17.264,6010.484244670992,350001,São Paulo,3501,São Paulo,-23.530476882465116,-46.346783285366605,MÉDIO,BAIXO,37.0337,3,rsu_organic
3539905,0.0,20.3395,0.6795,0.0,7.8974,0.0236,8.2253,0.0392,1.9536,0.7372,171.5039,19.7007,3539905,5592.0,135.12,41.385435168738894,350025,São José do Rio Preto,3507,São José do Rio Preto,-20.752460247454916,-49.81996832267933,BAIXO,MÉDIO,231.0999,10,sugarcane
3540002,0.0,90.4032,0.0,0.7263,7.5613,0.0,0.9565,0.1415,7.0554,8.3551,269.9078,0.9737,3540002,20196.0,784.674,25.738077214231645,350013,Marília,3504,Marília,-22.029189487304006,-50.18772695357616,MÉDIO,MÉDIO,386.0808,9,sugarcane
3540101,0.0,25.2311,0.7293,0.0556,7.3513,1.2562,0.0105,0.0238,1.186,1.7693,143.3885,0.6516,3540101,3395.0,183.399,18.511551317073703,350012,Lins,3503,Bauru,-21.73018810362819,-49.35890699871821,BAIXO,MÉDIO,181.65319999999997,11,sugarcane
3540200,0.0,0.4955,0.0,0.0,2.7165,0.0,0.0046,0.2634,13.138,7.962,625.174,0.25,3540200,37607.0,356.371,105.52766639260771,350031,Ribeirão Preto,3508,Ribeirão Preto,-20.984578817450544,-48.0644211990062,BAIXO,ALTO,650.004,8,sugarcane
3540259,0.0,24.2495,2.672,0.0,8.4015,0.2355,0.2348,0.0289,1.4418,1.7202,179.9386,2.7126,3540259,4127.0,209.525,19.69693354015034,350028,Jales,3507,São José do Rio Preto,-20.450657543643185,-50.52510619263517,BAIXO,MÉDIO,221.6354,10,sugarcane
3540309,0.0,12.7711,0.1223,0.0185,0.5041,0.1822,0.0464,0.0167,0.8339,3.4404,177.127,0.7767,3540309,2387.0,217.505,10.974460357233168,350027,Votuporanga,3507,São José do Rio Preto,-20.174828253873105,-49.757379788592615,BAIXO,MÉDIO,195.8393,11,sugarcane
3540408,0.0,24.1014,1.8868,0.0093,0.1344,0.0,0.1059,0.0289,1.4418,2.4574,238.9809,2.8604,3540408,4127.0,315.938,13.062689515031431,350028,Jales,3507,São José do Rio Preto,-19.907280304941555,-50.51729468410466,MÉDIO,MÉDIO,272.0072,10,sugarcane
3540507,0.0004,45.3484,0.0365,0.0,5.3769,0.0,97.3271,0.0732,3.651,1.2754,12.1509,1.8943,3540507,10451.0,265.689,39.33546364358328,350008,Tatuí,3502,Sorocaba,-23.1738559036144,-48.11735391479004,SEM DADOS,MÉDIO,167.13410000000002,10,poultry
3540606,0.0,27.8715,2.3755,0.0958,9.2416,47.4851,28.0581,0.3958,19.7372,2.9489,305.755,242.0915,3540606,56497.0,556.706,101.48444600920413,350003,Sorocaba,3502,Sorocaba,-23.230333534795903,-47.51691630202317,MÉDIO,ALTO,686.0559999999999,11,sugarcane
3540705,0.0,4.5914,3.5707,0.0,24.1962,0.5653,0.8001,0.3688,18.3929,25.8026,236.5911,0.1894,3540705,52649.0,244.906,214.9763582762366,350037,São Carlos,3509,Araraquara,-21.842613221459512,-47.447175079355404,BAIXO,MÉDIO,315.06850000000003,10,sugarcane
3540754,0.0,7.6061,0.0,0.0,5.713,0.0,0.0079,0.1428,7.1239,3.6861,0.0,0.3031,3540754,20392.0,44.643,456.77933830611744,350052,Guaratinguetá,3511,São José dos Campos,-22.825294449959905,-45.3031575129873,BAIXO,BAIXO,24.5829,7,cattle
3540804,0.0,51.402,6.088,0.0464,16.4669,0.055,1.7318,0.1296,6.4616,6.4875,337.3848,3.978,3540804,18496.0,342.492,54.00418111955899,350025,São José do Rio Preto,3507,São José do Rio Preto,-21.07554311031468,-49.391730625097324,SEM DADOS,MÉDIO,430.23159999999996,11,sugarcane
3540853,0.0,9.7416,0.0,0.0,0.3697,0.1814,0.0191,0.0181,0.9006,0.865,14.7606,0.5115,3540853,2578.0,63.054,40.8855901290957,350019,Adamantina - Lucélia,3505,Presidente Prudente,-21.837522890310545,-51.07519717882541,SEM DADOS,BAIXO,27.3676,9,sugarcane
3540903,0.0,0.4228,0.0325,0.0031,8.0934,0.0,0.008,0.1196,5.9662,16.5506,242.0736,1.5836,3540903,17078.0,167.378,102.03252518252101,350031,Ribeirão Preto,3508,Ribeirão Preto,-21.34444086174804,-48.08605736247957,SEM DADOS,MÉDIO,274.85339999999997,10,sugarcane
3541000,0.0,0.0,0.0,0.0,0.0,0.0,0.0,2.4514,122.2494,0.0,0.0,0.0,3541000,349935.0,149.652,2338.324913800016,350002,Santos,3501,São Paulo,-24.015597317486485,-46.52271984687775,SEM DADOS,MÉDIO,124.7008,2,rsu_organic
3541059,0.0001,5.5541,38.0802,0.8499,5.601,18.5292,8.8234,0.0359,1.7908,1.0198,153.2289,5.6829,3541059,5126.0,175.1,29.274700171330668,350011,Botucatu,3503,Bauru,-22.818531682126476,-48.69689951416222,SEM DADOS,MÉDIO,239.19620000000003,12,sugarcane
3541109,0.0,28.0021,5.3552,0.0927,0.238,43.9677,2.5229,0.0266,1.3289,0.0,1.5587,0.4319,3541109,3804.0,286.642,13.270909357316793,350009,Bauru,3503,Bauru,-22.12217038486521,-49.4317606081037,MÉDIO,BAIXO,83.5247,10,forestry
3541208,0.0,192.6674,0.0,0.0,34.6561,1.6174,0.355,0.1015,5.0621,17.9685,38.1385,9.0926,3541208,14490.0,749.233,19.339778146451106,350018,Presidente Prudente,3505,Presidente Prudente,-22.107272760547517,-51.620341967530024,BAIXO,MÉDIO,299.65909999999997,9,cattle
3541307,0.0038,123.231,0.2709,0.0,3.0245,1.4132,0.1813,0.2767,13.801,0.1966,285.3713,6.0428,3541307,39505.0,1260.281,31.346183906604956,350021,Presidente Epitácio-Presidente Venceslau,3505,Presidente Prudente,-21.910657929177326,-52.17491783423212,BAIXO,MÉDIO,433.8131,11,sugarcane
3541406,0.0,83.9363,0.0,0.0,2.1144,0.0,0.1944,1.5808,78.8368,0.0,116.544,4.2243,3541406,225668.0,560.637,402.5207041276263,350018,Presidente Prudente,3505,Presidente Prudente,-21.993150382355534,-51.34312547021857,SEM DADOS,MÉDIO,287.431,8,sugarcane
3541505,0.0,139.1581,0.0208,0.0,10.0818,8.3225,0.2505,0.2466,12.2974,0.0,59.0423,2.9475,3541505,35201.0,755.203,46.611308482619904,350021,Presidente Epitácio-Presidente Venceslau,3505,Presidente Prudente,-21.79301334301947,-51.83833803645585,MÉDIO,MÉDIO,232.36749999999998,9,cattle
3541604,0.0,70.1688,0.0,0.0834,8.7375,1.0992,1.8843,0.2461,12.273,18.4305,533.9677,9.4222,3541604,35131.0,779.2,45.08598562628337,350012,Lins,3503,Bauru,-21.524519973109747,-49.87046505842284,BAIXO,ALTO,656.3127000000001,10,sugarcane
3541653,0.0,12.118,0.0,0.0,36.4148,14.9176,29.91,0.0239,1.1895,14.4986,126.5193,0.5683,3541653,3405.0,205.672,16.555486405538918,350008,Tatuí,3502,Sorocaba,-23.30101755243621,-48.03861690775341,BAIXO,MÉDIO,236.16,9,sugarcane
3541703,0.0,34.286,0.1469,0.2318,5.2229,0.3847,20.2954,0.0922,4.5985,21.2319,529.9753,1.5723,3541703,13163.0,651.341,20.209076351711314,350018,Presidente Prudente,3505,Presidente Prudente,-22.20593536031847,-50.645285190933556,MÉDIO,ALTO,618.0378999999999,11,sugarcane
3541802,0.0,13.1912,0.0,0.0,0.0,0.0725,32.5653,0.0229,1.1406,2.4328,213.4133,0.197,3541802,3265.0,234.914,13.89870335527044,350016,Tupã,3504,Marília,-21.800554193545917,-50.24525943980113,SEM DADOS,MÉDIO,263.0356,8,sugarcane
3541901,0.0,15.0802,0.0288,0.0,0.1904,1.9157,0.0194,0.0642,3.1997,0.0,0.3773,1.3071,3541901,9159.0,249.399,36.72428518157651,350053,Cruzeiro,3511,São José dos Campos,-22.504278291623855,-44.7852774012121,SEM DADOS,BAIXO,22.1828,9,cattle
3542008,0.0,41.4679,0.0,0.1236,1.8903,0.2713,0.0102,0.0493,2.4587,19.8877,95.3674,0.5948,3542008,7038.0,318.937,22.067053994989607,350013,Marília,3504,Marília,-22.10019502617809,-50.36927535342769,MÉDIO,MÉDIO,162.12120000000002,10,sugarcane
3542107,0.0,5.301,0.0,0.0,1.4002,0.0,7.802,0.0628,3.1319,0.2212,132.1424,38.2649,3542107,8965.0,121.645,73.6980558181594,350040,Piracicaba,3510,Campinas,-23.04516352580678,-47.583775883091064,SEM DADOS,MÉDIO,188.3264,8,sugarcane
3542206,0.0014,127.8453,0.0,0.0,185.6557,2.01,23.1399,0.2003,9.9872,153.8034,1292.0961,2.8415,3542206,28588.0,1587.498,18.00821166388871,350018,Presidente Prudente,3505,Presidente Prudente,-22.28276358335668,-50.92833033844688,MÉDIO,MUITO ALTO,1797.5808,10,sugarcane
3542305,0.0,21.9202,0.0,0.0,0.098,1.9318,1.4564,0.0315,1.57,0.0,0.0787,2.5384,3542305,4494.0,309.441,14.522962374087468,350050,Taubaté - Pindamonhangaba,3511,São José dos Campos,-23.253655996629316,-45.52614378875477,BAIXO,BAIXO,29.625,8,cattle
3542404,0.0002,38.7764,0.0,0.272,4.9821,0.8322,12.5734,0.1411,7.0376,8.4903,90.6904,1.5912,3542404,20145.0,263.28,76.51549680948041,350018,Presidente Prudente,3505,Presidente Prudente,-22.25250786065767,-51.29404956496991,BAIXO,MÉDIO,165.3869,11,sugarcane
3542503,0.0,27.9334,11.5107,0.0,12.6246,3.486,0.0643,0.0537,2.6767,11.0583,179.9386,2.2732,3542503,7662.0,410.406,18.669317700033623,350009,Bauru,3503,Bauru,-21.883160402205004,-49.180460515790145,SEM DADOS,MÉDIO,251.61950000000002,10,sugarcane
3542602,0.0007,14.1377,0.0035,0.0185,0.1596,0.1884,0.1421,0.4199,20.9424,0.0,0.2471,0.3789,3542602,59947.0,722.201,83.00597756026369,350005,Registro,3502,Sorocaba,-24.503989039562505,-47.820753143060394,MÉDIO,BAIXO,36.6388,11,rsu_organic
3542701,0.0,8.6173,0.0,13.9638,3.3606,0.5936,0.0,0.0449,2.2372,4.4233,263.1601,2.1747,3542701,6404.0,245.746,26.059427213464307,350033,Franca,3508,Ribeirão Preto,-20.648233922677896,-47.50592793034894,MÉDIO,MÉDIO,298.57550000000003,9,sugarcane
3542800,0.0,6.2637,0.0342,0.0,2.3524,0.0,0.2221,0.0219,1.0942,0.0,1.6869,3.0309,3542800,3132.0,335.759,9.32811927602834,350004,Itapeva,3502,Sorocaba,-24.60731770328077,-49.03656331993483,SEM DADOS,BAIXO,14.706299999999999,8,cattle
3542909,0.0001,15.4842,17.3627,0.2534,1.6803,0.0,11.8892,0.077,3.839,1.7202,379.5579,6.4406,3542909,10989.0,471.553,23.30384919616671,350037,São Carlos,3509,Araraquara,-22.060115635970142,-48.185329346414214,SEM DADOS,MÉDIO,438.3046,11,sugarcane
3543006,0.0,13.9506,0.0427,0.0,171.39,28.9669,0.2915,0.1305,6.5073,23.8859,0.0,3.7886,3543006,18627.0,697.5,26.705376344086023,350004,Itapeva,3502,Sorocaba,-24.256167897969252,-48.77814686643426,BAIXO,MÉDIO,248.95399999999998,9,corn
3543105,0.0,4.9819,0.0,35.0485,2.7725,0.3141,4.9352,0.0323,1.6098,1.7693,59.8296,4.5463,3543105,4608.0,148.332,31.06544777930588,350033,Franca,3508,Ribeirão Preto,-20.448928460821513,-47.57332531134213,SEM DADOS,MÉDIO,115.8395,10,sugarcane
3543204,0.0,5.2781,0.0,2.0862,190.4334,1.8843,0.0479,0.0328,1.6339,125.3271,90.8127,1.5533,3543204,4677.0,203.208,23.015826148576828,350015,Ourinhos,3504,Marília,-22.75166230026785,-49.92265031603971,BAIXO,MÉDIO,419.0897,10,corn
3543238,0.0,32.5167,0.0,0.0,0.0,0.0942,0.0808,0.0142,0.7074,7.6695,39.952,4.0727,3543238,2025.0,196.446,10.308176292721663,350018,Presidente Prudente,3505,Presidente Prudente,-21.78426935935893,-51.58327800722422,SEM DADOS,BAIXO,85.1075,8,sugarcane
3543253,0.0,5.4006,0.0273,0.0,40.5791,3.7467,0.2468,0.0522,2.6026,26.5399,0.0337,4.6979,3543253,7450.0,333.363,22.348011027018597,350004,Itapeva,3502,Sorocaba,-24.18864980908839,-48.35882387798021,MÉDIO,BAIXO,83.92679999999999,10,corn
3543303,0.0,0.0539,0.0,0.0,0.0,0.5967,0.0299,0.8095,40.3704,0.0,0.0,0.0,3543303,115559.0,98.972,1167.5928545447198,350001,São Paulo,3501,São Paulo,-23.701078895008695,-46.40280398464695,MÉDIO,BAIXO,41.8604,5,rsu_organic
3543402,0.0,4.8472,0.0,0.2998,10.7539,0.0,0.2243,4.8941,244.0697,3.6124,828.7444,0.9472,3543402,698642.0,650.916,1073.321288768443,350031,Ribeirão Preto,3508,Ribeirão Preto,-21.210842625354005,-47.82130302041304,SEM DADOS,MUITO ALTO,1098.393,9,sugarcane
3543501,0.0,34.9807,0.0,0.0,22.3479,31.4055,0.1196,0.0392,1.956,45.4618,1.3495,0.9472,3543501,5599.0,385.878,14.50976733579007,350004,Itapeva,3502,Sorocaba,-23.846869383430192,-49.4478055137906,MÉDIO,MÉDIO,138.60739999999998,9,soybean
3543600,0.1286,9.0212,0.0,0.0649,0.0,0.0,1.7946,0.0284,1.4145,4.4233,45.2306,1.1745,3543600,4049.0,162.508,24.915696458020527,350033,Franca,3508,Ribeirão Preto,-20.060799685940548,-47.44089064629389,SEM DADOS,BAIXO,63.2806,9,sugarcane
3543709,0.0,6.6111,10.4726,0.0,1.2518,0.0,4.3818,0.0637,3.1784,17.6932,416.1079,1.0608,3543709,9098.0,316.639,28.733036675835887,350036,Araraquara,3509,Araraquara,-21.593878539753312,-48.03203078283157,SEM DADOS,MÉDIO,460.82129999999995,9,sugarcane
3543808,0.0003,55.2542,0.0,0.2782,5.0409,0.8401,29.0202,0.0649,3.2346,7.8637,82.2375,0.4736,3543808,9259.0,358.481,25.828426053263634,350016,Tupã,3504,Marília,-21.681162394577278,-50.71741889428712,SEM DADOS,MÉDIO,184.3082,11,sugarcane
3543907,0.0,23.9089,3.2631,0.0896,13.5124,1.132,17.5805,1.411,70.3651,1.1058,229.2294,7.3006,3543907,201418.0,498.422,404.1113755010814,350046,Rio Claro,3510,Campinas,-22.373917573959822,-47.57989438557465,BAIXO,MÉDIO,368.8984,11,sugarcane
3544004,0.0,2.9528,0.0,0.0,2.9405,0.0,2.1042,0.2195,10.9444,5.0573,270.4221,0.7123,3544004,31328.0,226.657,138.21765928252822,350040,Piracicaba,3510,Campinas,-22.850319734443893,-47.598391414572056,MÉDIO,MÉDIO,295.3531,8,sugarcane
3544103,0.0,0.0404,0.0,0.0,0.0,0.0,0.0045,0.3094,15.4307,0.0,0.0,0.0,3544103,44170.0,36.341,1215.4316061748439,350001,São Paulo,3501,São Paulo,-23.737858458194243,-46.37945691881457,SEM DADOS,BAIXO,15.785,4,rsu_organic
3544202,0.093,51.5555,2.782,0.0,10.0818,0.0,4.3369,0.0722,3.6014,13.786,435.2264,0.7956,3544202,10309.0,631.897,16.31436768967094,350027,Votuporanga,3507,São José do Rio Preto,-20.02350700871048,-49.70915693428189,SEM DADOS,ALTO,522.3308000000001,10,sugarcane
3544251,0.0008,84.4048,0.0,0.0309,63.8512,4.6323,0.1974,0.1222,6.0926,28.26,0.0,4.1675,3544251,17440.0,744.011,23.440513648319715,350018,Presidente Prudente,3505,Presidente Prudente,-22.48914619105555,-52.83690384824582,SEM DADOS,MÉDIO,191.75969999999998,10,cattle
3544301,0.0,10.4996,0.0,0.0,7.6453,2.1199,0.0075,0.0759,3.7841,3.3175,0.0,1.0987,3544301,10832.0,129.847,83.42125732592974,350052,Guaratinguetá,3511,São José dos Campos,-22.93304936289651,-45.30247145402458,SEM DADOS,BAIXO,28.548499999999997,8,cattle
3544400,0.0,26.2423,0.0,0.0,1.6579,0.0,0.0766,0.0189,0.9432,1.5113,212.8336,3.1824,3544400,2700.0,236.484,11.417262901507078,350022,Araçatuba,3506,Araçatuba,-21.360859504656254,-50.78579745612131,MÉDIO,MÉDIO,246.4662,8,sugarcane
3544509,0.1495,25.1988,0.0142,0.0,1.5459,0.6281,0.0245,0.0269,1.3391,7.0773,49.4831,1.4245,3544509,3833.0,242.877,15.781650794435043,350030,Santa Fé do Sul,3507,São José do Rio Preto,-20.249727750643718,-51.01831647368429,SEM DADOS,BAIXO,86.9119,11,sugarcane
3544608,0.0,13.6005,0.0,0.0093,6.5055,0.0,0.07,0.0358,1.7859,35.3865,179.2362,1.0608,3544608,5112.0,305.285,16.745008762304074,350012,Lins,3503,Bauru,-21.470837959851984,-49.57561799613528,BAIXO,MÉDIO,237.6905,9,sugarcane
3544707,0.0,16.292,0.0,0.4574,0.2296,0.116,0.0224,0.0173,0.8643,0.5308,71.2253,0.8903,3544707,2474.0,147.935,16.723561023422448,350019,Adamantina - Lucélia,3505,Presidente Prudente,-21.86779975904117,-50.99028434519695,MÉDIO,BAIXO,90.64540000000001,10,sugarcane
3544806,0.0,35.6809,1.19,0.0,8.0654,0.0243,0.6431,0.0451,2.2488,4.4233,348.631,1.7996,3544806,6437.0,308.555,20.86175884364214,350025,São José do Rio Preto,3507,São José do Rio Preto,-21.34720314447297,-49.502654585281256,SEM DADOS,MÉDIO,402.75149999999996,10,sugarcane
3544905,0.0,7.2075,0.0,1.7308,3.7387,0.0,20.9102,0.0799,3.9864,19.8459,257.4836,3.1294,3544905,11411.0,305.776,37.31816754748574,350034,São Joaquim da Barra - Orlândia,3508,Ribeirão Preto,-20.831524753452843,-47.8546041777726,MÉDIO,MÉDIO,318.11240000000004,9,sugarcane
3545001,0.0,6.2206,0.0,0.0,0.0,25.831,0.0,0.1065,5.3108,0.0,0.0,0.25,3545001,15202.0,424.997,35.769664256453574,350001,São Paulo,3501,São Paulo,-23.580196321441154,-45.8425872558168,MÉDIO,BAIXO,37.7189,5,forestry
3545100,0.0002,18.783,0.0,0.4142,4.1979,0.157,0.0254,0.0337,1.6797,1.4769,105.4589,0.6933,3545100,4808.0,172.934,27.802514253992854,350019,Adamantina - Lucélia,3505,Presidente Prudente,-21.588038862741328,-50.87629611896304,SEM DADOS,MÉDIO,132.9202,11,sugarcane
3545159,0.0,8.9714,0.0,0.0,1.4563,0.0,9.1487,0.0572,2.851,0.2949,64.621,0.7464,3545159,8161.0,99.738,81.82437987527322,350040,Piracicaba,3510,Campinas,-22.87121308093829,-47.73182553966624,SEM DADOS,BAIXO,88.14689999999999,8,sugarcane
3545209,0.0,5.0626,0.0,0.0,3.3886,0.0,2.991,0.9409,46.9242,1.7202,28.0029,0.341,3545209,134319.0,133.057,1009.4846569515321,350003,Sorocaba,3502,Sorocaba,-23.180475094451378,-47.302600351245474,SEM DADOS,BAIXO,89.3714,8,rsu_organic
3545308,0.0,9.8291,0.3401,0.0,14.2825,11.5886,0.0143,0.3065,15.2833,6.635,0.0,1.3109,3545308,43748.0,280.412,156.0132947234783,350003,Sorocaba,3502,Sorocaba,-23.65276869807327,-47.58063723069142,BAIXO,BAIXO,59.5903,9,rsu_organic
3545407,0.0,5.7224,0.0,0.0,202.8003,0.0,0.1047,0.0634,3.1616,107.9288,28.1154,17.0487,3545407,9050.0,188.441,48.025641978125776,350015,Ourinhos,3504,Marília,-22.87087966501171,-49.96076066811106,MÉDIO,MÉDIO,364.9453,8,corn
3545506,0.0,29.3687,0.0,0.0,8.5555,0.0,0.0942,0.0255,1.2734,6.2246,742.3174,1.4018,3545506,3645.0,455.856,7.995946088238391,350018,Presidente Prudente,3505,Presidente Prudente,-22.47786213257206,-51.84213397094187,MÉDIO,ALTO,789.2610999999999,8,sugarcane
3545605,0.0,4.9415,2.7645,0.0,0.6805,0.2434,5.6081,0.0982,4.8972,5.4308,549.6561,1.7049,3545605,14018.0,330.269,42.444189433461815,350026,Catanduva,3507,São José do Rio Preto,-21.31779037755179,-48.819019798365076,BAIXO,ALTO,576.0252,10,sugarcane
3545704,0.021,33.4054,0.2834,0.0,0.7029,0.0,0.0854,0.0448,2.2334,0.0,169.4375,4.5766,3545704,6393.0,272.692,23.444032094817597,350028,Jales,3507,São José do Rio Preto,-20.01415855773033,-50.72770123666298,BAIXO,MÉDIO,210.7904,9,sugarcane
3545803,0.0,2.3361,0.0,0.1051,7.6509,0.0,6.655,1.2844,64.0521,7.8637,344.1325,1.0419,3545803,183347.0,271.03,676.4823082315612,350038,Campinas,3510,Campinas,-22.80062917637525,-47.42807427990176,SEM DADOS,MÉDIO,435.12170000000003,9,sugarcane
3546009,0.0011,15.0129,0.0,0.0,0.0084,10.3638,0.015,0.0979,4.8821,0.0,0.0141,0.6819,3546009,13975.0,272.238,51.33375943108604,350049,São José dos Campos,3511,São José dos Campos,-23.42639518381915,-45.86329816360909,SEM DADOS,BAIXO,31.0772,9,cattle
3546108,0.1372,24.8824,1.4169,0.0,0.969,0.0628,0.042,0.0182,0.9076,2.079,0.0,1.6291,3546108,2598.0,183.458,14.161279420902877,350030,Santa Fé do Sul,3507,São José do Rio Preto,-20.066896320941307,-50.908435607296674,SEM DADOS,BAIXO,32.1442,10,cattle
3546207,0.0001,9.8695,0.0425,0.0,2.7725,4.1455,2.7966,0.03,1.4942,6.1926,89.892,0.0,3546207,4277.0,150.13,28.48864317591421,350045,Araras,3510,Campinas,-22.121339038431827,-47.485591920993826,SEM DADOS,MÉDIO,117.23549999999999,10,sugarcane
3546256,0.0004,2.1543,0.0,0.8345,2.5148,5.496,0.0299,0.0148,0.7392,0.8847,166.1508,1.326,3546256,2116.0,148.062,14.291310396995852,350031,Ribeirão Preto,3508,Ribeirão Preto,-21.274844488725684,-47.43960525549337,MÉDIO,MÉDIO,180.14540000000002,11,sugarcane
3546306,0.0,1.7369,4.5229,2.0399,18.3348,0.7066,0.329,0.2022,10.0836,6.1926,375.1219,0.7577,3546306,28864.0,295.337,97.73242092931126,350044,São João da Boa Vista,3510,Campinas,-21.85549628643111,-47.2501343892501,BAIXO,MÉDIO,420.02809999999994,11,sugarcane
3546405,0.0003,61.9366,88.1666,0.5934,401.6967,10.2382,0.1271,0.3253,16.2245,365.6603,632.5965,59.8599,3546405,46442.0,1114.747,41.66147116789729,350015,Ourinhos,3504,Marília,-22.809313145201305,-49.56895434896557,BAIXO,MUITO ALTO,1637.4254,12,sugarcane
3546504,0.0,0.5265,0.0,0.0,0.4033,0.9422,0.0141,0.0429,2.1373,1.8283,179.7839,0.6327,3546504,6118.0,134.421,45.51372181429985,350031,Ribeirão Preto,3508,Ribeirão Preto,-21.45254620898556,-48.36681853601794,SEM DADOS,MÉDIO,186.3112,9,sugarcane
3546603,0.0323,36.2154,2.4088,0.0031,1.5935,0.0864,0.1252,0.2437,12.1552,0.3539,2.834,8.5244,3546603,34794.0,206.537,168.46376194095973,350030,Santa Fé do Sul,3507,São José do Rio Preto,-20.241864627805892,-50.9501816645176,MÉDIO,BAIXO,64.5759,12,cattle
3546702,0.0,0.7352,0.0,0.0,1.221,0.0,0.0073,0.1654,8.2485,0.6389,105.4988,0.2008,3546702,23611.0,98.291,240.21527912016361,350046,Rio Claro,3510,Campinas,-22.475089713181468,-47.5213396091173,BAIXO,MÉDIO,116.7159,8,sugarcane
3546801,0.0,8.7519,0.0,0.0,0.0,22.4863,0.0236,0.3725,18.5763,0.0,0.0,0.1326,3546801,53174.0,363.332,146.35099578347078,350001,São Paulo,3501,São Paulo,-23.28894262448365,-46.242362217293156,BAIXO,BAIXO,50.343199999999996,7,forestry
3546900,0.0,0.6382,0.0,0.8005,5.2089,0.0,2.1535,0.0501,2.4975,2.654,290.9944,1.1176,3546900,7149.0,153.86,46.464318211360975,350036,Araraquara,3509,Araraquara,-21.670768117515276,-48.05735957067363,MÉDIO,MÉDIO,306.1147,9,sugarcane
3547007,0.0004,16.8158,3.1256,0.0,2.9685,5.653,3.6595,0.0367,1.8316,12.9013,92.2607,0.8297,3547007,5243.0,252.621,20.75441075761714,350040,Piracicaba,3510,Campinas,-22.564568443164536,-48.1542565311997,BAIXO,MÉDIO,140.0828,11,sugarcane
3547106,0.0015,12.118,0.0,0.0,0.0,1.2876,0.0236,0.0207,1.0327,2.7277,155.197,0.6251,3547106,2956.0,166.753,17.726817508530583,350020,Dracena,3505,Presidente Prudente,-21.316776352577666,-51.73713191301337,BAIXO,MÉDIO,173.0339,9,sugarcane
3547205,0.0,25.5421,1.502,0.0,0.6301,1.0207,0.0395,0.0117,0.5834,3.7598,22.4923,2.4323,3547205,1670.0,129.888,12.857230845035723,350030,Santa Fé do Sul,3507,São José do Rio Preto,-20.260725867737047,-50.79709921509128,BAIXO,BAIXO,58.0139,10,cattle
3547304,0.0,1.6157,0.0,0.0,0.0,0.0,0.0479,1.0795,53.8364,0.0,0.0,1.7049,3547304,154105.0,179.949,856.3815303224802,350001,São Paulo,3501,São Paulo,-23.449441278338167,-46.91681387122468,SEM DADOS,BAIXO,58.2844,5,rsu_organic
3547403,0.0,28.1475,2.1254,0.0,2.428,0.4711,0.1408,0.0191,0.9548,7.0773,114.9358,2.2542,3547403,2733.0,209.8,13.026692087702573,350030,Santa Fé do Sul,3507,São José do Rio Preto,-20.09715273853111,-50.812701537098306,SEM DADOS,MÉDIO,158.554,11,sugarcane
3547502,0.0,31.5742,5.9511,1.0014,13.9969,119.3409,10.2741,0.174,8.6754,2.8014,369.9987,1.8943,3547502,24833.0,754.141,32.9288554792804,350037,São Carlos,3509,Araraquara,-21.68249993246235,-47.50792568071785,BAIXO,ALTO,565.6824,11,sugarcane
3547601,0.0001,11.9834,4.0466,0.4852,2.9405,9.2646,2.8415,0.164,8.1786,15.3341,283.4032,1.8943,3547601,23411.0,288.576,81.1259425593258,350031,Ribeirão Preto,3508,Ribeirão Preto,-21.503776379090397,-47.36621742615033,SEM DADOS,MÉDIO,340.53610000000003,12,sugarcane
3547650,0.0,15.2216,6.1489,0.0,0.2941,0.1022,0.0716,0.0115,0.5747,0.0,4.2173,1.7806,3547650,1645.0,79.192,20.772300232346705,350028,Jales,3507,São José do Rio Preto,-20.258686989997766,-50.72014991853571,BAIXO,BAIXO,28.422500000000003,9,cattle
3547700,0.0,111.0564,0.0,0.0,19.3234,0.0,0.1166,0.1258,6.2754,14.7444,19.6808,3.3719,3547700,17963.0,552.876,32.49010628061265,350018,Presidente Prudente,3505,Presidente Prudente,-22.037656947711557,-51.722519602998446,MÉDIO,MÉDIO,174.6947,8,cattle
3547809,0.0,0.0,0.0,0.0,0.0,0.0,0.0,5.2463,261.634,0.0,0.0,0.0,3547809,748919.0,175.782,4260.498799649566,350001,São Paulo,3501,São Paulo,-23.727960299797566,-46.441586621763115,SEM DADOS,MÉDIO,266.88030000000003,2,rsu_organic
3547908,0.0,30.9683,15.3027,11.1265,61.3307,0.0,2.0937,0.0475,2.3668,21.1336,44.9846,7.5772,3547908,6775.0,310.311,21.83293534550822,350031,Ribeirão Preto,3508,Ribeirão Preto,-21.09232292922269,-47.195832078557736,BAIXO,MÉDIO,196.9316,10,corn
3548005,0.0094,5.954,11.1142,0.2782,16.1308,0.0,2.7756,0.1628,8.1203,3.0963,71.9754,6.4406,3548005,23244.0,154.133,150.80482440489706,350038,Campinas,3510,Campinas,-22.603277285181026,-46.94991538963696,MÉDIO,MÉDIO,126.0576,11,sugarcane
3548054,0.0,128.7245,6.2512,0.0,13.0391,0.0,2.7487,0.0587,2.9272,53.0797,549.5661,7.1605,3548054,8379.0,1308.432,6.403848270296049,350022,Araçatuba,3506,Araçatuba,-20.87301669981852,-50.55432244285953,SEM DADOS,ALTO,763.5557,9,sugarcane
3548104,0.0,7.8094,0.0,17.8488,2.0164,1.0207,10.4685,0.0429,2.1401,0.3932,0.0,2.5762,3548104,6126.0,109.956,55.71319436865655,350044,São João da Boa Vista,3510,Campinas,-22.13031799754868,-46.68348968976143,SEM DADOS,BAIXO,44.3162,9,coffee
3548203,0.0001,5.3467,0.0,0.0,0.1176,0.0,0.0359,0.05,2.4919,0.0,0.0,1.3677,3548203,7133.0,133.008,53.6283531817635,350050,Taubaté - Pindamonhangaba,3511,São José dos Campos,-22.83177262622922,-45.69805002223515,SEM DADOS,BAIXO,9.4099,7,cattle
3548302,0.0,17.6264,0.0,0.0,1.0362,0.0,0.0823,0.021,1.048,0.0,21.5153,0.9472,3548302,3000.0,94.465,31.75779389191764,350018,Presidente Prudente,3505,Presidente Prudente,-21.824858461731083,-51.370221373286256,MÉDIO,BAIXO,42.2764,7,sugarcane
3548401,0.0,9.5113,0.0,0.0062,0.4033,0.0,0.0048,0.0273,1.3621,0.0,60.6843,0.2993,3548401,3899.0,128.026,30.454751378626213,350023,Birigui - Penápolis,3506,Araçatuba,-21.66019540072652,-50.51798476439156,SEM DADOS,BAIXO,72.29860000000001,8,sugarcane
3548500,0.0,0.0,0.0,0.0,0.0,0.0,0.0,2.9324,146.2402,0.0,0.0,0.0,3548500,418608.0,281.033,1489.5332576601324,350002,Santos,3501,São Paulo,-23.86903497963887,-46.29152918687937,SEM DADOS,MÉDIO,149.1726,2,rsu_organic
3548609,0.0,16.8158,0.0,0.0,1.2602,0.1602,0.0404,0.0818,4.0783,0.0,0.0,3.315,3548609,11674.0,252.579,46.21920270489629,350050,Taubaté - Pindamonhangaba,3511,São José dos Campos,-22.681397324221468,-45.68680652399666,BAIXO,BAIXO,25.7517,7,cattle
3548708,0.0,0.0,0.0,0.0,0.0,0.0,0.0,5.6793,283.2272,0.0,0.0,0.0,3548708,810729.0,409.532,1979.6475000732544,350001,São Paulo,3501,São Paulo,-23.812988838766383,-46.55079180064649,SEM DADOS,MÉDIO,288.9065,2,rsu_organic
3548807,0.0,0.0,0.0,0.0,0.0,0.0,0.0,1.1604,57.8714,0.0,0.0,0.0,3548807,165655.0,15.331,10805.231230839476,350001,São Paulo,3501,São Paulo,-23.626140562974108,-46.56606262303446,MÉDIO,BAIXO,59.031800000000004,2,rsu_organic
3548906,0.0,51.569,8.5016,1.839,32.1496,2.4496,24.6758,1.7853,89.034,17.6932,787.2312,7.9561,3548906,254857.0,1136.907,224.16697232051524,350037,São Carlos,3509,Araraquara,-21.918886771042132,-47.86717766081455,SEM DADOS,MUITO ALTO,1024.8844,11,sugarcane
3549003,0.0,17.7772,0.5274,0.0,0.1596,0.1884,0.0595,0.0182,0.909,0.0,38.4619,2.0837,3549003,2602.0,75.579,34.42755262705249,350028,Jales,3507,São José do Rio Preto,-20.365799377637614,-50.67586549298937,MÉDIO,BAIXO,60.1849,9,sugarcane
3549102,0.0,58.9744,3.2089,15.1321,85.1349,1.6488,2.6919,0.6483,32.3312,14.7444,157.4462,2.3489,3549102,92547.0,516.399,179.21607129370892,350044,São João da Boa Vista,3510,Campinas,-21.977966574771877,-46.802202667765236,SEM DADOS,MÉDIO,374.31,11,sugarcane
3549201,0.0,13.6732,0.6801,0.0062,1.0334,0.044,0.0156,0.0181,0.9013,0.0,94.4677,0.6895,3549201,2580.0,129.462,19.928627705427076,350029,Fernandópolis,3507,São José do Rio Preto,-20.408402422340448,-50.383462802994984,MÉDIO,MÉDIO,111.5291,10,sugarcane
3549250,0.0,10.3138,0.4063,0.0,1.8483,0.0,0.0441,0.0129,0.6449,0.5111,116.9601,1.0798,3549250,1846.0,178.396,10.34776564496962,350029,Fernandópolis,3507,São José do Rio Preto,-20.52079543697844,-50.356284539527344,SEM DADOS,MÉDIO,131.82129999999998,9,sugarcane
3549300,0.0,4.3086,0.0,0.0031,0.0,0.3376,0.1137,0.0157,0.7832,0.0,102.3625,1.667,3549300,2242.0,117.665,19.05409425062678,350020,Dracena,3505,Presidente Prudente,-21.22344973285729,-51.67304425282524,SEM DADOS,MÉDIO,109.59140000000001,8,sugarcane
3549409,0.0,5.9015,0.0,0.0,3.6462,0.0,4.0691,0.3402,16.9637,26.4711,506.0772,1.9776,3549409,48558.0,410.863,118.18538052830262,350034,São Joaquim da Barra - Orlândia,3508,Ribeirão Preto,-20.550515859330496,-47.9385491915377,MÉDIO,ALTO,565.4466,8,sugarcane
3549508,0.0,6.8669,0.0,6.8614,6.6652,0.2826,9.2721,0.0534,2.6641,24.6968,547.5474,4.1675,3549508,7626.0,276.952,27.535457407781855,350033,Franca,3508,Ribeirão Preto,-20.58753015224249,-47.6271736562574,MÉDIO,ALTO,609.0774,10,sugarcane
3549607,0.0001,19.9274,0.0,0.0,0.6217,0.0,0.0202,0.027,1.346,0.0,0.7422,1.0987,3549607,3853.0,570.685,6.751535435485426,350053,Cruzeiro,3511,São José dos Campos,-22.74889394223,-44.58725306325716,SEM DADOS,BAIXO,23.7833,8,cattle
3549706,0.0015,53.8579,0.0,7.1086,19.8835,13.7399,32.901,0.3657,18.2378,20.8879,6.7477,66.3763,3549706,52205.0,419.684,124.3912086236311,350047,São José do Rio Pardo - Mococa,3510,Campinas,-21.603694193342395,-46.87951028304082,SEM DADOS,MÉDIO,240.1078,11,swine
3549805,0.0003,38.9151,1.9235,0.0,2.5204,0.066,2.7517,3.3652,167.8247,5.1605,101.2154,3.8644,3549805,480393.0,431.944,1112.1650028707425,350025,São José do Rio Preto,3507,São José do Rio Preto,-20.79723367373694,-49.358106499846855,MÉDIO,MÉDIO,327.60720000000003,11,rsu_organic
3549904,0.0,111.7552,0.0,0.0,0.0,0.5496,0.7627,4.883,243.515,0.0,0.0,18.943,3549904,697054.0,1099.409,634.0260994770827,350049,São José dos Campos,3511,São José dos Campos,-23.09056971375502,-45.928535989496275,SEM DADOS,MÉDIO,380.4085,6,rsu_organic
3549953,0.0,0.0,0.0,0.0,0.0,0.0,0.0,0.1126,5.613,0.0,0.0,0.0,3549953,16067.0,186.456,86.17046380915605,350001,São Paulo,3501,São Paulo,-23.85241382686852,-46.93636178155779,SEM DADOS,BAIXO,5.7256,2,rsu_organic
3550001,0.0,56.1994,0.0,0.0,4.5368,10.6936,0.3903,0.0724,3.6112,0.0,0.253,1.9776,3550001,10337.0,617.315,16.745097721584603,350050,Taubaté - Pindamonhangaba,3511,São José dos Campos,-23.240106783525235,-45.25381921093461,SEM DADOS,BAIXO,77.7343,8,cattle
3550100,0.0049,12.0305,19.884,3.0598,1.4283,0.0,18.6938,0.2612,13.0269,7.3722,850.4909,15.5333,3550100,37289.0,650.734,57.30298401497386,350011,Botucatu,3503,Bauru,-22.68225999808599,-48.54042667895248,MÉDIO,ALTO,941.7858,11,sugarcane
3550209,0.0004,20.6451,3.3692,0.0,175.0307,101.4713,1.2091,0.2244,11.1928,129.7504,0.0,11.4795,3550209,32039.0,930.339,34.43798443363118,350006,Itapetininga,3502,Sorocaba,-23.913948093446503,-47.99334825892321,BAIXO,MÉDIO,454.3729,10,corn
3550308,0.0,0.6261,0.0,0.0031,0.4453,0.0,0.0,80.2232,4000.7421,0.0,0.0619,9.4715,3550308,11451999.0,1521.202,7528.256602344724,350001,São Paulo,3501,São Paulo,-23.650080199720747,-46.648096605284884,SEM DADOS,CRÍTICO,4091.5732,7,rsu_organic
3550407,0.0,47.4017,13.5442,0.102,6.4691,1.2719,26.8547,0.268,13.3647,1.327,219.3001,1.0494,3550407,38256.0,611.278,62.58363625060937,350040,Piracicaba,3510,Campinas,-22.55818570068554,-47.92468145932931,BAIXO,MÉDIO,330.95279999999997,11,sugarcane
3550506,0.0,41.4706,27.2052,1.2672,164.568,0.157,0.2767,0.0506,2.5213,127.9442,184.5202,1.8943,3550506,7217.0,731.221,9.869793126838534,350015,Ourinhos,3504,Marília,-22.67893993277706,-49.77231354753435,BAIXO,ALTO,551.8753,12,sugarcane
3550605,0.0,2.9622,0.0,0.0,7.5613,0.0,0.0,0.5568,27.7676,0.5898,0.0,1.004,3550605,79484.0,306.908,258.98314804436507,350003,Sorocaba,3502,Sorocaba,-23.548974549379977,-47.109559369867995,MÉDIO,BAIXO,40.441700000000004,6,rsu_organic
3550704,0.0,0.0417,0.0,0.0,0.0,0.0,0.0,0.5716,28.5051,0.0,0.0,0.0,3550704,81595.0,402.395,202.77339430161908,350051,Caraguatatuba - Ubatuba - São Sebastião,3511,São José dos Campos,-23.754375966327583,-45.60675496778267,SEM DADOS,BAIXO,29.118399999999998,3,rsu_organic
3550803,0.0,21.6778,0.0,27.4825,2.3524,1.5703,0.2243,0.0731,3.6476,2.2117,0.0,79.5606,3550803,10441.0,252.41,41.365239095123016,350047,São José do Rio Pardo - Mococa,3510,Campinas,-21.754050222574005,-46.75297803468629,SEM DADOS,MÉDIO,138.8003,9,swine
3550902,0.0,11.8487,1.2665,0.1082,0.7057,16.3309,3.1406,0.0942,4.6959,0.0,472.3387,1.8943,3550902,13442.0,617.252,21.777167186173557,350031,Ribeirão Preto,3508,Ribeirão Preto,-21.46152138486138,-47.56827316066506,SEM DADOS,ALTO,512.4237,10,sugarcane
3551009,0.0,0.0,0.0,0.0,0.0,0.0,0.0,2.3111,115.254,0.0,0.0,0.0,3551009,329911.0,148.151,2226.8563830146268,350002,Santos,3501,São Paulo,-23.959237815144967,-46.48824723580896,SEM DADOS,MÉDIO,117.5651,2,rsu_organic
3551108,0.0001,22.8371,0.6901,0.0,19.6034,26.896,8.933,0.0726,3.6224,16.6611,0.0,0.8714,3551108,10369.0,352.592,29.407927576348868,350003,Sorocaba,3502,Sorocaba,-23.66429818882951,-47.78577064358155,BAIXO,MÉDIO,100.1872,10,forestry
3551207,0.0,5.1744,0.0,9.4575,22.8912,0.0157,0.4636,0.0259,1.294,28.899,25.3039,3.0309,3551207,3704.0,141.608,26.15671430992599,350017,Piraju,3504,Marília,-23.257509166976376,-49.48174795810608,MÉDIO,BAIXO,96.5561,10,soybean
3551306,0.0,13.5426,0.0,0.0,7.5613,0.0,8.973,0.0219,1.0935,1.7693,112.4616,0.7577,3551306,3130.0,167.848,18.647824221915066,350027,Votuporanga,3507,São José do Rio Preto,-20.62915948592534,-49.91589979514014,BAIXO,MÉDIO,146.1809,8,sugarcane
3551405,0.0,3.2315,0.0,0.0,0.0812,0.0,2.3031,0.0893,4.4528,5.7012,355.3795,0.5304,3551405,12746.0,283.144,45.015963608623174,350031,Ribeirão Preto,3508,Ribeirão Preto,-21.316059336658487,-47.54969416502525,SEM DADOS,MÉDIO,371.769,8,sugarcane
3551504,0.0,2.087,0.0,0.3585,2.4196,0.0,0.0,0.3076,15.3396,1.1795,149.6324,0.0758,3551504,43909.0,126.046,348.35694905034666,350031,Ribeirão Preto,3508,Ribeirão Preto,-21.21691875627168,-47.61233662307683,SEM DADOS,MÉDIO,171.4,8,sugarcane
3551603,0.0092,13.3797,1.2282,12.1681,9.8801,5.8728,2.9461,0.2094,10.4434,1.843,0.6748,2.2732,3551603,29894.0,203.734,146.73054080320418,350048,Amparo,3510,Campinas,-22.589114757860703,-46.68728114238118,SEM DADOS,BAIXO,60.928000000000004,12,cattle
3551702,0.0,15.4397,0.0,0.0,3.3606,0.0,0.0239,0.8889,44.3278,5.308,657.1975,2.2921,3551702,126887.0,403.089,314.7865607843429,350031,Ribeirão Preto,3508,Ribeirão Preto,-21.122917488724973,-48.00889990975803,MÉDIO,ALTO,728.8385,8,sugarcane
3551801,0.0014,9.4251,0.0,0.0062,0.4201,0.0,0.0823,0.0892,4.4472,0.0,0.0225,1.8943,3551801,12730.0,1062.699,11.978932886922825,350005,Registro,3502,Sorocaba,-24.273917923536867,-47.93412304339412,BAIXO,BAIXO,16.3883,9,cattle
3551900,0.0,2.3563,8.7094,0.0,3.3606,0.0079,0.0284,0.1021,5.0921,3.3543,174.4561,0.3031,3551900,14576.0,140.46,103.77331624661825,350032,Barretos,3508,Ribeirão Preto,-20.79313964870991,-48.793763416651785,SEM DADOS,MÉDIO,197.7703,10,sugarcane
3552007,0.0,28.9486,0.0938,0.0,0.2296,3.8943,0.0389,0.0433,2.1611,0.0,0.1828,2.652,3552007,6186.0,414.782,14.913858364152736,350053,Cruzeiro,3511,São José dos Campos,-22.734653639948025,-44.84091738395813,SEM DADOS,BAIXO,38.2444,9,cattle
3552106,0.0043,57.8973,1.4586,12.5173,38.6468,5.2761,14.955,0.2811,14.0166,14.7444,6.7477,26.5202,3552106,40122.0,449.029,89.35280349376099,350041,Bragança Paulista,3510,Campinas,-22.611168716408706,-46.52439860375319,BAIXO,MÉDIO,193.0654,12,cattle
3552205,0.0,11.4448,4.4258,0.0,9.2388,2.9678,0.0,5.0695,252.8174,4.4233,5.6231,1.0078,3552205,723682.0,449.872,1608.6397908738486,350003,Sorocaba,3502,Sorocaba,-23.464555685955744,-47.44676542591246,SEM DADOS,MÉDIO,297.01829999999995,9,rsu_organic
3552304,0.0707,57.2294,17.3345,0.0,21.1605,0.0,0.0583,0.0515,2.5695,20.0867,263.5819,2.3489,3552304,7355.0,594.744,12.366665321550112,350024,Andradina,3506,Araçatuba,-20.66758916952006,-50.90093433561259,SEM DADOS,MÉDIO,384.49190000000004,10,sugarcane
3552403,0.0,3.3661,0.0,0.0,5.8082,0.0,15.8026,1.9583,97.6587,3.4404,19.2436,9.8504,3552403,279545.0,153.465,1821.5554035122013,350038,Campinas,3510,Campinas,-22.841861319701533,-47.263000463220806,SEM DADOS,MÉDIO,157.1283,8,rsu_organic
3552502,0.0,1.4824,0.0,0.0,0.0,9.8927,17.1455,2.1536,107.4,0.0,0.0,4.785,3552502,307429.0,206.236,1490.6660330883067,350001,São Paulo,3501,São Paulo,-23.608388043061684,-46.310448402676364,SEM DADOS,MÉDIO,142.85920000000002,6,rsu_organic
3552551,0.0,36.3406,0.0,0.0,1.8147,0.2418,0.1271,0.0239,1.1906,4.1186,231.9521,2.9362,3552551,3408.0,330.587,10.308935318085709,350028,Jales,3507,São José do Rio Preto,-20.4729175100085,-51.075621201209906,SEM DADOS,MÉDIO,278.7456,9,sugarcane
3552601,0.0,7.6478,9.7935,0.0,0.4201,0.3612,1.7796,0.0793,3.9557,3.5386,487.5548,9.0926,3552601,11323.0,345.792,32.74511845271146,350026,Catanduva,3507,São José do Rio Preto,-20.93190574125194,-49.02889443662306,SEM DADOS,ALTO,524.2232,10,sugarcane
3552700,0.0,9.5342,7.5177,0.1391,5.5534,0.0,15.0298,0.1035,5.1595,13.2355,432.8085,0.7577,3552700,14769.0,368.604,40.06738939349546,350036,Araraquara,3509,Araraquara,-21.712522059226742,-48.629059606361736,BAIXO,MÉDIO,489.83889999999997,10,sugarcane
3552809,0.0,0.0,0.0,0.0,0.0,0.0,0.0,1.9162,95.5616,0.0,0.0,0.0,3552809,273542.0,20.388,13416.8138120463,350001,São Paulo,3501,São Paulo,-23.620534402820528,-46.786370791222595,MÉDIO,BAIXO,97.4778,2,rsu_organic
3552908,0.0,34.7007,0.0,0.0,71.1045,0.0,0.1338,0.0439,2.1869,67.3793,400.1671,1.0419,3552908,6260.0,607.267,10.308480454231828,350018,Presidente Prudente,3505,Presidente Prudente,-22.504931865774306,-51.342365591841585,BAIXO,ALTO,576.7581,8,sugarcane
3553005,0.0,21.6011,0.0,7.8813,57.116,0.0,0.1376,0.0887,4.4259,27.5474,0.0,159.1212,3553005,12669.0,145.332,87.17281809924862,350007,Avaré,3502,Sorocaba,-23.47446836621566,-49.39738014604135,MÉDIO,MÉDIO,277.9192,8,swine
3553104,0.0,2.2216,2.9799,0.0,2.3804,0.0,0.4113,0.0398,1.9833,2.0347,184.7182,1.1366,3553104,5677.0,107.059,53.02683567005109,350032,Barretos,3508,Ribeirão Preto,-21.132183104589473,-48.53029766198122,SEM DADOS,MÉDIO,197.9058,9,sugarcane
3553203,0.0,0.9156,3.4234,0.0,2.5709,0.0,0.0209,0.0459,2.2875,1.1722,194.8397,0.7198,3553203,6548.0,132.459,49.43416453393125,350032,Barretos,3508,Ribeirão Preto,-21.132692045205467,-48.42824963847063,MÉDIO,MÉDIO,205.9959,9,sugarcane
3553302,0.0,12.4277,15.2975,1.4835,9.6197,28.2649,4.7108,0.1502,7.4883,5.1605,427.3541,1.1366,3553302,21435.0,561.788,38.15496237014675,350044,São João da Boa Vista,3510,Campinas,-21.601783301325362,-47.23902722489314,SEM DADOS,ALTO,513.0938,11,sugarcane
3553401,0.0001,55.9045,4.076,0.0649,17.8111,0.8511,6.7597,0.177,8.8263,15.9239,562.308,8.3349,3553401,25265.0,747.218,33.81208696792636,350025,São José do Rio Preto,3507,São José do Rio Preto,-20.531235449898915,-49.6464736913148,BAIXO,ALTO,681.0375,12,sugarcane
3553500,0.0,1.5013,0.0,0.0,0.0,0.0,0.0,0.056,2.7934,0.0,0.0,2.2732,3553500,7996.0,755.1,10.589325917097073,350003,Sorocaba,3502,Sorocaba,-24.00869469593943,-47.61939169715371,MÉDIO,BAIXO,6.6239,4,rsu_organic
3553609,0.0,23.1589,0.0,9.2721,4.2007,0.475,1.0469,0.0828,4.1279,6.1926,45.5469,3.2203,3553609,11816.0,221.891,53.25137116872699,350047,São José do Rio Pardo - Mococa,3510,Campinas,-21.45077716781121,-46.7418605366559,MÉDIO,BAIXO,97.3241,10,sugarcane
3553658,0.0,0.0539,18.0053,0.0,0.4033,0.0,0.0033,0.0183,0.9149,0.7372,49.4831,0.0,3553658,2619.0,53.892,48.59719438877755,350032,Barretos,3508,Ribeirão Preto,-21.069268172742095,-48.39942988237981,MÉDIO,BAIXO,69.6193,8,sugarcane
3553708,0.0,7.2789,7.2639,0.0,10.0818,1.1306,3.6729,0.3661,18.257,15.9976,726.2208,4.3076,3553708,52260.0,594.335,87.93020771113933,350036,Araraquara,3509,Araraquara,-21.42558550988548,-48.53790145249576,SEM DADOS,ALTO,794.5772000000001,10,sugarcane
3553807,0.0,24.7571,2.7743,3.2452,96.7149,0.2104,0.2357,0.1706,8.5066,235.3569,4.2707,20.5569,3553807,24350.0,448.515,54.29026899880718,350007,Avaré,3502,Sorocaba,-23.530185452764947,-49.234571897548555,SEM DADOS,MÉDIO,396.7993,11,soybean
3553856,0.0,3.3203,3.8139,0.0,109.768,1.0427,4.0379,0.0482,2.4021,137.3683,0.0,0.7577,3553856,6876.0,231.792,29.664526817146406,350004,Itapeva,3502,Sorocaba,-23.943302761204396,-48.687934563929716,SEM DADOS,MÉDIO,262.5591,9,soybean
3553906,0.0,28.6417,0.0,0.0,1.2546,0.8087,1.2129,0.0458,2.2833,0.7151,71.9333,1.8185,3553906,6536.0,201.385,32.45524741167416,350018,Presidente Prudente,3505,Presidente Prudente,-22.357974825976534,-51.62577855619251,BAIXO,MÉDIO,108.71390000000001,10,sugarcane
3553955,0.0,4.5779,0.0,0.0,171.502,0.0,2.0339,0.1043,5.199,82.3473,478.243,0.4546,3553955,14882.0,302.913,49.12961807515689,350014,Assis,3504,Marília,-22.76348316971773,-50.60140752285732,SEM DADOS,ALTO,744.462,8,sugarcane
3554003,0.0,24.2361,8.8229,0.0,51.9855,0.3769,47.856,0.8682,43.299,36.8609,221.5494,1.864,3554003,123942.0,523.749,236.64388858021684,350008,Tatuí,3502,Sorocaba,-23.36207887582642,-47.869513784112684,MÉDIO,MÉDIO,437.7189,10,sugarcane
3554102,0.0,53.9253,0.0,0.0,2.0444,1.1463,0.1841,2.1768,108.5563,4.0547,0.0,1.2199,3554102,310739.0,625.003,497.180013535935,350050,Taubaté - Pindamonhangaba,3511,São José dos Campos,-23.087112854908142,-45.502395356544966,SEM DADOS,MÉDIO,173.3078,8,rsu_organic
3554201,0.0,15.635,0.0,43.1925,67.0717,18.4068,0.0598,0.0289,1.4418,39.3675,0.0,2.3489,3554201,4127.0,296.189,13.933670730513287,350017,Piraju,3504,Marília,-23.342505708017722,-49.3065675146632,SEM DADOS,MÉDIO,187.5529,9,corn
3554300,0.0001,105.8241,0.0,0.0618,8.2054,0.0942,0.2213,0.1553,7.7461,4.9148,659.9837,5.0313,3554300,22173.0,1555.803,14.251804373689984,350018,Presidente Prudente,3505,Presidente Prudente,-22.416606906732355,-52.37403510099536,SEM DADOS,ALTO,792.2381,11,sugarcane
3554409,0.0,1.885,0.8543,0.0,1.6803,0.0,0.009,0.0554,2.7613,14.3758,358.4714,0.1515,3554409,7904.0,221.541,35.67736897459161,350032,Barretos,3508,Ribeirão Preto,-20.77876704897176,-48.34577592322165,SEM DADOS,MÉDIO,380.24399999999997,9,sugarcane
3554508,0.0,41.2013,0.0,0.0,38.6468,0.0,20.937,0.2638,13.1575,1.1795,307.8636,17.8064,3554508,37663.0,404.396,93.13395780373693,350003,Sorocaba,3502,Sorocaba,-23.049436253319392,-47.707652739215845,BAIXO,MÉDIO,441.0559,8,sugarcane
3554607,0.0,14.7665,0.0,3.2792,9.2416,0.0,0.0449,0.0173,0.8608,19.1898,2.1087,5.304,3554607,2464.0,196.79,12.520961430967022,350017,Piraju,3504,Marília,-23.195790550299442,-49.61038825673794,MÉDIO,BAIXO,54.8128,9,soybean
3554656,0.0009,10.233,0.0,0.0,0.1036,0.1774,0.7478,0.0143,0.7148,0.0,0.1704,0.1894,3554656,2046.0,71.348,28.676346919325,350008,Tatuí,3502,Sorocaba,-23.250086663065794,-48.21268186201873,BAIXO,BAIXO,12.3516,9,cattle
3554706,0.0,27.9267,1.5359,7.6495,13.0335,22.6942,14.4091,0.0654,3.2612,16.2925,99.1911,12.1235,3554706,9335.0,315.267,29.609822785131332,350010,Jaú,3503,Bauru,-22.444588311529273,-48.16443708665813,SEM DADOS,MÉDIO,218.1826,11,sugarcane
3554755,0.0,2.5152,0.3292,1.5763,0.2016,0.0,0.8375,0.0118,0.5876,0.0,51.4964,1.9322,3554755,1682.0,63.421,26.52118383500733,350036,Araraquara,3509,Araraquara,-22.03229160329257,-48.34515091472275,SEM DADOS,BAIXO,59.48780000000001,9,sugarcane
3554805,0.0,11.1621,0.0,0.0,3.5006,4.3663,0.0998,0.3585,17.8772,7.8637,0.0,0.4963,3554805,51173.0,191.094,267.78967419175905,350050,Taubaté - Pindamonhangaba,3511,São José dos Campos,-22.94083364149677,-45.60424365145122,MÉDIO,BAIXO,45.7245,8,rsu_organic
3554904,0.0156,28.4639,1.1194,0.0,2.3524,0.0,0.0918,0.0477,2.377,0.4178,29.24,2.8566,3554904,6804.0,151.594,44.88304286449332,350030,Santa Fé do Sul,3507,São José do Rio Preto,-20.273743891544918,-50.86958920725038,SEM DADOS,BAIXO,66.98219999999999,10,sugarcane
3554953,0.0006,14.1377,0.0,0.1978,37.2465,6.8464,11.964,0.0475,2.3679,0.0,0.0,15.1544,3554953,6778.0,126.731,53.48336239751916,350041,Bragança Paulista,3510,Campinas,-22.83027618716303,-46.68762358659781,SEM DADOS,BAIXO,87.9628,9,corn
3555000,0.0011,68.133,0.0,0.476,23.9442,0.8134,55.9324,0.4478,22.3332,14.7444,210.8655,9.4904,3555000,63928.0,627.986,101.79844773609602,350016,Tupã,3504,Marília,-21.94729023504916,-50.53461424722096,SEM DADOS,MÉDIO,407.1814,11,sugarcane
3555109,0.0001,19.5235,0.0,0.1484,0.3781,0.9186,0.3215,0.1111,5.5386,1.4744,202.4309,16.291,3555109,15854.0,244.77,64.77100951914042,350020,Dracena,3505,Presidente Prudente,-21.390396082795316,-51.587199528696885,SEM DADOS,MÉDIO,247.1362,11,sugarcane
3555208,0.0,19.778,0.0,0.0,3.2878,0.0,0.0,0.0127,0.6351,6.0599,144.232,0.6819,3555208,1818.0,153.235,11.86413025744771,350023,Birigui - Penápolis,3506,Araçatuba,-20.940486294906503,-50.11126610499074,MÉDIO,MÉDIO,174.6874,7,sugarcane
3555307,0.0,16.0093,4.4656,0.0278,4.2567,0.614,0.1332,0.0117,0.5831,0.0,113.1645,2.2732,3555307,1669.0,147.797,11.292516086253443,350028,Jales,3507,São José do Rio Preto,-20.083546815785297,-50.456763363662255,BAIXO,MÉDIO,141.53910000000002,10,sugarcane
3555356,0.0,4.6452,6.9305,0.0,5.0409,0.0,3.4396,0.0376,1.8743,4.3643,316.2983,0.5683,3555356,5365.0,209.861,25.564540338605077,350025,São José do Rio Preto,3507,São José do Rio Preto,-21.2197526949495,-49.74821234901444,SEM DADOS,MÉDIO,343.19899999999996,9,sugarcane
3555406,0.0,0.1643,0.0,0.0,0.0,0.0,0.0299,0.6513,32.4828,0.0,0.0,0.7577,3555406,92981.0,708.105,131.30962216055528,350051,Caraguatatuba - Ubatuba - São Sebastião,3511,São José dos Campos,-23.381154407028433,-45.02408712550486,SEM DADOS,BAIXO,34.086,5,rsu_organic
3555505,0.0,20.6007,33.3397,0.7727,0.6945,26.6947,0.0045,0.036,1.7929,20.4701,0.0,0.9472,3555505,5132.0,282.179,18.18703730610712,350009,Bauru,3503,Bauru,-22.544314616690972,-49.66589527522758,MÉDIO,MÉDIO,105.35300000000001,10,citrus
3555604,0.0,12.32,0.1817,0.0,3.1506,0.0,3.5277,0.0728,3.6311,2.3591,349.4463,1.6859,3555604,10394.0,252.434,41.175119041016664,350025,São José do Rio Preto,3507,São José do Rio Preto,-20.936941234496572,-49.15770642763032,SEM DADOS,MÉDIO,376.3752,9,sugarcane
3555703,0.0,4.1067,0.0,0.0,10.2834,0.0,3.2901,0.0112,0.56,6.3401,81.5347,2.008,3555703,1603.0,79.056,20.27676583687513,350025,São José do Rio Preto,3507,São José do Rio Preto,-20.890530810325128,-49.88725660339086,MÉDIO,MÉDIO,108.1342,8,sugarcane
3555802,0.0,32.1532,9.6362,0.0093,2.54,0.3769,0.1216,0.0619,3.0858,0.0,87.1577,3.5992,3555802,8833.0,209.262,42.21024361804819,350028,Jales,3507,São José do Rio Preto,-20.208924832585403,-50.652528111960876,SEM DADOS,MÉDIO,138.7418,10,sugarcane
3555901,0.0,12.9555,0.0188,0.1607,0.2408,0.3141,0.0202,0.0097,0.4845,0.0,108.8066,0.4963,3555901,1387.0,146.901,9.441732867713629,350012,Lins,3503,Bauru,-21.765974765862317,-49.29628813770077,SEM DADOS,MÉDIO,123.5072,10,sugarcane
3556008,0.0,12.3469,3.6465,0.0,5.797,2.0571,11.964,0.0963,4.8014,5.5291,480.7733,4.5463,3556008,13744.0,323.916,42.43075365218143,350025,São José do Rio Preto,3507,São José do Rio Preto,-21.205203387041788,-49.265173216355514,SEM DADOS,ALTO,531.5579,10,sugarcane
3556107,0.0,19.0442,0.1765,0.0,0.9242,0.0,2.3928,0.0988,4.9251,3.981,89.9693,2.0837,3556107,14098.0,149.741,94.14923100553622,350027,Votuporanga,3507,São José do Rio Preto,-20.420531192186637,-50.10174134780597,MÉDIO,MÉDIO,123.5956,9,sugarcane
3556206,0.0,2.7602,0.0,0.0,0.3781,0.1727,4.2622,0.8853,44.1483,0.0,0.0,4.3569,3556206,126373.0,148.538,850.778925258183,350038,Campinas,3510,Campinas,-22.97511535376223,-46.98128441108707,SEM DADOS,BAIXO,56.963699999999996,7,rsu_organic
3556305,0.0,38.7535,0.0,0.0,7.2253,0.0,0.0381,0.1698,8.4686,2.9489,1166.7891,2.5762,3556305,24241.0,857.661,28.264081029684224,350022,Araçatuba,3506,Araçatuba,-21.203103584233812,-50.92386798238316,BAIXO,MUITO ALTO,1226.9695,8,sugarcane
3556354,0.0,9.4251,0.0,0.0247,16.8029,6.6737,0.0179,0.0736,3.6724,3.1111,0.0,1.5533,3556354,10512.0,142.595,73.71927486938532,350041,Bragança Paulista,3510,Campinas,-22.89018682210335,-46.41448092244348,SEM DADOS,BAIXO,41.3547,9,corn
3556404,0.0,27.4406,2.7505,1.9688,49.0086,1.7587,0.9721,0.2811,14.0204,25.8026,120.8962,6.3648,3556404,40133.0,267.178,150.2107209425926,350044,São João da Boa Vista,3510,Campinas,-21.860678521311257,-46.898983660060026,SEM DADOS,MÉDIO,251.2644,11,sugarcane
3556453,0.0,0.0,0.0,0.0,0.0,0.0,0.0,0.3532,17.6124,0.0,0.0,0.0,3556453,50415.0,42.489,1186.5423992092071,350001,São Paulo,3501,São Paulo,-23.62088713550022,-47.01470525189315,SEM DADOS,BAIXO,17.965600000000002,2,rsu_organic
3556503,0.0,0.132,0.0,0.0,0.0,0.0,0.7862,0.811,40.4445,0.0,0.0,0.2387,3556503,115771.0,35.12,3296.4407744874716,350039,Jundiaí,3510,Campinas,-23.219272434306113,-46.82490857175992,BAIXO,BAIXO,42.4124,5,rsu_organic
3556602,0.0,30.9023,0.0,8.654,3.6406,0.0,0.0012,0.0713,3.555,0.0,0.0,0.4546,3556602,10176.0,247.716,41.07930048926997,350013,Marília,3504,Marília,-22.23405810454802,-49.82619492166829,SEM DADOS,BAIXO,47.278999999999996,7,cattle
3556701,0.0,2.9622,0.0,0.0,0.3025,0.3926,3.7388,0.5362,26.7392,0.0,0.0,0.6819,3556701,76540.0,80.95,945.5219271155033,350038,Campinas,3510,Campinas,-23.04646835806448,-46.9792121879551,SEM DADOS,BAIXO,35.3534,7,rsu_organic
3556800,0.0,1.8985,1.1977,0.0,1.2602,0.0,0.0142,0.122,6.0836,14.3758,353.6917,0.9472,3556800,17414.0,217.726,79.98126085079411,350032,Barretos,3508,Ribeirão Preto,-20.88438220547134,-48.309863646478576,BAIXO,MÉDIO,379.59090000000003,9,sugarcane
3556909,0.0,1.1256,1.7868,0.0,0.0812,0.0,1.921,0.0568,2.8329,4.3004,92.6065,1.3563,3556909,8109.0,95.429,84.97416927768289,350026,Catanduva,3507,São José do Rio Preto,-21.176698003412103,-48.64942117697999,SEM DADOS,MÉDIO,106.06750000000001,9,sugarcane
3556958,0.0,4.9819,4.2606,0.0,1.0362,0.0,0.0267,0.0126,0.6267,1.1058,7.4506,1.4169,3556958,1794.0,49.832,36.000963236474554,350028,Jales,3507,São José do Rio Preto,-20.198409119376198,-50.48548746398663,MÉDIO,BAIXO,20.918,9,sugarcane
3557006,0.0,2.3428,0.0,0.0,12.0981,0.0,0.0,0.8961,44.6897,0.7372,0.0,1.0987,3557006,127923.0,184.186,694.5316147807108,350003,Sorocaba,3502,Sorocaba,-23.579875394157714,-47.40652561231268,SEM DADOS,BAIXO,61.8626,6,rsu_organic
3557105,0.0,44.8354,2.0981,0.0185,1.277,0.0,16.7496,0.6769,33.759,2.0274,196.8078,2.3868,3557105,96634.0,420.703,229.69648421808262,350027,Votuporanga,3507,São José do Rio Preto,-20.457818044458946,-49.98909712555124,SEM DADOS,MÉDIO,300.63649999999996,10,sugarcane
3557154,0.0874,16.9747,1.3732,0.0,13.1063,0.1884,0.0,0.0189,0.9404,5.308,224.9232,1.1366,3557154,2692.0,319.056,8.437390301389097,350023,Birigui - Penápolis,3506,Araçatuba,-21.125467251023185,-50.049413504759535,MÉDIO,MÉDIO,264.0571,10,sugarcane
3557204,0.0,2.5583,0.0,0.0,30.6654,0.358,0.015,0.0855,4.2659,23.9596,223.4244,1.326,3557204,12211.0,188.727,64.70192394305002,350015,Ourinhos,3504,Marília,-23.046333818939335,-49.726539119371644,BAIXO,MÉDIO,286.6581,9,sugarcane
3557303,0.019,3.0699,12.9091,0.0093,3.1506,0.0,0.6057,0.0791,3.9459,4.1284,16.7287,10.6081,3557303,11295.0,74.144,152.33869227449287,350043,Mogi Guaçu,3510,Campinas,-22.23607371035534,-46.94307833263613,SEM DADOS,BAIXO,55.2538,11,sugarcane
