ibge_code,GWh_aquaculture,GWh_cattle,GWh_citrus,GWh_coffee,GWh_corn,GWh_forestry,GWh_poultry,GWh_rpo_pruning,GWh_rsu_organic,GWh_soybean,GWh_sugarcane,GWh_swine,codigo_municipio,populacao,populacao_ano,area_km2,densidade_demografica,cd_rgi,nm_rgi,cd_rgint,nm_rgint,lat,lon,categoria_potencial,mun_potential_class,mun_total_GWh,mun_n_streams,mun_dominant_stream
3171204,0.0,1.1871,0.0,0.0,0.0691,0.0,0.6575,0.9672,48.4138,0.0,0.0,4.3376,3171204,138583.0,2025,70.456,1966.943908,310001,Belo Horizonte,3101,Belo Horizonte,-19.7308299,-43.94232725,BAIXO,BAIXO,55.6323,6,rsu_organic
3168309,0.0,5.5483,0.0,0.0,0.0461,2.4414,3.0729,0.0307,1.535,0.0,0.809,20.2725,3168309,4394.0,2025,329.287,13.343983,310001,Belo Horizonte,3101,Belo Horizonte,-19.63009,-43.68006716,BAIXO,BAIXO,33.7559,8,swine
3165537,0.0,1.0469,0.0,0.0,0.5804,0.0,0.5798,0.279,13.9649,0.0,0.0,3.8253,3165537,39974.0,2025,62.134,643.351466,310001,Belo Horizonte,3101,Belo Horizonte,-20.058218,-44.1170615,BAIXO,BAIXO,20.2763,6,rsu_organic
3162955,0.0,0.811,0.0,0.0,0.2395,0.0,0.4492,0.196,9.8122,0.0,0.0,2.9634,3162955,28087.0,2025,48.135,583.504726,310001,Belo Horizonte,3101,Belo Horizonte,-19.69617535,-43.98649794,BAIXO,BAIXO,14.4713,6,rsu_organic
3162922,0.0,1.2131,0.0,0.0,0.0461,0.0,0.6719,0.2583,12.9318,0.0,0.0,4.4324,3162922,37017.0,2025,71.995,514.160706,310001,Belo Horizonte,3101,Belo Horizonte,-20.0626535,-44.24895864,BAIXO,BAIXO,19.5536,6,rsu_organic
3157807,0.0,3.9624,0.0,0.0,0.0207,1.0468,2.1946,1.6078,80.4837,0.0,0.1398,14.4779,3157807,230382.0,2025,235.166,979.656923,310001,Belo Horizonte,3101,Belo Horizonte,-19.72662315,-43.83520402,MÉDIO,MÉDIO,103.9337,8,rsu_organic
3156700,0.0,5.0961,0.0,0.0279,0.0553,0.901,2.8225,0.9392,47.014,0.0,0.1998,18.6204,3156700,134576.0,2025,302.453,444.948471,310001,Belo Horizonte,3101,Belo Horizonte,-19.8460181,-43.82566751,BAIXO,BAIXO,75.6762,9,rsu_organic
3154804,0.0,3.8568,0.0,0.0,0.0345,1.6824,2.1361,0.0747,3.7373,0.0,0.0899,14.0921,3154804,10698.0,2025,228.899,46.73677,310001,Belo Horizonte,3101,Belo Horizonte,-20.09982725,-43.76316641,BAIXO,BAIXO,25.7038,8,swine
3154606,0.0,2.6134,0.0,0.0,0.0161,0.1869,1.4474,2.4215,121.2139,0.0,0.1398,9.549,3154606,346971.0,2025,155.105,2237.007189,310001,Belo Horizonte,3101,Belo Horizonte,-19.77744365,-44.0596177,MÉDIO,MÉDIO,137.588,8,rsu_organic
3153905,0.0,1.217,0.0,0.014,0.0,0.4113,0.674,0.1172,5.8677,0.0,0.0,4.4467,3153905,16796.0,2025,72.228,232.541397,310001,Belo Horizonte,3101,Belo Horizonte,-19.97822345,-43.77888411,BAIXO,BAIXO,12.7479,7,rsu_organic
3149309,0.0,4.9336,0.0,0.0,0.1796,0.4973,2.7325,0.4548,22.7685,0.0,0.0,18.0268,3149309,65174.0,2025,292.81,222.581196,310001,Belo Horizonte,3101,Belo Horizonte,-19.628506,-44.07161039,BAIXO,BAIXO,49.5931,7,rsu_organic
3144805,0.0,7.2471,0.0014,0.0028,0.0898,4.9202,4.0138,0.8442,42.2569,0.0,0.0,26.4799,3144805,120959.0,2025,430.115,281.224789,310001,Belo Horizonte,3101,Belo Horizonte,-20.0757951,-43.91211408,BAIXO,BAIXO,85.8561,9,rsu_organic
3142304,0.0,2.597,0.0,0.0112,0.3109,0.0,1.4383,0.0371,1.8564,0.0,0.1438,9.4889,3142304,5314.0,2025,154.129,34.477613,310001,Belo Horizonte,3101,Belo Horizonte,-20.33041795,-44.00147849,BAIXO,BAIXO,15.8836,8,swine
3140704,0.0,5.0937,0.0015,0.0782,3.6849,2.8041,2.8212,0.2848,14.2583,0.0,1.1536,18.6118,3140704,40814.0,2025,302.312,135.006219,310001,Belo Horizonte,3101,Belo Horizonte,-20.03202905,-44.4300976,BAIXO,BAIXO,48.7921,10,swine
3140159,0.0,0.593,0.0,0.0,0.0415,0.0,0.3284,0.1166,5.8359,0.0,0.0,2.1668,3140159,16705.0,2025,35.196,474.627799,310001,Belo Horizonte,3101,Belo Horizonte,-20.0737475,-44.17844093,BAIXO,BAIXO,9.0822,6,rsu_organic
3130101,0.0,1.8685,0.003,0.0251,0.3777,0.1009,1.0349,0.3428,17.16,0.0,0.5493,6.8272,3130101,49120.0,2025,110.894,442.945516,310001,Belo Horizonte,3101,Belo Horizonte,-20.05842205,-44.32901022,BAIXO,BAIXO,28.2894,10,rsu_organic
3129806,0.0,1.2197,0.0014,0.0,0.0576,0.0651,0.6755,1.2533,62.7368,0.0,0.0,4.4566,3129806,179582.0,2025,72.389,2480.79128,310001,Belo Horizonte,3101,Belo Horizonte,-20.02258715,-44.07377345,BAIXO,BAIXO,70.466,8,rsu_organic
3126000,0.0,3.285,0.0,0.0,0.2487,0.5384,1.8194,0.0591,2.9586,0.0,0.3655,12.003,3126000,8469.0,2025,194.965,43.438566,310001,Belo Horizonte,3101,Belo Horizonte,-19.8589845,-44.44468751,BAIXO,BAIXO,21.2777,8,swine
3124104,0.0,15.3283,0.0,0.2233,0.9397,1.749,8.4895,0.6498,32.5254,0.0,3.0213,56.0071,3124104,93103.0,2025,909.727,102.341692,310001,Belo Horizonte,3101,Belo Horizonte,-19.761446,-44.30336736,MÉDIO,MÉDIO,118.9334,9,swine
3118601,0.0,3.2811,0.0,0.0,0.0115,0.0,1.8172,4.5483,227.6769,0.0,0.0,11.9886,3118601,651718.0,2025,194.732,3346.743216,310001,Belo Horizonte,3101,Belo Horizonte,-19.89132405,-44.08679811,MÉDIO,MÉDIO,249.3236,6,rsu_organic
3117876,0.0,0.7155,0.0,0.0,0.2073,0.0,0.3963,0.0541,2.7102,0.0,0.0,2.6142,3117876,7758.0,2025,42.462,182.704536,310001,Belo Horizonte,3101,Belo Horizonte,-19.643233,-43.97812784,BAIXO,BAIXO,6.6976,6,rsu_organic
3110004,0.0,9.1413,0.0057,0.0391,0.6909,19.6546,5.0629,0.2776,13.8953,0.0,1.0986,33.4008,3110004,39775.0,2025,542.531,73.313783,310001,Belo Horizonte,3101,Belo Horizonte,-19.8859165,-43.6153886,BAIXO,BAIXO,83.2668,10,swine
3109006,0.0,10.7942,0.2368,0.0,2.3837,0.3739,5.9783,0.2868,14.3547,0.0,2.9963,39.4402,3109006,41090.0,2025,640.63,64.139987,310001,Belo Horizonte,3101,Belo Horizonte,-20.18670685,-44.12740296,BAIXO,BAIXO,76.8449,9,swine
3106705,0.0,5.7974,0.0037,0.0,0.3455,0.0,3.2109,3.011,150.7206,0.0,0.7491,21.183,3106705,431433.0,2025,344.076,1253.888676,310001,Belo Horizonte,3101,Belo Horizonte,-19.94178005,-44.19543631,MÉDIO,MÉDIO,185.0212,8,rsu_organic
3106200,0.0,5.5828,0.0,0.0,0.0,0.0,3.092,16.8604,843.982,0.0,0.0,20.3987,3106200,2415872.0,2025,331.337,7291.283497,310001,Belo Horizonte,3101,Belo Horizonte,-19.9179564,-43.95033621,ALTO,ALTO,889.9159,5,rsu_organic
3137601,0.0,3.871,0.0758,0.0,0.0415,2.1049,2.1439,0.5674,28.4017,0.0,0.1233,14.1439,3137601,81299.0,2025,229.741,353.872404,310001,Belo Horizonte,3101,Belo Horizonte,-19.6262435,-43.88555024,BAIXO,BAIXO,51.4734,9,rsu_organic
3136652,0.0,1.6455,0.0,0.0,0.1382,0.3739,0.9114,0.232,11.6155,0.0,0.0,6.0124,3136652,33249.0,2025,97.66,340.456686,310001,Belo Horizonte,3101,Belo Horizonte,-19.95574725,-44.36292683,BAIXO,BAIXO,20.9289,7,rsu_organic
3136603,0.0,2.9003,0.0019,0.0195,0.3132,1.1702,1.6063,0.0426,2.1335,0.0,1.1361,10.5972,3136603,6107.0,2025,172.131,35.478792,310001,Belo Horizonte,3101,Belo Horizonte,-19.623843,-43.5703698,BAIXO,BAIXO,19.9208,10,swine
3134608,0.0,18.7865,0.1137,0.0335,3.4546,1.5852,10.4048,0.1494,7.4785,0.0,4.4945,68.643,3134608,21407.0,2025,1114.972,19.199585,310001,Belo Horizonte,3101,Belo Horizonte,-19.4225325,-43.70323871,MÉDIO,MÉDIO,115.1437,10,swine
3167202,0.0,9.0469,0.0019,0.0,2.3491,8.8608,5.0106,1.6673,83.4626,1.1725,0.9888,33.0558,3167202,238909.0,2025,536.928,444.955376,310002,Sete Lagoas,3101,Belo Horizonte,-19.445999,-44.26680637,MÉDIO,MÉDIO,145.6163,10,rsu_organic
3159001,0.0,11.4105,0.0,0.0,0.3685,0.1009,6.3196,0.0395,1.9752,0.0,0.1573,41.6921,3159001,5654.0,2025,677.207,8.348998,310002,Sete Lagoas,3101,Belo Horizonte,-19.1821615,-43.6366222,BAIXO,BAIXO,62.0636,8,swine
3158508,0.0,21.1599,0.0,0.0,1.7618,1.7991,11.7193,0.0491,2.4559,0.0,1.613,77.315,3158508,7030.0,2025,1255.832,5.597883,310002,Sete Lagoas,3101,Belo Horizonte,-18.888149,-43.86727352,MÉDIO,MÉDIO,117.8731,8,swine
3153608,0.0,2.0925,0.0,0.0,0.1727,1.2151,1.1589,0.0841,4.2104,0.0,0.1498,7.6457,3153608,12052.0,2025,124.189,97.045632,310002,Sete Lagoas,3101,Belo Horizonte,-19.4695455,-44.12535807,BAIXO,BAIXO,16.7292,8,swine
3147402,0.0,10.5414,0.001,0.0,2.9571,29.5556,5.8383,0.1738,8.6984,2.4426,2.0125,38.5168,3147402,24899.0,2025,625.631,39.79822,310002,Sete Lagoas,3101,Belo Horizonte,-19.279771,-44.33620802,MÉDIO,MÉDIO,100.7375,10,swine
3143708,0.0,8.0463,0.0,0.0,0.4813,2.1214,4.4564,0.0221,1.1043,0.0,0.0,29.4001,3143708,3161.0,2025,477.548,6.61923,310002,Sete Lagoas,3101,Belo Horizonte,-19.2185235,-43.40184349,BAIXO,BAIXO,45.6319,7,swine
3141108,0.0,4.2537,0.0,0.0,2.1764,10.0572,2.3559,0.2759,13.8094,4.1874,0.0,15.5422,3141108,39529.0,2025,252.453,156.579641,310002,Sete Lagoas,3101,Belo Horizonte,-19.530701,-44.04869384,BAIXO,BAIXO,52.6581,8,swine
3127206,0.0,3.3664,0.0,0.0,0.6909,1.5516,1.8645,0.0344,1.7237,0.0,0.5244,12.3005,3127206,4934.0,2025,199.797,24.695065,310002,Sete Lagoas,3101,Belo Horizonte,-19.3599265,-44.06376275,BAIXO,BAIXO,22.0564,8,swine
3126406,0.0,3.3474,0.0,0.0,0.6564,0.9347,1.8539,0.0225,1.1284,1.4293,0.2747,12.2308,3126406,3230.0,2025,198.665,16.258526,310002,Sete Lagoas,3101,Belo Horizonte,-19.5347995,-44.52758726,BAIXO,BAIXO,21.8781,9,swine
3118908,0.0,13.878,0.0027,0.0,0.8291,6.5428,7.6863,0.0526,2.6323,2.733,2.1673,50.7081,3118908,7535.0,2025,823.654,9.148259,310002,Sete Lagoas,3101,Belo Horizonte,-19.094295,-44.21088411,BAIXO,BAIXO,87.2322,10,swine
3118106,0.0,6.8353,0.0,0.0558,0.8061,1.589,3.7857,0.0344,1.7202,0.0,1.2235,24.975,3118106,4924.0,2025,405.671,12.137915,310002,Sete Lagoas,3101,Belo Horizonte,-18.9014465,-43.6848477,BAIXO,BAIXO,41.025,9,swine
3117504,0.0,28.9815,0.0025,0.0,3.5007,9.6086,16.0513,0.1714,8.5797,0.0,3.5956,105.8938,3117504,24559.0,2025,1720.04,14.278156,310002,Sete Lagoas,3101,Belo Horizonte,-18.9325565,-43.49774407,MÉDIO,MÉDIO,176.3851,9,swine
3112505,0.0,1.6063,0.0,0.0,0.4975,0.0,0.8896,0.0782,3.9162,0.0,0.0,5.8692,3112505,11210.0,2025,95.333,117.587824,310002,Sete Lagoas,3101,Belo Horizonte,-19.5814875,-44.1689073,BAIXO,BAIXO,12.857,6,swine
3109907,0.0,2.6291,0.0,0.0,0.8706,3.3649,1.4561,0.0831,4.1593,2.9312,0.5618,9.6065,3109907,11906.0,2025,156.039,76.301437,310002,Sete Lagoas,3101,Belo Horizonte,-19.3407255,-44.41990581,BAIXO,BAIXO,25.6626,9,swine
3109600,0.0,1.035,0.0,0.0,0.1727,0.2393,0.5732,0.0264,1.3223,0.0,0.1124,3.7816,3109600,3785.0,2025,61.425,61.619862,310002,Sete Lagoas,3101,Belo Horizonte,-19.513502,-44.47638802,BAIXO,BAIXO,7.2629,8,swine
3105004,0.0,9.3727,0.0031,0.0,3.5375,8.1131,5.191,0.053,2.6533,7.4759,3.1461,34.2464,3105004,7595.0,2025,556.266,13.65354,310002,Sete Lagoas,3101,Belo Horizonte,-19.246351,-43.84707735,BAIXO,BAIXO,73.7921,10,swine
3103207,0.0,3.1597,0.0,0.0,0.2211,10.2703,1.75,0.0155,0.7763,0.0,0.0,11.5452,3103207,2222.0,2025,187.53,11.848771,310002,Sete Lagoas,3101,Belo Horizonte,-19.25048,-44.21477413,BAIXO,BAIXO,27.7381,7,swine
3135704,0.0,7.4984,0.0,0.0,2.0728,3.0919,4.153,0.0429,2.1457,0.0,4.6143,27.3982,3135704,6142.0,2025,445.03,13.801317,310002,Sete Lagoas,3101,Belo Horizonte,-19.2076255,-43.96514839,BAIXO,BAIXO,51.0172,8,swine
3131000,0.0,4.128,0.0,0.0,0.4146,0.7814,2.2863,0.0451,2.2585,8.1598,0.3845,15.0831,3131000,6465.0,2025,244.996,26.388186,310002,Sete Lagoas,3101,Belo Horizonte,-19.499527,-44.37744605,BAIXO,BAIXO,33.5413,9,swine
3157203,0.0,11.5334,0.0,0.0363,0.6218,106.9544,6.3877,0.2227,11.1498,0.0,1.1716,42.1414,3157203,31916.0,2025,684.505,46.626394,310003,Santa Bárbara - Ouro Preto,3101,Belo Horizonte,-20.0536185,-43.58788963,MÉDIO,MÉDIO,180.2191,9,forestry
3146107,0.0,20.9954,0.0227,0.0921,1.8885,21.6847,11.6282,0.5438,27.2192,0.0,1.1985,76.7139,3146107,77914.0,2025,1246.068,62.527888,310003,Santa Bárbara - Ouro Preto,3101,Belo Horizonte,-20.3966125,-43.70232485,MÉDIO,MÉDIO,161.987,10,swine
3140001,0.0,20.1216,0.0038,0.0698,1.6582,18.3946,11.1443,0.4502,22.5351,0.0,1.2485,73.5211,3140001,64506.0,2025,1194.208,54.015716,310003,Santa Bárbara - Ouro Preto,3101,Belo Horizonte,-20.33594,-43.3021995,MÉDIO,MÉDIO,149.1472,10,swine
3115359,0.0,4.0445,0.0007,0.0167,0.4491,92.9393,2.2401,0.0398,1.9934,0.0,0.8809,14.7781,3115359,5706.0,2025,240.042,23.77084,310003,Santa Bárbara - Ouro Preto,3101,Belo Horizonte,-20.068948,-43.40211203,MÉDIO,MÉDIO,117.3826,10,forestry
3105400,0.0,5.7311,0.0,0.0,0.1935,72.771,3.1742,0.2252,11.2714,0.0,1.1985,20.9406,3105400,32264.0,2025,340.14,94.85506,310003,Santa Bárbara - Ouro Preto,3101,Belo Horizonte,-19.896333,-43.47171061,MÉDIO,MÉDIO,115.5055,8,forestry
3131901,0.0,9.175,0.0034,0.0,1.7618,4.5501,5.0816,0.3934,19.6924,0.0,1.1236,33.5242,3131901,56369.0,2025,544.535,103.51768,310003,Santa Bárbara - Ouro Preto,3101,Belo Horizonte,-20.25563825,-43.83466338,BAIXO,BAIXO,75.3055,9,swine
3169356,0.0,45.1267,0.0019,0.0,36.149,158.6726,24.9933,0.2093,10.4752,23.6169,1.648,164.886,3169356,29985.0,2025,2678.254,11.195727,310004,Curvelo,3101,Belo Horizonte,-18.299155,-45.06192911,MÉDIO,MÉDIO,465.7789,10,swine
3160603,0.0,7.2563,0.0,0.0,0.5527,5.6081,4.0188,0.0188,0.9404,23.4494,0.5393,26.5132,3160603,2692.0,2025,430.656,6.250929,310004,Curvelo,3101,Belo Horizonte,-18.3922515,-44.18968297,BAIXO,BAIXO,68.897,9,swine
3153202,0.0,11.7251,0.0,0.0,2.5426,0.7193,6.4939,0.0242,1.2126,1.1725,0.0,42.8418,3153202,3471.0,2025,695.882,4.987915,310004,Curvelo,3101,Belo Horizonte,-18.7131045,-44.073754,BAIXO,BAIXO,66.732,8,swine
3143609,0.0,6.9886,0.0,0.0,1.5546,13.8334,3.8706,0.0169,0.8475,2.666,1.1985,25.5353,3143609,2426.0,2025,414.772,5.848997,310004,Curvelo,3101,Belo Horizonte,-18.6038175,-44.61227109,BAIXO,BAIXO,56.5114,9,swine
3142502,0.0,10.9674,0.0,0.0,0.4146,1.4955,6.0742,0.0153,0.764,0.0,0.0,40.0732,3142502,2187.0,2025,650.911,3.359906,310004,Curvelo,3101,Belo Horizonte,-18.3927405,-43.99754861,BAIXO,BAIXO,59.8042,7,swine
3125705,0.0,26.1944,0.0,0.0,1.7273,75.3336,14.5077,0.0997,4.9887,16.7496,3.8952,95.7102,3125705,14280.0,2025,1554.627,9.185483,310004,Curvelo,3101,Belo Horizonte,-18.6928775,-45.00126953,MÉDIO,MÉDIO,239.2064,9,swine
3120904,0.0,55.5387,0.0,0.0,11.5153,360.4372,30.7599,0.5883,29.4491,7.3698,8.9889,202.9297,3120904,84297.0,2025,3296.2,25.573994,310004,Curvelo,3101,Belo Horizonte,-18.754195,-44.52381741,ALTO,ALTO,707.5769,9,forestry
3119104,0.0,42.5512,0.0066,0.0,3.4546,39.0699,23.5668,0.1674,8.3802,6.979,0.4994,155.4754,3119104,23988.0,2025,2525.397,9.498705,310004,Curvelo,3101,Belo Horizonte,-18.3118985,-44.57875028,MÉDIO,MÉDIO,280.1505,10,swine
3109204,0.0,26.9569,0.0009,0.0,8.7056,68.7937,14.93,0.064,3.2039,0.3769,6.2922,98.4963,3109204,9171.0,2025,1599.881,5.732301,310004,Curvelo,3101,Belo Horizonte,-17.848214,-43.95339577,MÉDIO,MÉDIO,227.8204,10,swine
3104809,0.0,21.143,0.0017,0.0,3.2473,6.0007,11.71,0.0319,1.5972,3.1824,9.9877,77.2534,3104809,4572.0,2025,1254.832,3.643516,310004,Curvelo,3101,Belo Horizonte,-18.100727,-44.23254742,MÉDIO,MÉDIO,134.1553,10,swine
3131109,0.0,8.8806,0.0,0.0,0.3109,28.8108,4.9185,0.0531,2.6603,0.0,0.0,32.4483,3131109,7615.0,2025,527.06,14.44807,310004,Curvelo,3101,Belo Horizonte,-18.7736655,-44.31327718,BAIXO,BAIXO,78.0825,7,swine
3164803,0.0,2.1567,0.0,0.0,0.5527,1.3833,1.1945,0.0086,0.4293,0.0,0.0824,7.8804,3164803,1229.0,2025,128.002,9.601412,310005,Itabira,3101,Belo Horizonte,-19.294987,-43.17832529,BAIXO,BAIXO,13.6879,8,swine
3160504,0.0,1.8074,0.0,0.0,0.3685,0.0,1.001,0.013,0.6484,0.0,0.9988,6.604,3160504,1856.0,2025,107.269,17.302296,310005,Itabira,3101,Belo Horizonte,-19.23584,-43.24698927,BAIXO,BAIXO,11.4411,7,swine
3158003,0.0,10.0665,0.0,0.0,0.6449,54.7727,5.5753,0.0748,3.7443,0.0,0.9963,36.7813,3158003,10718.0,2025,597.441,17.939847,310005,Itabira,3101,Belo Horizonte,-19.431125,-43.13132285,MÉDIO,MÉDIO,112.6561,8,forestry
3147501,0.0,1.5869,0.0,0.1145,0.4836,0.5197,0.8789,0.0112,0.5621,0.0,0.5493,5.7984,3147501,1609.0,2025,94.183,17.083762,310005,Itabira,3101,Belo Horizonte,-19.3598435,-43.18516088,BAIXO,BAIXO,10.5046,9,swine
3125903,0.0,18.3454,0.0,0.1284,2.3031,102.0791,10.1605,0.067,3.3548,0.0,6.2423,67.0311,3125903,9603.0,2025,1088.791,8.819875,310005,Itabira,3101,Belo Horizonte,-19.2472455,-42.92230014,MÉDIO,MÉDIO,209.7117,9,forestry
3113800,0.0,4.3657,0.0,0.0,0.3754,4.6361,2.4179,0.0188,0.9408,0.0,0.3995,15.9516,3113800,2693.0,2025,259.103,10.39355,310005,Itabira,3101,Belo Horizonte,-19.055604,-43.16258303,BAIXO,BAIXO,29.1058,8,swine
3107703,0.0,3.2959,0.0,0.014,0.4353,23.8869,1.8254,0.0404,2.0213,0.0,0.5993,12.0427,3107703,5786.0,2025,195.611,29.579114,310005,Itabira,3101,Belo Horizonte,-19.705964,-43.46598647,BAIXO,BAIXO,44.1612,9,forestry
3132800,0.0,6.4085,0.0,0.0,0.0345,0.6991,3.5493,0.0151,0.7574,0.0,0.3246,23.4155,3132800,2168.0,2025,380.34,5.700163,310005,Itabira,3101,Belo Horizonte,-19.410259,-43.34045335,BAIXO,BAIXO,35.204,8,swine
3131703,0.0,21.1392,0.0019,0.0195,0.2902,77.4333,11.7079,0.8239,41.2417,0.0,2.9214,77.2396,3131703,118053.0,2025,1254.607,94.095601,310005,Itabira,3101,Belo Horizonte,-19.604071,-43.30090352,MÉDIO,MÉDIO,232.8186,10,forestry
3170909,0.0,16.3068,0.0,0.0,2.4873,0.0,5.0703,0.1341,6.711,0.0,1.7478,40.1399,3170909,19210.0,2025,814.994,23.570726,310006,Montes Claros,3102,Montes Claros,-15.6374595,-43.95926561,BAIXO,BAIXO,72.5972,7,swine
3162658,0.0,8.322,0.0008,0.0,2.591,0.0,2.5876,0.0283,1.4149,0.0,0.7191,20.4849,3162658,4050.0,2025,415.922,9.737403,310006,Montes Claros,3102,Montes Claros,-16.551899,-44.54307595,BAIXO,BAIXO,36.1486,8,swine
3162401,0.0,37.0379,0.0009,0.0,2.4873,9.8142,11.5162,0.1689,8.4532,0.0,3.9951,91.1701,3162401,24197.0,2025,1851.102,13.071673,310006,Montes Claros,3102,Montes Claros,-15.911867,-43.90762307,MÉDIO,MÉDIO,164.6438,9,swine
3162252,0.0,19.9688,0.0017,0.0,2.3629,16.8618,6.2089,0.0346,1.7335,0.0,1.7478,49.154,3162252,4962.0,2025,998.015,4.971869,310006,Montes Claros,3102,Montes Claros,-16.8515375,-44.37661361,BAIXO,BAIXO,98.074,9,swine
3147956,0.0,8.8877,0.0,0.067,0.8637,1.3646,2.7635,0.0337,1.6856,0.0,0.5753,21.8775,3147956,4825.0,2025,444.196,10.862322,310006,Montes Claros,3102,Montes Claros,-16.088187,-44.10061856,BAIXO,BAIXO,38.1186,9,swine
3145455,0.0,41.8594,0.0,0.0,1.0157,386.58,13.0154,0.0386,1.9319,0.0,2.0395,103.0386,3145455,5530.0,2025,2092.078,2.643305,310006,Montes Claros,3102,Montes Claros,-17.54832165,-43.67384344,ALTO,ALTO,549.5191,8,forestry
3143302,0.0,71.8269,0.0114,0.0,3.8001,36.8267,22.3332,3.054,152.8754,1.5075,3.6405,176.8047,3143302,437601.0,2025,3589.811,121.900847,310006,Montes Claros,3102,Montes Claros,-16.6149075,-43.88943812,MÉDIO,MÉDIO,472.6804,10,swine
3142007,0.0,14.4717,0.0,0.0,0.5873,25.2366,4.4997,0.0982,4.9157,0.0,1.1236,35.6227,3142007,14071.0,2025,723.278,19.454484,310006,Montes Claros,3102,Montes Claros,-16.258303,-44.13075666,BAIXO,BAIXO,86.5555,8,swine
3129657,0.0,7.0682,0.0,0.0,0.6679,3.5518,2.1977,0.0357,1.7862,0.0,1.4382,17.3985,3129657,5113.0,2025,353.257,14.473882,310006,Montes Claros,3102,Montes Claros,-15.651036,-44.098599,BAIXO,BAIXO,34.1442,8,swine
3128253,0.0,7.8086,0.0,0.0,0.9212,51.692,2.4279,0.0365,1.825,0.0,0.5593,19.2212,3128253,5224.0,2025,390.263,13.385845,310006,Montes Claros,3102,Montes Claros,-17.0679395,-43.63669469,BAIXO,BAIXO,84.4917,8,forestry
3127800,0.0,77.7391,0.017,0.2903,4.1455,494.6366,24.1715,0.098,4.9038,0.0,2.8765,191.3577,3127800,14037.0,2025,3885.294,3.612854,310006,Montes Claros,3102,Montes Claros,-16.4739085,-43.02638847,ALTO,ALTO,800.236,10,forestry
3127354,0.0,2.9185,0.0,0.0,1.064,0.0,0.9074,0.0209,1.0449,0.0,0.0959,7.1839,3127354,2991.0,2025,145.861,20.505824,310006,Montes Claros,3102,Montes Claros,-16.8990385,-43.64085968,BAIXO,BAIXO,13.2355,7,swine
3126703,0.0,54.9694,0.0,0.0,5.4698,7.3466,17.0917,0.1658,8.2981,0.0,2.6218,135.3092,3126703,23753.0,2025,2747.295,8.645959,310006,Montes Claros,3102,Montes Claros,-16.443844,-43.57065445,MÉDIO,MÉDIO,231.2724,8,swine
3126604,0.0,31.536,0.0014,2.4119,1.2713,411.0868,9.8055,0.0317,1.5885,0.0,0.1918,77.6271,3126604,4547.0,2025,1576.128,2.884918,310006,Montes Claros,3102,Montes Claros,-17.4340495,-44.25194584,ALTO,ALTO,535.552,10,forestry
3123809,0.0,12.1713,0.0023,0.0056,5.5274,10.2816,3.7844,0.0445,2.2264,0.67,3.4957,29.9602,3123809,6373.0,2025,608.306,10.476635,310006,Montes Claros,3102,Montes Claros,-17.298013,-44.00224871,BAIXO,BAIXO,68.1694,11,swine
3120300,0.0,16.8212,0.0007,0.0084,0.6218,15.2541,5.2302,0.0358,1.7932,0.0,0.9289,41.4061,3120300,5133.0,2025,840.702,6.105612,310006,Montes Claros,3102,Montes Claros,-16.7085605,-42.83786333,BAIXO,BAIXO,82.1004,10,swine
3118809,0.0,44.5233,0.0085,0.0307,32.243,44.0986,13.8437,0.1824,9.1313,0.0,18.8767,109.5959,3118809,26138.0,2025,2225.216,11.746275,310006,Montes Claros,3102,Montes Claros,-16.615768,-44.27254278,MÉDIO,MÉDIO,272.5341,10,swine
3116506,0.0,14.4146,0.0,0.0,1.8655,6.7297,4.482,0.0505,2.5258,0.0,1.598,35.4822,3116506,7230.0,2025,720.424,10.035757,310006,Montes Claros,3102,Montes Claros,-17.056865,-44.26280512,BAIXO,BAIXO,67.1483,8,swine
3112703,0.0,19.4398,0.0,0.0084,2.8604,0.0,6.0444,0.1005,5.0317,0.0,0.2996,47.8519,3112703,14403.0,2025,971.576,14.824368,310006,Montes Claros,3102,Montes Claros,-16.099117,-43.6479093,BAIXO,BAIXO,81.6367,8,swine
3111150,0.0,10.1226,0.0,0.0,0.4606,1.1216,3.1474,0.0266,1.3296,0.0,0.4944,24.9172,3111150,3806.0,2025,505.914,7.523018,310006,Montes Claros,3102,Montes Claros,-16.516494,-44.76519378,BAIXO,BAIXO,41.62,8,swine
3108602,0.0,28.0016,0.0007,0.0,2.7637,2.9544,8.7066,0.2321,11.62,0.0,4.3696,68.9271,3108602,33262.0,2025,1399.484,23.767331,310006,Montes Claros,3102,Montes Claros,-16.2386975,-44.38383904,MÉDIO,MÉDIO,127.5758,9,swine
3108503,0.0,31.3911,0.0025,0.053,0.8291,39.8476,9.7605,0.0405,2.0283,0.0,2.2472,77.2704,3108503,5806.0,2025,1568.884,3.70072,310006,Montes Claros,3102,Montes Claros,-16.951162,-42.95138604,MÉDIO,MÉDIO,163.4702,10,swine
3107307,0.0,64.1625,0.0227,1.34,8.0216,141.2343,19.9501,0.3475,17.3965,0.0,3.3958,157.9386,3107307,49797.0,2025,3206.757,15.528773,310006,Montes Claros,3102,Montes Claros,-17.388038,-43.84004775,MÉDIO,MÉDIO,413.8096,10,swine
3138682,0.0,8.2378,0.0011,0.0,0.6909,3.9691,2.5614,0.0441,2.2089,0.0,1.2734,20.2777,3138682,6323.0,2025,411.714,15.357748,310006,Montes Claros,3102,Montes Claros,-16.1972775,-44.60752115,BAIXO,BAIXO,39.2644,9,swine
3138658,0.0,5.1807,0.0,0.0,0.3224,0.0,1.6108,0.0626,3.1312,0.0,0.3196,12.7525,3138658,8963.0,2025,258.925,34.616202,310006,Montes Claros,3102,Montes Claros,-15.8407385,-44.24202462,BAIXO,BAIXO,23.3798,7,swine
3137304,0.0,12.0161,0.0,0.0,0.8061,1.9068,3.7362,0.0226,1.1308,0.0,0.1498,29.578,3137304,3237.0,2025,600.547,5.390086,310006,Montes Claros,3102,Montes Claros,-17.0124095,-44.65961755,BAIXO,BAIXO,49.3464,8,swine
3136801,0.0,8.6363,0.0,0.0,2.0728,0.0,2.6853,0.0265,1.3268,0.0,0.4944,21.2586,3136801,3798.0,2025,431.63,8.799203,310006,Montes Claros,3102,Montes Claros,-16.8524385,-43.54261347,BAIXO,BAIXO,36.5007,7,swine
3136579,0.0,10.8325,0.0018,0.0084,0.4975,56.1037,3.3682,0.0248,1.2426,0.0,0.1278,26.6646,3136579,3557.0,2025,541.393,6.570089,310006,Montes Claros,3102,Montes Claros,-16.520684,-42.56904786,BAIXO,BAIXO,98.8719,10,forestry
3136405,0.0,15.8255,0.002,0.0,2.9986,13.6464,4.9206,0.027,1.3513,0.0,3.8353,38.955,3136405,3868.0,2025,790.935,4.890415,310006,Montes Claros,3102,Montes Claros,-17.6464865,-44.07162682,BAIXO,BAIXO,81.5617,9,swine
3135605,0.0,25.3797,0.0,0.0,4.9746,28.0705,7.8913,0.0445,2.2285,2.4817,1.1536,62.4731,3135605,6379.0,2025,1268.443,5.029,310006,Montes Claros,3102,Montes Claros,-17.2010315,-44.48914435,MÉDIO,MÉDIO,134.6975,9,swine
3135357,0.0,7.5068,0.0,0.0,0.6932,1.0267,2.3341,0.0585,2.9293,0.0,2.3721,18.4783,3135357,8385.0,2025,375.181,22.349213,310006,Montes Claros,3102,Montes Claros,-15.9334555,-44.26530139,BAIXO,BAIXO,35.399,8,swine
3132008,0.0,35.7842,0.0031,0.0084,0.4975,71.2232,11.1264,0.0295,1.4767,0.0,0.2397,88.0841,3132008,4227.0,2025,1788.445,2.363506,310006,Montes Claros,3102,Montes Claros,-16.910799,-43.29532882,MÉDIO,MÉDIO,208.4728,10,swine
3171030,0.0,31.4251,0.0,0.0,2.5702,0.0,9.771,0.054,2.7029,1.5438,0.0,77.354,3171030,7737.0,2025,1570.582,4.926199,310007,Janaúba,3102,Montes Claros,-15.5625345,-43.59525721,MÉDIO,MÉDIO,125.421,7,swine
3166956,0.0,11.0438,0.0,0.0865,0.5067,0.3739,3.4339,0.0314,1.571,0.0,0.0275,27.1847,3166956,4497.0,2025,551.954,8.147418,310007,Janaúba,3102,Montes Claros,-15.870413,-42.89653818,BAIXO,BAIXO,44.2594,9,swine
3154507,0.0,26.322,0.0,0.0,2.584,149.6435,8.1843,0.0618,3.0945,0.0,0.3496,64.7927,3154507,8858.0,2025,1315.54,6.733357,310007,Janaúba,3102,Montes Claros,-16.0431985,-42.9501945,MÉDIO,MÉDIO,255.0324,8,forestry
3152204,0.0,35.0086,0.0038,0.0,1.8286,0.0,10.8853,0.27,13.517,0.0,0.0649,86.175,3152204,38692.0,2025,1749.683,22.11372,310007,Janaúba,3102,Montes Claros,-15.746902,-43.07277931,MÉDIO,MÉDIO,147.7532,8,swine
3146552,0.0,16.8033,0.0,0.0,0.5366,0.0,5.2247,0.0392,1.9619,0.0,0.0,41.3619,3146552,5616.0,2025,839.805,6.687267,310007,Janaúba,3102,Montes Claros,-15.3494355,-43.21572399,BAIXO,BAIXO,65.9276,6,swine
3145059,0.0,2.4199,0.0,0.0167,0.1382,0.0,0.7524,0.0471,2.3567,0.0,0.7641,5.9567,3145059,6746.0,2025,120.944,55.777881,310007,Janaúba,3102,Montes Claros,-15.718372,-43.27033475,BAIXO,BAIXO,12.4518,8,swine
3142254,0.0,12.0477,0.0,0.0,0.3455,2.6171,3.746,0.0278,1.3911,0.0,0.8739,29.6559,3142254,3982.0,2025,602.128,6.613212,310007,Janaúba,3102,Montes Claros,-14.7499915,-44.40292958,BAIXO,BAIXO,50.705,8,swine
3140852,0.0,38.8285,0.072,0.2624,2.4873,0.0,12.073,0.0623,3.1169,10.0498,25.6184,95.5779,3140852,8922.0,2025,1940.597,4.597554,310007,Janaúba,3102,Montes Claros,-14.837787,-43.72052686,MÉDIO,MÉDIO,188.1485,10,swine
3139300,0.0,39.0203,0.0,0.0,1.9484,0.0,12.1326,0.1336,6.6893,0.0,0.7641,96.0501,3139300,19148.0,2025,1950.184,9.818561,310007,Janaúba,3102,Montes Claros,-14.669907,-44.13032075,MÉDIO,MÉDIO,156.7384,7,swine
3135100,0.0,43.645,0.0142,0.0,1.7273,0.0,13.5706,0.5133,25.6964,0.0,0.1748,107.4339,3135100,73555.0,2025,2181.319,33.720423,310007,Janaúba,3102,Montes Claros,-15.7300755,-43.44145908,MÉDIO,MÉDIO,192.7755,8,swine
3135050,0.0,52.7319,0.1108,0.0251,0.9397,1.1216,16.396,0.2766,13.8478,12.283,393.7646,129.8015,3135050,39639.0,2025,2635.467,15.040598,310007,Janaúba,3102,Montes Claros,-15.2497315,-43.67220227,ALTO,ALTO,621.2986,11,sugarcane
3170651,0.0,9.8344,0.0,0.5276,0.3432,32.329,3.0578,0.033,1.6503,0.0,2.1973,24.2079,3170651,4724.0,2025,491.512,9.611159,310008,Salinas,3102,Montes Claros,-15.3321445,-42.29042948,BAIXO,BAIXO,74.1805,9,forestry
3168002,0.0,24.4113,0.0027,5.5274,1.3818,123.0535,7.5902,0.241,12.0655,0.0,1.3983,60.0894,3168002,34537.0,2025,1220.045,28.307972,310008,Salinas,3102,Montes Claros,-15.81835135,-42.0664582,MÉDIO,MÉDIO,235.7611,10,forestry
3162708,0.0,38.528,0.0057,1.6889,1.8655,159.9228,11.9795,0.1724,8.631,0.0,13.9828,94.838,3162708,24706.0,2025,1925.575,12.830453,310008,Salinas,3102,Montes Claros,-15.3601014,-42.04697959,MÉDIO,MÉDIO,331.6146,10,forestry
3157377,0.0,11.7972,0.0021,0.0,0.6633,2.4765,3.6681,0.0274,1.3691,0.0,0.6117,29.0392,3157377,3919.0,2025,589.607,6.6468,310008,Salinas,3102,Montes Claros,-16.0459175,-41.81723186,BAIXO,BAIXO,49.6546,9,swine
3157005,0.0,37.2582,0.0109,0.053,7.7844,7.7766,11.5848,0.2913,14.5804,0.0,7.1911,91.7126,3157005,41736.0,2025,1862.117,22.4132,310008,Salinas,3102,Montes Claros,-16.0855905,-42.11103247,MÉDIO,MÉDIO,178.2433,10,swine
3156502,0.0,22.2154,0.001,0.0,1.0364,10.1058,6.9075,0.0381,1.9074,0.0,0.7491,54.684,3156502,5460.0,2025,1110.295,4.917612,310008,Salinas,3102,Montes Claros,-16.361954,-42.18900532,BAIXO,BAIXO,97.6447,9,swine
3155603,0.0,62.3801,0.0085,3.8357,4.1455,122.631,19.3959,0.2031,10.1671,0.0,27.4661,153.5511,3155603,29103.0,2025,3117.675,9.334841,310008,Salinas,3102,Montes Claros,-15.7739915,-42.49882089,MÉDIO,MÉDIO,403.7841,10,swine
3146255,0.0,8.9293,0.0,0.0195,0.8291,2.7891,2.7764,0.0352,1.7625,0.0,0.0,21.9798,3146255,5045.0,2025,446.275,11.304689,310008,Salinas,3102,Montes Claros,-16.309127,-42.55583233,BAIXO,BAIXO,39.1209,8,swine
3145372,0.0,5.4345,0.0017,0.0558,0.5527,3.8472,1.6898,0.0322,1.6112,0.0,2.9084,13.3773,3145372,4612.0,2025,271.61,16.980229,310008,Salinas,3102,Montes Claros,-16.0038595,-42.38383583,BAIXO,BAIXO,29.5108,10,swine
3144656,0.0,22.1749,0.0,13.9608,1.3818,35.3312,6.8949,0.0765,3.8306,0.0,0.5693,54.5843,3144656,10965.0,2025,1108.27,9.893798,310008,Salinas,3102,Montes Claros,-15.3142835,-41.70831327,MÉDIO,MÉDIO,138.8043,9,swine
3127073,0.0,15.2633,0.0028,0.0,1.3818,11.7771,4.7458,0.0317,1.5853,0.0,1.4782,37.5711,3127073,4538.0,2025,762.837,5.948846,310008,Salinas,3102,Montes Claros,-16.1299665,-42.5291697,BAIXO,BAIXO,73.8371,9,swine
3120870,0.0,11.4239,0.0022,0.522,0.433,24.1523,3.552,0.0535,2.6767,0.0,0.1608,28.1203,3120870,7662.0,2025,570.95,13.419739,310008,Salinas,3102,Montes Claros,-15.8573187,-41.7394411,BAIXO,BAIXO,71.0967,10,swine
3106655,0.0,9.7793,0.0009,3.0903,0.1704,3.7874,3.0407,0.0298,1.4917,0.0,0.4494,24.0721,3106655,4270.0,2025,488.756,8.736466,310008,Salinas,3102,Montes Claros,-15.6981195,-41.77791388,BAIXO,BAIXO,45.912,10,swine
3130655,0.0,20.0916,0.0009,2.8586,3.3164,19.2546,6.2471,0.0442,2.2107,0.0,8.9889,49.4561,3130655,6328.0,2025,1004.149,6.301854,310008,Salinas,3102,Montes Claros,-15.563807,-42.14970107,MÉDIO,MÉDIO,112.4691,10,swine
3162450,0.0,13.5713,0.0,0.0,1.9899,0.0,4.2197,0.0945,4.7326,0.0,0.5943,33.4062,3162450,13547.0,2025,678.274,19.972754,310009,Januária,3102,Montes Claros,-14.880481,-44.25487068,BAIXO,BAIXO,58.6085,7,swine
3149150,0.0,30.526,0.0,0.0,1.3818,0.0,9.4915,0.074,3.7034,0.0,0.1663,75.1409,3149150,10601.0,2025,1525.648,6.948523,310009,Januária,3102,Montes Claros,-15.581553,-44.23950186,MÉDIO,MÉDIO,120.4839,7,swine
3142700,0.0,30.0879,0.0,0.0,1.5661,0.0,9.3553,0.0982,4.9146,0.0,0.5993,74.0626,3142700,14068.0,2025,1503.755,9.355247,310009,Januária,3102,Montes Claros,-14.471812,-44.52837796,MÉDIO,MÉDIO,120.684,7,swine
3117836,0.0,32.2231,0.0,0.0,0.9212,0.0,10.0192,0.0519,2.5967,0.0,4.7941,79.3185,3117836,7433.0,2025,1610.469,4.615426,310009,Januária,3102,Montes Claros,-15.040666,-44.61791394,MÉDIO,MÉDIO,129.9247,7,swine
3108255,0.0,78.7627,0.0,0.0,1.1515,15.0485,24.4898,0.0735,3.6769,0.0,7.8653,193.8775,3108255,10525.0,2025,3936.455,2.673725,310009,Januária,3102,Montes Claros,-14.974534,-44.95707956,MÉDIO,MÉDIO,324.9457,8,swine
3136959,0.0,21.3029,0.0,0.0,33.1642,0.0,6.6237,0.0414,2.0741,2.1104,0.0899,52.438,3136959,5937.0,2025,1064.692,5.576261,310009,Januária,3102,Montes Claros,-14.399213,-43.95039373,MÉDIO,MÉDIO,117.8446,8,swine
3135209,0.0,133.2887,0.0009,0.0,6.6789,12.0388,41.4436,0.4685,23.4493,4.1874,10.4371,328.0952,3135209,67123.0,2025,6661.588,10.076126,310009,Januária,3102,Montes Claros,-15.32042,-45.20144355,ALTO,ALTO,560.0884,10,swine
3132107,0.0,24.5159,0.0,0.0,24.1914,0.0,7.6228,0.1221,6.1143,13.609,0.6991,60.3469,3132107,17502.0,2025,1225.273,14.284164,310009,Januária,3102,Montes Claros,-15.206184,-44.0873767,MÉDIO,MÉDIO,137.2215,8,swine
3170800,0.0,44.4245,0.9945,6.4486,59.965,77.9649,13.813,0.2412,12.0717,24.5661,1.7978,109.3527,3170800,34555.0,2025,2220.279,15.563359,310010,Pirapora,3102,Montes Claros,-17.4170699,-44.62902415,MÉDIO,MÉDIO,351.64,11,swine
3157609,0.0,58.3739,0.0,0.0,0.9212,12.9735,18.1503,0.0246,1.2325,0.0,0.1978,143.6896,3157609,3528.0,2025,2917.448,1.209276,310010,Pirapora,3102,Montes Claros,-16.733292,-45.56520284,MÉDIO,MÉDIO,235.5634,8,swine
3152131,0.0,12.0611,0.0,0.0,0.4146,0.0,3.7502,0.0265,1.3265,0.0,0.0,29.6889,3152131,3797.0,2025,602.799,6.298949,310010,Pirapora,3102,Montes Claros,-16.604997,-44.95010134,BAIXO,BAIXO,47.2678,6,swine
3151206,0.0,10.995,1.3396,8.9443,6.9438,7.8701,3.4187,0.4028,20.162,4.3549,1.0986,27.0646,3151206,57713.0,2025,549.514,105.025532,310010,Pirapora,3102,Montes Claros,-17.379377,-44.86199568,BAIXO,BAIXO,92.5944,11,swine
3129608,0.0,17.5027,0.0,0.0,34.6105,2.8071,5.4421,0.0431,2.1562,3.0149,0.4494,43.0835,3129608,6172.0,2025,874.76,7.05565,310010,Pirapora,3102,Montes Claros,-16.8325495,-44.77505814,MÉDIO,MÉDIO,109.1095,9,swine
3109402,0.0,144.4297,0.0758,9.7985,148.3684,346.9523,44.9077,0.1669,8.3522,237.286,1.1236,355.5192,3109402,23908.0,2025,7218.401,3.312091,310010,Pirapora,3102,Montes Claros,-17.2801025,-45.2195429,MUITO ALTO,MUITO ALTO,1296.9803,11,swine
3138104,0.0,64.1117,0.2197,0.9659,4.6061,311.9613,19.9343,0.0516,2.5845,9.4216,0.4674,157.8135,3138104,7398.0,2025,3204.217,2.308832,310010,Pirapora,3102,Montes Claros,-17.875903,-44.70987361,ALTO,ALTO,572.1376,11,forestry
3170008,0.0,16.4175,0.0017,0.0,1.3818,4.0887,5.1047,0.0836,4.1869,0.0,4.3696,40.4123,3170008,11985.0,2025,820.524,14.60652,310011,São Francisco,3102,Montes Claros,-16.365003,-44.84204737,BAIXO,BAIXO,76.0468,9,swine
3164209,0.0,48.7009,0.0,0.0,19.0441,0.0,15.1426,0.0737,3.6898,66.4401,0.9488,119.8791,3164209,10562.0,2025,2434.004,4.339352,310011,São Francisco,3102,Montes Claros,-16.354035,-45.379604,MÉDIO,MÉDIO,273.9191,8,swine
3161106,0.0,66.1903,0.001,0.0,6.2183,0.0,20.5806,0.3784,18.9427,0.0,3.6056,162.9299,3161106,54223.0,2025,3308.1,16.39098,310011,São Francisco,3102,Montes Claros,-15.8582655,-44.88961334,MÉDIO,MÉDIO,278.8468,8,swine
3150570,0.0,24.5852,0.0,0.0,1.4509,2.6171,7.6443,0.0504,2.5251,0.0,0.6292,60.5175,3150570,7228.0,2025,1228.736,5.882468,310011,São Francisco,3102,Montes Claros,-16.058358,-45.22608802,MÉDIO,MÉDIO,100.0197,8,swine
3130051,0.0,12.5186,0.0,0.0,2.591,0.0,3.8924,0.0762,3.8128,0.0,4.7192,30.8151,3130051,10914.0,2025,625.664,17.443868,310011,São Francisco,3102,Montes Claros,-16.2286505,-44.92338068,BAIXO,BAIXO,58.4253,7,swine
3116159,0.0,65.1316,0.0,0.0,9.3965,4.0266,20.2514,0.0901,4.508,513.6544,0.1373,160.3239,3116159,12904.0,2025,3255.189,3.964132,310011,São Francisco,3102,Montes Claros,-15.457223,-45.41765415,ALTO,ALTO,777.5198,9,soybean
3160454,0.0,15.9326,0.0156,0.1424,0.2487,2.7719,4.9539,0.047,2.3508,0.0,4.2947,39.2187,3160454,6729.0,2025,796.29,8.450439,310012,Espinosa,3102,Montes Claros,-15.2674255,-42.67341046,BAIXO,BAIXO,69.9763,10,swine
3143450,0.0,22.618,0.0007,0.0698,0.9673,35.9855,7.0327,0.0485,2.4283,0.0,4.045,55.6752,3143450,6951.0,2025,1130.419,6.149047,310012,Espinosa,3102,Montes Claros,-15.206327,-42.48418861,MÉDIO,MÉDIO,128.871,10,swine
3142908,0.0,20.0345,0.0027,0.014,2.4873,0.0,6.2293,0.143,7.1606,0.0,0.0759,49.3156,3142908,20497.0,2025,1001.296,20.47047,310012,Espinosa,3102,Montes Claros,-15.2178545,-43.03680169,BAIXO,BAIXO,85.4629,9,swine
3141009,0.0,9.4489,0.0,0.0,0.9673,0.0,2.938,0.0852,4.2655,0.0,0.0874,23.2589,3141009,12210.0,2025,472.245,25.855223,310012,Espinosa,3102,Montes Claros,-15.456889,-42.84036744,BAIXO,BAIXO,41.0512,7,swine
3139250,0.0,5.6897,0.0,0.0,0.9212,0.0,1.7691,0.0424,2.1247,0.0,0.2876,14.0055,3139250,6082.0,2025,284.365,21.388005,310012,Espinosa,3102,Montes Claros,-15.0139975,-42.9562709,BAIXO,BAIXO,24.8402,7,swine
3127339,0.0,34.6789,0.0,0.0,0.9327,0.0,10.7827,0.0338,1.6933,0.0,0.0,85.3634,3127339,4847.0,2025,1733.203,2.796556,310012,Espinosa,3102,Montes Claros,-14.981863,-43.26401398,MÉDIO,MÉDIO,133.4848,6,swine
3124302,0.0,37.3954,0.0242,0.0,1.7688,0.0,11.6274,0.219,10.9608,0.0,1.0437,92.0501,3124302,31375.0,2025,1868.97,16.787321,310012,Espinosa,3102,Montes Claros,-14.9046515,-42.79308354,MÉDIO,MÉDIO,155.0894,8,swine
3115474,0.0,5.7587,0.0,0.0,0.4146,0.0,1.7906,0.0334,1.6727,0.0,0.0,14.1753,3115474,4788.0,2025,287.812,16.63586,310012,Espinosa,3102,Montes Claros,-15.341066,-43.06203922,BAIXO,BAIXO,23.8453,6,swine
3168606,0.0,64.8731,0.1279,0.067,2.9019,3.3649,20.1711,0.997,49.9048,0.0,4.1948,159.6876,3168606,142851.0,2025,3242.27,44.058946,310013,Teófilo Otoni,3103,Teófilo Otoni,-17.686009,-41.3844131,MÉDIO,MÉDIO,306.2901,10,swine
3166709,0.0,4.2733,0.0,0.0,0.0138,0.4247,1.3287,0.0479,2.3962,0.0,83.6369,10.5189,3166709,6859.0,2025,213.574,32.115332,310013,Teófilo Otoni,3103,Teófilo Otoni,-17.75341825,-40.26182784,MÉDIO,MÉDIO,102.6404,8,sugarcane
3165552,0.0,10.6977,0.0016,3.3499,1.8517,20.3448,3.3262,0.0697,3.4882,0.0,1.6585,26.3327,3165552,9985.0,2025,534.655,18.675595,310013,Teófilo Otoni,3103,Teófilo Otoni,-17.609456,-42.14322622,BAIXO,BAIXO,71.121,10,swine
3163300,0.0,6.5769,0.0085,0.0056,0.1405,0.0,2.045,0.0243,1.2164,0.0,2.4355,16.1893,3163300,3482.0,2025,328.704,10.593117,310013,Teófilo Otoni,3103,Teófilo Otoni,-18.4003965,-41.38194127,BAIXO,BAIXO,28.642,9,swine
3152402,0.0,12.5076,0.0114,0.0754,2.4873,3.9496,3.889,0.0953,4.7683,0.0,3.4158,30.7878,3152402,13649.0,2025,625.111,21.834522,310013,Teófilo Otoni,3103,Teófilo Otoni,-17.806391,-41.75993552,BAIXO,BAIXO,61.9875,10,swine
3152170,0.0,24.2586,0.0023,0.1005,0.5873,5.1729,7.5428,0.0772,3.8634,0.0,1.0487,59.7135,3152170,11059.0,2025,1212.413,9.121479,310013,Teófilo Otoni,3103,Teófilo Otoni,-16.8415265,-41.53129419,MÉDIO,MÉDIO,102.3672,10,swine
3150000,0.0,6.352,0.0,0.0,0.053,0.0,1.975,0.0248,1.2433,0.0,0.0629,15.6356,3150000,3559.0,2025,317.463,11.210755,310013,Teófilo Otoni,3103,Teófilo Otoni,-18.3368295,-41.57167269,BAIXO,BAIXO,25.3466,7,swine
3148509,0.0,12.0289,0.0,0.0,0.0806,2.9536,3.7402,0.0568,2.8447,0.0,0.0,29.6097,3148509,8143.0,2025,601.19,13.544803,310013,Teófilo Otoni,3103,Teófilo Otoni,-17.4645835,-41.10116452,BAIXO,BAIXO,51.3145,7,swine
3146305,0.0,10.8922,0.0066,0.3322,0.1244,1.8006,3.3867,0.1219,6.1007,0.0,2.0225,26.8114,3146305,17463.0,2025,544.375,32.07899,310013,Teófilo Otoni,3103,Teófilo Otoni,-17.0600895,-41.52800512,BAIXO,BAIXO,51.5992,10,swine
3146206,0.0,3.5111,0.0015,0.7035,0.1382,0.5234,1.0917,0.0408,2.0426,0.0,0.389,8.6428,3146206,5847.0,2025,175.482,33.319657,310013,Teófilo Otoni,3103,Teófilo Otoni,-18.0321425,-41.29740695,BAIXO,BAIXO,17.0846,10,swine
3145356,0.0,15.1095,0.0,0.0,0.2764,1.1239,4.698,0.0733,3.6692,0.0,0.9738,37.1925,3145356,10503.0,2025,755.151,13.908477,310013,Teófilo Otoni,3103,Teófilo Otoni,-17.240211,-41.26538273,BAIXO,BAIXO,63.1166,8,swine
3145307,0.0,34.0742,0.0076,2.8,5.5274,12.0335,10.5947,0.1903,9.526,0.0,7.3409,83.8749,3145307,27268.0,2025,1702.981,16.011923,310013,Teófilo Otoni,3103,Teófilo Otoni,-17.364717,-41.91915227,MÉDIO,MÉDIO,165.9695,10,swine
3144904,0.0,7.5227,0.0,0.0335,0.0921,0.0,2.339,0.026,1.3017,0.0,0.0405,18.5173,3144904,3726.0,2025,375.973,9.910286,310013,Teófilo Otoni,3103,Teófilo Otoni,-18.4390055,-41.52895917,BAIXO,BAIXO,29.8728,8,swine
3144300,0.0,30.3763,0.0,0.0,0.129,240.9998,9.4449,0.2461,12.3191,0.0,35.9557,74.7724,3144300,35263.0,2025,1518.166,23.227368,310013,Teófilo Otoni,3103,Teófilo Otoni,-17.735598,-40.44475394,MÉDIO,MÉDIO,404.2433,8,forestry
3143153,0.0,7.7144,0.0,0.0419,0.2211,1.7572,2.3986,0.031,1.5501,0.0,0.4245,18.9892,3143153,4437.0,2025,385.553,11.508145,310013,Teófilo Otoni,3103,Teófilo Otoni,-16.8820125,-41.27138128,BAIXO,BAIXO,33.128,9,swine
3139201,0.0,14.5639,0.0028,2.3505,2.2455,6.1428,4.5284,0.1235,6.1803,0.0,1.2335,35.8497,3139201,17691.0,2025,727.886,24.30463,310013,Teófilo Otoni,3103,Teófilo Otoni,-17.856578,-42.14841665,BAIXO,BAIXO,73.2209,10,swine
3126802,0.0,12.5388,0.0009,0.2177,0.3547,1.7647,3.8987,0.04,2.0021,0.0,1.2634,30.8647,3126802,5731.0,2025,626.672,9.145135,310013,Teófilo Otoni,3103,Teófilo Otoni,-18.1407625,-41.54820883,BAIXO,BAIXO,52.9457,10,swine
3126752,0.0,14.3479,0.0024,0.3015,2.1419,0.8973,4.4612,0.0351,1.7548,0.0,1.4382,35.3178,3126752,5023.0,2025,717.087,7.004729,310013,Teófilo Otoni,3103,Teófilo Otoni,-17.9985035,-41.98147931,BAIXO,BAIXO,60.6981,10,swine
3115458,0.0,8.3912,0.0031,0.2512,0.3316,2.991,2.6091,0.0506,2.5321,0.0,0.9588,20.6552,3115458,7248.0,2025,419.38,17.282655,310013,Teófilo Otoni,3103,Teófilo Otoni,-17.366038,-41.47457635,BAIXO,BAIXO,38.7739,10,swine
3113701,0.0,64.087,0.0011,0.0,0.0,22.8849,19.9267,0.1311,6.5618,0.0,1.9975,157.7527,3113701,18783.0,2025,3202.984,5.864219,310013,Teófilo Otoni,3103,Teófilo Otoni,-17.6678965,-40.88165342,MÉDIO,MÉDIO,273.3428,8,swine
3113008,0.0,24.8575,0.0172,1.675,0.2764,7.6644,7.729,0.1362,6.8161,0.0,1.3483,61.1877,3113008,19511.0,2025,1242.345,15.704977,310013,Teófilo Otoni,3103,Teófilo Otoni,-17.163188,-41.47181689,MÉDIO,MÉDIO,111.7078,10,swine
3110806,0.0,8.8517,0.0,0.0,0.2487,1.1964,2.7523,0.0201,1.0075,0.0,0.9189,21.7889,3110806,2884.0,2025,442.398,6.519017,310013,Teófilo Otoni,3103,Teófilo Otoni,-18.2813485,-41.71984539,BAIXO,BAIXO,36.7845,8,swine
3104700,0.0,36.7544,0.0095,0.148,0.8637,0.1869,11.4281,0.0973,4.8685,0.0,1.2485,90.4723,3104700,13936.0,2025,1836.933,7.586559,310013,Teófilo Otoni,3103,Teófilo Otoni,-18.216021,-41.25529392,MÉDIO,MÉDIO,146.0772,10,swine
3137007,0.0,17.3332,0.0073,0.6839,4.134,8.3,5.3894,0.0995,4.9828,0.0,2.397,42.6663,3137007,14263.0,2025,866.29,16.464463,310013,Teófilo Otoni,3103,Teófilo Otoni,-17.6065875,-41.80404254,BAIXO,BAIXO,85.9934,10,swine
3133303,0.0,13.5863,0.0011,0.0,0.3455,1.7236,4.2244,0.1344,6.7295,0.0,0.3695,33.4432,3133303,19263.0,2025,679.024,28.368659,310013,Teófilo Otoni,3103,Teófilo Otoni,-16.5776945,-41.52612251,BAIXO,BAIXO,60.5575,9,swine
3132701,0.0,28.3963,0.0156,0.6588,0.5527,8.5991,8.8293,0.148,7.4097,0.0,1.4982,69.8986,3132701,21210.0,2025,1419.209,14.944945,310013,Teófilo Otoni,3103,Teófilo Otoni,-18.177018,-41.91408367,MÉDIO,MÉDIO,126.0063,10,swine
3132305,0.0,9.6207,0.0034,1.2004,0.4146,4.0229,2.9914,0.0732,3.6619,0.0,1.7978,23.6817,3132305,10482.0,2025,480.829,21.79985,310013,Teófilo Otoni,3103,Teófilo Otoni,-17.417492,-41.67914027,BAIXO,BAIXO,47.468,10,swine
3171071,0.0,12.6392,0.0066,0.469,0.8475,78.1601,3.9299,0.0366,1.8306,0.0,1.4982,31.1119,3171071,5240.0,2025,631.691,8.295195,310014,Capelinha,3103,Teófilo Otoni,-17.50977555,-42.7337406,MÉDIO,MÉDIO,130.5296,10,forestry
3169703,0.0,23.0721,0.0113,2.5069,1.216,271.5454,7.1738,0.1449,7.2556,0.0,2.873,56.7928,3169703,20769.0,2025,1153.111,18.011276,310014,Capelinha,3103,Teófilo Otoni,-17.258957,-42.88413577,MÉDIO,MÉDIO,372.5918,10,forestry
3141801,0.0,36.2634,0.0165,1.5828,4.6706,173.3576,11.2754,0.1664,8.3295,0.0,7.7904,89.2639,3141801,23843.0,2025,1812.398,13.155499,310014,Capelinha,3103,Teófilo Otoni,-17.355109,-42.38174754,MÉDIO,MÉDIO,332.7165,10,forestry
3116100,0.0,16.6238,0.0037,0.0,1.2437,8.9356,5.1688,0.0681,3.4107,0.0,1.648,40.92,3116100,9763.0,2025,830.833,11.750857,310014,Capelinha,3103,Teófilo Otoni,-17.1564005,-42.39969144,BAIXO,BAIXO,78.0224,9,swine
3112307,0.0,19.3141,0.0409,27.782,10.3638,192.2405,6.0054,0.2921,14.623,0.0,3.8203,47.5424,3112307,41858.0,2025,965.292,43.363045,310014,Capelinha,3103,Teófilo Otoni,-17.702821,-42.46840895,MÉDIO,MÉDIO,322.0245,10,forestry
3104452,0.0,4.8687,0.0,2.7134,2.0751,17.6088,1.5138,0.0336,1.6839,0.0,0.7341,11.9844,3104452,4820.0,2025,243.329,19.808572,310014,Capelinha,3103,Teófilo Otoni,-17.854217,-42.61246593,BAIXO,BAIXO,43.2158,9,forestry
3102852,0.0,3.7058,0.0043,22.933,2.3814,15.6265,1.1522,0.0548,2.742,0.0,0.3955,9.122,3102852,7849.0,2025,185.211,42.378692,310014,Capelinha,3103,Teófilo Otoni,-17.692278,-42.29257932,BAIXO,BAIXO,58.1175,10,coffee
3100609,0.0,26.4182,0.0053,8.559,6.9092,11.8466,8.2142,0.0865,4.3288,0.0,2.2587,65.0293,3100609,12391.0,2025,1320.344,9.384676,310014,Capelinha,3103,Teófilo Otoni,-18.013902,-42.28340933,MÉDIO,MÉDIO,133.6558,10,swine
3138351,0.0,5.6031,0.0014,0.5695,0.2625,14.3007,1.7422,0.0305,1.5246,0.0,0.1673,13.7923,3138351,4364.0,2025,280.036,15.583711,310014,Capelinha,3103,Teófilo Otoni,-17.0631435,-42.72737767,BAIXO,BAIXO,37.9941,10,forestry
3132503,0.0,54.7367,0.0033,3.403,4.8364,309.3143,17.0193,0.2388,11.9512,0.0,3.0962,134.7364,3132503,34210.0,2025,2735.665,12.505186,310014,Capelinha,3103,Teófilo Otoni,-17.8483515,-42.901411,ALTO,ALTO,539.3356,10,forestry
3160306,0.0,10.0784,0.0,0.0056,0.1175,0.1421,3.1337,0.0721,3.6067,0.0,0.6991,24.8084,3160306,10324.0,2025,503.706,20.496083,310015,Almenara,3103,Teófilo Otoni,-16.52731825,-40.26588589,BAIXO,BAIXO,42.6636,9,swine
3158102,0.0,8.8159,0.0,0.0,0.2073,0.0,2.7411,0.0333,1.6688,0.0,0.1189,21.7006,3158102,4777.0,2025,440.605,10.841911,310015,Almenara,3103,Teófilo Otoni,-16.2953515,-40.1296515,BAIXO,BAIXO,35.2859,7,swine
3157104,0.0,18.7682,0.0,0.0,0.0691,0.0,5.8356,0.0428,2.1401,0.0,0.0,46.1986,3157104,6126.0,2025,938.008,6.530861,310015,Almenara,3103,Teófilo Otoni,-16.12233,-39.99858621,BAIXO,BAIXO,73.0544,6,swine
3156601,0.0,19.3117,0.0,0.0,0.1658,0.0,6.0046,0.074,3.7038,0.0,0.0,47.5366,3156601,10602.0,2025,965.174,10.984548,310015,Almenara,3103,Teófilo Otoni,-16.4418815,-40.50983788,BAIXO,BAIXO,76.7965,6,swine
3155108,0.0,9.6004,0.0,0.0,0.1727,0.0,2.9851,0.0324,1.6241,0.0,0.0,23.6318,3155108,4649.0,2025,479.815,9.689151,310015,Almenara,3103,Teófilo Otoni,-16.6841115,-40.55818066,BAIXO,BAIXO,38.0465,6,swine
3146750,0.0,8.6668,0.0,0.0028,0.0461,0.0,2.6948,0.0443,2.2156,0.0,0.0674,21.3336,3146750,6342.0,2025,433.154,14.641444,310015,Almenara,3103,Teófilo Otoni,-16.778726,-40.40351944,BAIXO,BAIXO,35.0714,8,swine
3140555,0.0,4.5527,0.0,2.8251,0.1658,0.3739,1.4156,0.0665,3.33,0.0,0.0,11.2067,3140555,9532.0,2025,227.539,41.89172,310015,Almenara,3103,Teófilo Otoni,-15.7671995,-40.69755911,BAIXO,BAIXO,23.9363,8,swine
3125606,0.0,11.9294,0.0012,0.0614,0.4376,2.2432,3.7092,0.0459,2.297,0.0,0.3905,29.3647,3125606,6575.0,2025,596.215,11.027901,310015,Almenara,3103,Teófilo Otoni,-16.662643,-40.73573932,BAIXO,BAIXO,50.4801,10,swine
3105202,0.0,9.6799,0.0,0.1061,0.0829,0.0,3.0098,0.0336,1.6807,0.0,0.2097,23.8275,3105202,4811.0,2025,483.789,9.944418,310015,Almenara,3103,Teófilo Otoni,-15.863951,-40.52698012,BAIXO,BAIXO,38.6302,8,swine
3101706,0.0,45.9081,0.0047,0.1591,0.1935,0.0,14.2743,0.2933,14.6793,0.0,0.9438,113.0046,3101706,42019.0,2025,2294.426,18.313513,310015,Almenara,3103,Teófilo Otoni,-16.130397,-40.70034187,MÉDIO,MÉDIO,189.4607,9,swine
3136504,0.0,10.9388,0.0,0.0,0.1451,0.0,3.4012,0.0736,3.6825,0.0,0.6292,26.9262,3136504,10541.0,2025,546.705,19.280965,310015,Almenara,3103,Teófilo Otoni,-15.8741139,-40.31045265,BAIXO,BAIXO,45.7966,7,swine
3136009,0.0,33.298,0.0,0.1256,0.4146,1.9292,10.3534,0.098,4.9031,0.0,0.3596,81.9644,3136009,14035.0,2025,1664.19,8.433532,310015,Almenara,3103,Teófilo Otoni,-16.797745,-40.94643196,MÉDIO,MÉDIO,133.4459,9,swine
3135803,0.0,70.3143,0.006,0.4522,0.8291,480.5318,21.8629,0.1711,8.5646,0.0,1.5481,173.0815,3135803,24516.0,2025,3514.216,6.976236,310015,Almenara,3103,Teófilo Otoni,-16.401741,-41.03738796,ALTO,ALTO,757.3616,10,forestry
3134707,0.0,27.8841,0.0,0.0,0.0691,1.7871,8.67,0.0776,3.883,0.0,0.0,68.6378,3134707,11115.0,2025,1393.609,7.975695,310015,Almenara,3103,Teófilo Otoni,-16.194801,-40.31523766,MÉDIO,MÉDIO,111.0087,7,swine
3167103,0.0,24.3667,0.0071,0.134,1.6582,3.0097,7.5764,0.1579,7.9037,0.0335,6.4421,59.9795,3167103,22624.0,2025,1217.813,18.577565,310016,Diamantina,3103,Teófilo Otoni,-18.5175175,-43.49000827,MÉDIO,MÉDIO,111.2688,11,swine
3166501,0.0,4.3738,0.0,0.0,0.4215,0.5982,1.3599,0.0266,1.3303,0.0,0.0,10.7662,3166501,3808.0,2025,218.595,17.420344,310016,Diamantina,3103,Teófilo Otoni,-18.390505,-43.20097588,BAIXO,BAIXO,18.8765,7,swine
3165909,0.0,19.0492,0.0017,0.5276,2.1879,100.5619,5.923,0.028,1.3995,0.0,4.9938,46.8904,3165909,4006.0,2025,952.055,4.20774,310016,Diamantina,3103,Teófilo Otoni,-17.8352225,-43.25503339,MÉDIO,MÉDIO,181.563,10,forestry
3160207,0.0,6.1174,0.0,0.0,2.7637,1.7011,1.9021,0.0277,1.3866,0.0,0.7491,15.0581,3160207,3969.0,2025,305.737,12.981746,310016,Diamantina,3103,Teófilo Otoni,-18.494126,-43.26630751,BAIXO,BAIXO,29.7058,8,swine
3153301,0.0,3.7863,0.0,0.0475,0.3455,2.0204,1.1773,0.0221,1.1046,0.0,2.1224,9.3202,3153301,3162.0,2025,189.235,16.709383,310016,Diamantina,3103,Teófilo Otoni,-18.6256935,-43.58153145,BAIXO,BAIXO,19.9463,9,swine
3127602,0.0,17.3394,0.0076,0.0,1.474,3.907,5.3914,0.0805,4.0301,0.0,0.0,42.6817,3127602,11536.0,2025,866.601,13.311778,310016,Diamantina,3103,Teófilo Otoni,-18.505399,-43.80499302,BAIXO,BAIXO,74.9117,8,swine
3125507,0.0,6.2918,0.0014,0.3043,0.5758,1.832,1.9563,0.0216,1.0826,0.0,3.246,15.4876,3125507,3099.0,2025,314.458,9.855052,310016,Diamantina,3103,Teófilo Otoni,-18.088458,-43.33739329,BAIXO,BAIXO,30.7994,10,swine
3125408,0.0,7.1555,0.0019,2.9368,4.0304,4.2996,2.2249,0.0366,1.8344,0.0,3.2959,17.6135,3125408,5251.0,2025,357.622,14.683101,310016,Diamantina,3103,Teófilo Otoni,-18.1474405,-43.24054721,BAIXO,BAIXO,43.4295,10,swine
3121605,0.0,77.8664,0.0123,4.2795,2.0728,84.1593,24.2111,0.3454,17.2903,0.0,1.2984,191.6712,3121605,49493.0,2025,3891.659,12.717712,310016,Diamantina,3103,Teófilo Otoni,-17.912781,-43.63691062,MÉDIO,MÉDIO,403.2067,10,swine
3121001,0.0,6.2046,0.004,0.0112,12.6439,4.6734,1.9292,0.0393,1.9686,1.3958,0.774,15.2729,3121001,5635.0,2025,310.099,18.171616,310016,Diamantina,3103,Teófilo Otoni,-18.477404,-43.64117959,BAIXO,BAIXO,44.9169,11,swine
3120102,0.0,9.7172,0.0025,0.0028,0.3386,19.3667,3.0214,0.0304,1.52,0.0,0.0999,23.9193,3120102,4351.0,2025,485.654,8.959053,310016,Diamantina,3103,Teófilo Otoni,-18.076641,-43.45779703,BAIXO,BAIXO,58.0188,10,swine
3113503,0.0,29.1343,0.0011,0.0502,1.6697,237.0854,9.0588,0.06,3.0054,0.0,2.7966,71.7153,3113503,8603.0,2025,1456.095,5.908268,310016,Diamantina,3103,Teófilo Otoni,-17.512547,-43.04668942,MÉDIO,MÉDIO,354.5768,10,forestry
3102407,0.0,7.4834,0.0,0.0,0.0461,0.5421,2.3268,0.0304,1.5228,0.0,0.8739,18.4206,3102407,4359.0,2025,374.008,11.654831,310016,Diamantina,3103,Teófilo Otoni,-18.7763475,-43.39258722,BAIXO,BAIXO,31.2461,8,swine
3171600,0.0,17.3857,0.0,0.0,2.4873,8.4122,5.4058,0.0822,4.1132,0.0,0.9888,42.7956,3171600,11774.0,2025,868.914,13.550248,310017,Araçuaí,3103,Teófilo Otoni,-16.6920925,-42.38336492,BAIXO,BAIXO,81.6708,8,swine
3126505,0.0,9.2336,0.0014,0.0,1.0364,0.0,2.871,0.0492,2.464,0.0,0.799,22.7288,3126505,7053.0,2025,461.481,15.283403,310017,Araçuaí,3103,Teófilo Otoni,-16.986824,-42.32455421,BAIXO,BAIXO,39.1834,8,swine
3119500,0.0,16.3152,0.0017,0.0,0.6909,1.5964,5.0729,0.0575,2.8776,0.0,2.0974,40.1606,3119500,8237.0,2025,815.413,10.101629,310017,Araçuaí,3103,Teófilo Otoni,-16.6023725,-42.18105505,BAIXO,BAIXO,68.8702,9,swine
3106507,0.0,11.7471,0.0028,0.8989,1.3818,4.15,3.6526,0.0673,3.367,0.0,1.0487,28.916,3106507,9638.0,2025,587.106,16.416116,310017,Araçuaí,3103,Teófilo Otoni,-16.8818575,-42.48690861,BAIXO,BAIXO,55.2322,10,swine
3103405,0.0,44.7447,0.0091,0.0,2.6485,2.3741,13.9125,0.2456,12.2918,0.0,2.9663,110.1408,3103405,35185.0,2025,2236.279,15.733726,310017,Araçuaí,3103,Teófilo Otoni,-16.895471,-41.95489169,MÉDIO,MÉDIO,189.3334,9,swine
3136520,0.0,7.6299,0.0007,0.7007,0.5182,17.8712,2.3724,0.0277,1.3845,0.0,1.7978,18.7813,3136520,3963.0,2025,381.332,10.392519,310017,Araçuaí,3103,Teófilo Otoni,-16.900294,-42.65142093,BAIXO,BAIXO,51.0844,10,swine
3135456,0.0,5.6915,0.0014,0.0,0.7093,30.4708,1.7697,0.0424,2.1212,0.0,0.437,14.0098,3135456,6072.0,2025,284.453,21.346233,310017,Araçuaí,3103,Teófilo Otoni,-17.1866055,-42.17891492,BAIXO,BAIXO,55.2531,9,forestry
3134004,0.0,33.0065,0.0027,0.0,0.4146,1.7722,10.2628,0.0974,4.8748,0.0,1.1985,81.2469,3134004,13954.0,2025,1649.622,8.458908,310017,Araçuaí,3103,Teófilo Otoni,-16.5988545,-41.8111278,MÉDIO,MÉDIO,132.8764,9,swine
3148707,0.0,31.9066,0.0019,0.0391,0.4721,5.9693,9.9208,0.1748,8.7494,0.0,1.613,78.5394,3148707,25045.0,2025,1594.651,15.705631,310018,Pedra Azul,3103,Teófilo Otoni,-15.9542595,-41.17383854,MÉDIO,MÉDIO,137.3864,10,swine
3141405,0.0,28.7303,0.0057,0.0084,0.4146,1.3086,8.9332,0.1428,7.1459,0.0,1.1086,70.7208,3141405,20455.0,2025,1435.903,14.245391,310018,Pedra Azul,3103,Teófilo Otoni,-16.311879,-41.46984779,MÉDIO,MÉDIO,118.5189,10,swine
3122454,0.0,11.4634,0.0051,4.1707,0.5527,1.3617,3.5643,0.0744,3.7237,0.0,0.5244,28.2176,3122454,10659.0,2025,572.926,18.604497,310018,Pedra Azul,3103,Teófilo Otoni,-15.7705822,-40.94824922,BAIXO,BAIXO,53.658,10,swine
3122355,0.0,2.357,0.0,0.1005,0.1543,4.3616,0.7329,0.0456,2.2851,0.0,0.0,5.802,3122355,6541.0,2025,117.802,55.525373,310018,Pedra Azul,3103,Teófilo Otoni,-15.712363,-41.38064797,BAIXO,BAIXO,15.839,8,swine
3117009,0.0,13.1048,0.0034,0.0279,0.304,0.0,4.0747,0.0456,2.2847,0.0,0.3561,32.258,3117009,6540.0,2025,654.961,9.985327,310018,Pedra Azul,3103,Teófilo Otoni,-16.2874665,-41.77972453,BAIXO,BAIXO,52.4592,9,swine
3102704,0.0,13.9194,0.0021,0.0,0.357,1.8133,4.328,0.0652,3.2654,0.0,0.774,34.2631,3102704,9347.0,2025,695.672,13.43593,310018,Pedra Azul,3103,Teófilo Otoni,-15.9615125,-41.50986606,BAIXO,BAIXO,58.7875,9,swine
3101003,0.0,25.1429,0.0016,6.725,0.6909,131.5031,7.8177,0.1017,5.089,0.0,0.0,61.8902,3101003,14567.0,2025,1256.607,11.592328,310018,Pedra Azul,3103,Teófilo Otoni,-15.723904,-41.52487984,MÉDIO,MÉDIO,238.9621,9,forestry
3170305,0.0,8.1201,0.0,0.0,0.0023,3.833,2.5248,0.0191,0.9579,0.0,0.0,19.9881,3170305,2742.0,2025,405.834,6.756457,310019,Águas Formosas,3103,Teófilo Otoni,-17.2731585,-40.66569929,BAIXO,BAIXO,35.4453,7,swine
3157658,0.0,5.531,0.0,0.0,0.2764,0.0,1.7198,0.0423,2.1157,0.0,0.2747,13.6148,3157658,6056.0,2025,276.433,21.907659,310019,Águas Formosas,3103,Teófilo Otoni,-16.9089455,-40.67415715,BAIXO,BAIXO,23.5747,7,swine
3127057,0.0,6.4179,0.0,0.0,0.0092,0.0,1.9955,0.0306,1.5333,0.0,0.3296,15.7979,3127057,4389.0,2025,320.757,13.683256,310019,Águas Formosas,3103,Teófilo Otoni,-16.89018,-40.85310662,BAIXO,BAIXO,26.114,7,swine
3120151,0.0,19.3323,0.0,0.0,0.5804,0.0,6.011,0.0367,1.8362,0.0,0.2397,47.5872,3120151,5256.0,2025,966.202,5.439856,310019,Águas Formosas,3103,Teófilo Otoni,-17.242433,-40.99267715,BAIXO,BAIXO,75.6235,7,swine
3106606,0.0,8.5597,0.0,0.0,0.2257,0.0,2.6615,0.0317,1.5881,0.0,0.0,21.0701,3106606,4546.0,2025,427.803,10.626386,310019,Águas Formosas,3103,Teófilo Otoni,-16.98406885,-40.589577,BAIXO,BAIXO,34.1368,6,swine
3100906,0.0,16.4086,0.0,0.0,0.0829,0.0,5.1019,0.1316,6.5852,0.0,0.5843,40.3904,3100906,18850.0,2025,820.079,22.98559,310019,Águas Formosas,3103,Teófilo Otoni,-17.036702,-40.99204046,BAIXO,BAIXO,69.2849,7,swine
3138906,0.0,6.6504,0.0,0.0,0.0276,0.0,2.0678,0.0458,2.2903,0.0,0.0,16.3702,3138906,6556.0,2025,332.378,19.724531,310019,Águas Formosas,3103,Teófilo Otoni,-17.084989,-40.71250098,BAIXO,BAIXO,27.4521,6,swine
3171907,0.0,5.6228,0.0014,0.0698,0.6679,4.4342,1.7483,0.0312,1.5619,0.0,0.6642,13.8408,3171907,4471.0,2025,281.022,15.909786,310020,Governador Valadares,3104,Governador Valadares,-18.462501,-42.34080547,BAIXO,BAIXO,28.6425,10,swine
3171501,0.0,3.4474,0.0,0.0,0.3524,0.3365,1.0719,0.0213,1.0666,0.0,0.0,8.4859,3171501,3053.0,2025,172.297,17.719403,310020,Governador Valadares,3104,Governador Valadares,-18.6034065,-41.920964,BAIXO,BAIXO,14.782,7,swine
3169505,0.0,10.0057,0.0,0.0,1.0571,0.0,3.1111,0.0416,2.0804,0.0,0.3845,24.6295,3169505,5955.0,2025,500.073,11.908261,310020,Governador Valadares,3104,Governador Valadares,-19.038689,-41.63450784,BAIXO,BAIXO,41.3099,7,swine
3168408,0.0,14.6413,0.0,0.0363,2.0728,0.0,4.5524,0.1054,5.2766,0.0,1.0487,36.0402,3168408,15104.0,2025,731.753,20.640845,310020,Governador Valadares,3104,Governador Valadares,-19.2882375,-41.89331865,BAIXO,BAIXO,63.7737,8,swine
3167707,0.0,4.1375,0.0,0.0,0.2764,0.0,1.2865,0.0359,1.7957,0.0,0.0,10.1846,3167707,5140.0,2025,206.787,24.856495,310020,Governador Valadares,3104,Governador Valadares,-19.2245735,-42.13462753,BAIXO,BAIXO,17.7166,6,swine
3165503,0.0,2.8393,0.0,0.0475,0.6909,6.1689,0.8828,0.0359,1.7957,0.0,0.2197,6.989,3165503,5140.0,2025,141.904,36.221671,310020,Governador Valadares,3104,Governador Valadares,-18.7806625,-42.4181666,BAIXO,BAIXO,19.6697,9,swine
3163003,0.0,4.2794,0.0,0.0,0.2764,1.4955,1.3306,0.0269,1.3446,0.0,0.0,10.534,3163003,3849.0,2025,213.881,17.995988,310020,Governador Valadares,3104,Governador Valadares,-18.3259065,-42.12984088,BAIXO,BAIXO,19.2874,7,swine
3161650,0.0,5.6215,0.0,0.0251,0.8775,0.5481,1.7479,0.022,1.1032,0.0,1.1476,13.8375,3161650,3158.0,2025,280.954,11.240274,310020,Governador Valadares,3104,Governador Valadares,-18.92795251,-41.37582892,BAIXO,BAIXO,24.9304,9,swine
3161601,0.0,3.048,0.0,0.0,0.3224,0.0,0.9477,0.0223,1.1179,0.0,1.4382,7.5028,3161601,3200.0,2025,152.336,21.006197,310020,Governador Valadares,3104,Governador Valadares,-18.896454,-42.31104191,BAIXO,BAIXO,14.3993,7,swine
3157500,0.0,2.6404,0.0,0.0,0.4284,5.5894,0.821,0.0282,1.4107,0.0,0.0,6.4995,3157500,4038.0,2025,131.965,30.599022,310020,Governador Valadares,3104,Governador Valadares,-18.8635045,-42.39979439,BAIXO,BAIXO,17.4176,7,swine
3144201,0.0,4.6719,0.0,0.0,0.5159,0.2243,1.4526,0.0167,0.8384,0.0,0.0185,11.5,3144201,2400.0,2025,233.493,10.278681,310020,Governador Valadares,3104,Governador Valadares,-18.4858445,-42.19439411,BAIXO,BAIXO,19.2383,8,swine
3140100,0.0,3.1775,0.0,0.0,2.6255,0.0,0.988,0.0302,1.5102,0.0,0.0,7.8216,3140100,4323.0,2025,158.809,27.221379,310020,Governador Valadares,3104,Governador Valadares,-18.499993,-42.08420292,BAIXO,BAIXO,16.153,6,swine
3127701,0.0,46.8675,0.0166,0.0,1.064,16.215,14.5726,1.8603,93.1228,0.0,2.0974,115.3662,3127701,266561.0,2025,2342.376,113.799407,310020,Governador Valadares,3104,Governador Valadares,-18.7948675,-42.01428065,MÉDIO,MÉDIO,291.1824,9,swine
3127503,0.0,4.1887,0.0,0.0,0.4836,2.6022,1.3024,0.0365,1.8288,0.0,0.2097,10.3108,3127503,5235.0,2025,209.348,25.00621,310020,Governador Valadares,3104,Governador Valadares,-18.8696585,-42.5032527,BAIXO,BAIXO,20.9627,8,swine
3127370,0.0,2.2498,0.0,0.0,0.1129,0.0,0.6995,0.02,0.9988,0.0,1.7823,5.538,3127370,2859.0,2025,112.443,25.426216,310020,Governador Valadares,3104,Governador Valadares,-19.04077951,-41.24335604,BAIXO,BAIXO,11.4013,7,swine
3127305,0.0,14.4122,0.0,0.1787,1.2759,0.3724,4.4812,0.0436,2.1813,0.0,0.9988,35.4762,3127305,6244.0,2025,720.303,8.668574,310020,Governador Valadares,3104,Governador Valadares,-18.8898065,-41.58399439,BAIXO,BAIXO,59.4203,9,swine
3126901,0.0,9.3952,0.0,0.0,0.8291,1.8694,2.9212,0.0579,2.8999,0.0,0.0,23.1265,3126901,8301.0,2025,469.557,17.678365,310020,Governador Valadares,3104,Governador Valadares,-18.522203,-41.91387278,BAIXO,BAIXO,41.0992,7,swine
3125804,0.0,3.0388,0.0,0.0,0.0691,0.0,0.9449,0.0196,0.9831,0.0,0.0,7.4801,3125804,2814.0,2025,151.875,18.528395,310020,Governador Valadares,3104,Governador Valadares,-19.107005,-42.10504154,BAIXO,BAIXO,12.5356,6,swine
3123700,0.0,3.7428,0.0014,0.0,0.2073,0.0,1.1637,0.1012,5.0659,0.0,0.0,9.2129,3123700,14501.0,2025,187.058,77.52141,310020,Governador Valadares,3104,Governador Valadares,-19.1197215,-42.00006318,BAIXO,BAIXO,19.4952,7,swine
3122108,0.0,6.8479,0.0,0.0195,0.3386,0.1181,2.1292,0.0289,1.4487,0.0,1.9301,16.8564,3122108,4147.0,2025,342.249,12.116909,310020,Governador Valadares,3104,Governador Valadares,-18.699874,-41.48191458,BAIXO,BAIXO,29.7174,9,swine
3119203,0.0,11.5304,0.0019,0.4439,0.6909,250.1403,3.5852,0.0784,3.9267,0.0,1.7978,28.3825,3119203,11240.0,2025,576.274,19.504611,310020,Governador Valadares,3104,Governador Valadares,-18.6283735,-42.25444976,MÉDIO,MÉDIO,300.578,10,forestry
3118403,0.0,29.3399,0.0076,17.3861,0.5527,10.7115,9.1227,0.1469,7.3545,0.0,2.397,72.2212,3118403,21052.0,2025,1466.367,14.35657,310020,Governador Valadares,3104,Governador Valadares,-19.17364949,-41.48048345,MÉDIO,MÉDIO,149.2401,10,swine
3112653,0.0,5.5841,0.0,0.0,0.228,0.0,1.7363,0.0323,1.6189,0.0,0.4794,13.7456,3112653,4634.0,2025,279.088,16.604082,310020,Governador Valadares,3104,Governador Valadares,-19.0505325,-41.82001999,BAIXO,BAIXO,23.4246,7,swine
3101805,0.0,3.3409,0.0025,0.0,2.2109,0.0,1.0388,0.049,2.4521,0.0,0.0,8.2237,3101805,7019.0,2025,166.972,42.036988,310020,Governador Valadares,3104,Governador Valadares,-18.997364,-42.03919643,BAIXO,BAIXO,17.3179,7,swine
3135076,0.0,10.3463,0.0,0.0,0.4836,0.0,3.217,0.0298,1.4903,0.0,0.0,25.4679,3135076,4266.0,2025,517.095,8.249935,310020,Governador Valadares,3104,Governador Valadares,-18.4783015,-41.72010009,BAIXO,BAIXO,41.0349,6,swine
3133204,0.0,9.781,0.0043,0.9938,1.0272,0.0,3.0412,0.0786,3.9351,0.0,0.0554,24.0764,3133204,11264.0,2025,488.843,23.042163,310020,Governador Valadares,3104,Governador Valadares,-19.147859,-41.81118663,BAIXO,BAIXO,42.993,9,swine
3171808,0.0,8.8013,0.0,0.3294,1.3818,113.8599,2.7366,0.0734,3.672,0.0,1.8677,21.6648,3171808,10511.0,2025,439.878,23.895262,310021,Guanhães,3104,Governador Valadares,-18.800936,-42.69918806,MÉDIO,MÉDIO,154.3869,9,forestry
3166105,0.0,7.6298,0.0,0.0,0.3455,4.5089,2.3723,0.0214,1.0711,0.0,0.0,18.7811,3166105,3066.0,2025,381.328,8.040322,310021,Guanhães,3104,Governador Valadares,-18.9125585,-43.08754272,BAIXO,BAIXO,34.7301,7,swine
3164506,0.0,10.361,0.0,0.5053,1.9968,4.2397,3.2216,0.0713,3.5696,0.0,3.5881,25.5041,3164506,10218.0,2025,517.83,19.732345,310021,Guanhães,3104,Governador Valadares,-18.045489,-42.53798289,BAIXO,BAIXO,53.0575,9,swine
3164100,0.0,6.1648,0.0,0.1647,2.4182,2.9162,1.9168,0.0359,1.7967,0.0,0.2247,15.1748,3164100,5143.0,2025,308.106,16.692307,310021,Guanhães,3104,Governador Valadares,-18.3656905,-42.60651711,BAIXO,BAIXO,30.8128,9,swine
3163508,0.0,6.9059,0.0017,0.2764,2.2985,7.986,2.1472,0.0438,2.1946,0.0,0.6832,16.9991,3163508,6282.0,2025,345.146,18.200993,310021,Guanhães,3104,Governador Valadares,-18.2435515,-42.68202757,BAIXO,BAIXO,39.5364,10,swine
3162807,0.0,9.5677,0.0,0.0056,1.6928,58.4382,2.9749,0.109,5.4544,0.0,3.0762,23.5514,3162807,15613.0,2025,478.183,32.65068,310021,Guanhães,3104,Governador Valadares,-18.4969075,-42.75901819,MÉDIO,MÉDIO,104.8702,9,forestry
3158201,0.0,12.4863,0.0,0.0754,3.9613,6.5361,3.8824,0.0894,4.4776,0.0,1.8397,30.7354,3158201,12817.0,2025,624.047,20.538517,310021,Guanhães,3104,Governador Valadares,-18.208134,-42.36261019,BAIXO,BAIXO,64.0836,9,swine
3156809,0.0,18.4041,0.0025,0.067,4.1455,160.8313,5.7224,0.0999,4.9988,0.0,4.4945,45.3023,3156809,14309.0,2025,919.811,15.556457,310021,Guanhães,3104,Governador Valadares,-18.649622,-43.04210124,MÉDIO,MÉDIO,244.0683,10,forestry
3156007,0.0,19.7534,0.0,0.0251,2.3031,126.3989,6.1419,0.0891,4.4612,0.0,0.9558,48.6236,3156007,12770.0,2025,987.246,12.934973,310021,Guanhães,3104,Governador Valadares,-18.248774,-43.0753683,MÉDIO,MÉDIO,208.7521,9,forestry
3148608,0.0,19.9414,0.0,1.0161,2.7982,335.7794,6.2004,0.1247,6.2404,0.0,1.4008,49.0866,3148608,17863.0,2025,996.646,17.923114,310021,Guanhães,3104,Governador Valadares,-18.538704,-42.52860271,MÉDIO,MÉDIO,422.588,9,forestry
3148400,0.0,4.4132,0.0152,0.0,1.0134,23.9691,1.3722,0.0307,1.5378,0.0,0.2097,10.8632,3148400,4402.0,2025,220.564,19.957926,310021,Guanhães,3104,Governador Valadares,-18.454387,-42.86864862,BAIXO,BAIXO,43.4245,9,forestry
3140605,0.0,5.613,0.0,0.0,1.2091,2.9312,1.7453,0.0276,1.3796,0.0,1.1236,13.8166,3140605,3949.0,2025,280.53,14.076926,310021,Guanhães,3104,Governador Valadares,-18.46706,-43.04970225,BAIXO,BAIXO,27.846,8,swine
3128006,0.0,21.5117,0.0013,0.0,1.5477,265.1679,6.6886,0.2339,11.7091,0.0,1.9526,52.9518,3128006,33517.0,2025,1075.124,31.175009,310021,Guanhães,3104,Governador Valadares,-18.855908,-42.86390232,MÉDIO,MÉDIO,361.7646,9,forestry
3126950,0.0,3.3509,0.0,0.0223,0.9949,7.2322,1.0419,0.0243,1.2161,0.0,1.2984,8.2484,3126950,3481.0,2025,167.474,20.785316,310021,Guanhães,3104,Governador Valadares,-18.1471795,-42.75676044,BAIXO,BAIXO,23.4294,9,swine
3123106,0.0,7.6457,0.0,0.0,0.8291,3.0097,2.3773,0.0357,1.7866,0.0,1.2485,18.8203,3123106,5114.0,2025,382.124,13.38309,310021,Guanhães,3104,Governador Valadares,-19.03407,-42.95950105,BAIXO,BAIXO,35.7529,8,swine
3122603,0.0,7.9793,0.0,0.0084,0.8291,1.402,2.481,0.0354,1.7726,0.0,2.0974,19.6413,3122603,5074.0,2025,398.793,12.723393,310021,Guanhães,3104,Governador Valadares,-18.9324995,-43.25988001,BAIXO,BAIXO,36.2465,9,swine
3122207,0.0,2.6635,0.0,0.1172,0.7186,82.183,0.8282,0.0459,2.2998,0.0,1.0787,6.5564,3122207,6583.0,2025,133.12,49.451623,310021,Guanhães,3104,Governador Valadares,-18.800493,-42.60785775,BAIXO,BAIXO,96.4913,9,forestry
3116803,0.0,6.9573,0.0,0.0084,1.9829,4.8828,2.1632,0.0573,2.8668,0.0,3.5656,17.1256,3116803,8206.0,2025,347.716,23.599719,310021,Guanhães,3104,Governador Valadares,-18.236649,-42.87455365,BAIXO,BAIXO,39.6099,9,swine
3112059,0.0,2.8383,0.0,0.0,0.7738,18.7498,0.8825,0.0281,1.4075,0.0,0.9988,6.9866,3112059,4029.0,2025,141.855,28.402242,310021,Guanhães,3104,Governador Valadares,-18.5094675,-42.64469903,BAIXO,BAIXO,32.6654,8,forestry
3136553,0.0,3.618,0.0,0.1061,0.8291,3.7245,1.1249,0.0304,1.5193,0.0,1.608,8.9058,3136553,4349.0,2025,180.822,24.051277,310021,Guanhães,3104,Governador Valadares,-18.258454,-42.46222714,BAIXO,BAIXO,21.4661,9,swine
3162575,0.0,2.7597,0.0,0.5779,0.1105,0.157,0.8581,0.0382,1.9141,0.0,0.5313,6.7932,3162575,5479.0,2025,137.928,39.723624,310022,Mantena,3104,Governador Valadares,-18.739128,-41.16679699,BAIXO,BAIXO,13.74,9,swine
3161056,0.0,3.2526,0.0028,0.0475,0.0553,0.0,1.0113,0.0226,1.1333,0.0,1.7429,8.0064,3161056,3244.0,2025,162.56,19.955709,310022,Mantena,3104,Governador Valadares,-18.5683815,-41.45191016,BAIXO,BAIXO,15.2747,9,swine
3144672,0.0,2.9368,0.0047,17.6094,0.2211,1.4484,0.9131,0.0218,1.0921,0.0,0.015,7.229,3144672,3126.0,2025,146.776,21.29776,310022,Mantena,3104,Governador Valadares,-18.4887645,-41.10208931,BAIXO,BAIXO,31.4914,10,coffee
3141504,0.0,6.1128,0.0,0.0,0.1221,0.1645,1.9006,0.0392,1.9612,0.0,0.5333,15.0468,3141504,5614.0,2025,305.507,18.376011,310022,Mantena,3104,Governador Valadares,-18.6062495,-41.35880366,BAIXO,BAIXO,25.8805,8,swine
3139607,0.0,13.71,0.0,3.1824,0.479,0.317,4.2629,0.1909,9.5547,0.0,4.9764,33.7477,3139607,27350.0,2025,685.208,39.914887,310022,Mantena,3104,Governador Valadares,-18.68232225,-41.07342308,BAIXO,BAIXO,70.421,9,swine
3115706,0.0,4.0883,0.0,0.0223,0.2349,0.1967,1.2712,0.0434,2.1705,0.0,0.2262,10.0635,3115706,6213.0,2025,204.328,30.406993,310022,Mantena,3104,Governador Valadares,-18.7755145,-41.28923877,BAIXO,BAIXO,18.317,9,swine
3131802,0.0,4.1825,0.0019,0.7733,0.175,0.0,1.3005,0.0736,3.6849,0.0,0.0999,10.2953,3131802,10548.0,2025,209.034,50.460691,310022,Mantena,3104,Governador Valadares,-18.551506,-41.24653331,BAIXO,BAIXO,20.5869,9,swine
3159506,0.0,9.7058,0.0,27.8043,0.4307,0.0,3.0178,0.0418,2.0905,0.0,0.0,23.8911,3159506,5984.0,2025,485.081,12.336084,310023,Aimorés - Resplendor,3104,Governador Valadares,-19.4063795,-41.38236813,BAIXO,BAIXO,66.982,7,coffee
3154309,0.0,21.6452,0.0023,0.9045,1.3818,0.0,6.7302,0.123,6.1587,0.0,0.5493,53.2804,3154309,17629.0,2025,1081.796,16.296048,310023,Aimorés - Resplendor,3104,Governador Valadares,-19.2183735,-41.15281375,BAIXO,BAIXO,90.7754,9,swine
3120839,0.0,4.5369,0.0007,1.0664,0.1912,0.5653,1.4107,0.0276,1.3827,0.0,3.8403,11.1678,3120839,3958.0,2025,226.75,17.455347,310023,Aimorés - Resplendor,3104,Governador Valadares,-18.989276,-41.09515916,BAIXO,BAIXO,24.1896,10,swine
3101102,0.0,26.9898,0.0055,9.698,3.731,1.0842,8.392,0.1829,9.1571,0.0,0.5114,66.4364,3101102,26212.0,2025,1348.913,19.431943,310023,Aimorés - Resplendor,3104,Governador Valadares,-19.659455,-41.26378401,MÉDIO,MÉDIO,126.1883,10,swine
3134103,0.0,9.0574,0.0028,6.0131,1.4394,1.3086,2.8162,0.0435,2.1778,0.0,0.2097,22.2951,3134103,6234.0,2025,452.676,13.771439,310023,Aimorés - Resplendor,3104,Governador Valadares,-19.37324205,-41.06944841,BAIXO,BAIXO,45.3636,10,swine
3168705,0.0,2.4327,0.0,0.0,0.0,0.759,1.3473,0.5874,29.4054,0.0,0.0,8.8885,3168705,84172.0,2025,144.377,583.001448,310024,Ipatinga,3105,Ipatinga,-19.553777,-42.60580506,BAIXO,BAIXO,43.4203,6,rsu_organic
3163409,0.0,3.1943,0.0015,0.0056,2.3215,13.4423,1.7691,0.0383,1.9151,0.0,15.4809,11.6713,3163409,5482.0,2025,189.578,28.916857,310024,Ipatinga,3105,Ipatinga,-19.9379275,-42.69974591,BAIXO,BAIXO,49.8399,10,sugarcane
3162609,0.0,2.024,0.0015,0.0,0.6449,0.2617,1.121,0.0495,2.48,0.0,0.0,7.3953,3162609,7099.0,2025,120.122,59.09825,310024,Ipatinga,3105,Ipatinga,-19.350802,-42.16625484,BAIXO,BAIXO,13.9779,8,swine
3158953,0.0,4.6432,0.0,0.0251,0.1865,102.6855,2.5716,0.3421,17.1268,0.0,0.1199,16.9657,3158953,49025.0,2025,275.575,177.900753,310024,Ipatinga,3105,Ipatinga,-19.3914225,-42.50443551,MÉDIO,MÉDIO,144.6664,9,forestry
3150539,0.0,1.1217,0.0,0.0,1.4003,72.0352,0.6212,0.0339,1.6992,0.0,0.367,4.0984,3150539,4864.0,2025,66.57,73.065946,310024,Ipatinga,3105,Ipatinga,-19.7424585,-42.42062629,BAIXO,BAIXO,81.3769,8,forestry
3149952,0.0,3.8569,0.0,0.0,0.6218,56.4364,2.1361,0.0462,2.3141,0.0,0.5244,14.0926,3149952,6624.0,2025,228.907,28.937516,310024,Ipatinga,3105,Ipatinga,-19.0848505,-42.22483732,BAIXO,BAIXO,80.0285,8,forestry
3144359,0.0,2.1428,0.0,0.0,0.4146,33.8783,1.1868,0.045,2.2509,0.0,0.0629,7.8294,3144359,6443.0,2025,127.173,50.66327,310024,Ipatinga,3105,Ipatinga,-19.175836,-42.32560776,BAIXO,BAIXO,47.8107,8,forestry
3141702,0.0,4.6325,0.0012,0.0,1.1055,79.9569,2.5657,0.0348,1.7412,0.0,0.6117,16.9265,3141702,4984.0,2025,274.938,18.127723,310024,Ipatinga,3105,Ipatinga,-19.2497415,-42.61149765,MÉDIO,MÉDIO,107.576,9,forestry
3140308,0.0,9.1966,0.0,0.0084,0.2902,4.3661,5.0935,0.0335,1.6755,0.0,0.1678,33.6028,3140308,4796.0,2025,545.813,8.786892,310024,Ipatinga,3105,Ipatinga,-19.682211,-42.59188201,BAIXO,BAIXO,54.4344,9,swine
3129301,0.0,5.7455,0.0,1.3232,0.4721,3.2303,3.1821,0.0878,4.3959,0.0,0.3995,20.9932,3129301,12583.0,2025,340.994,36.900943,310024,Ipatinga,3105,Ipatinga,-19.351228,-42.24588838,BAIXO,BAIXO,39.8296,9,swine
3122504,0.0,1.0029,0.0,0.0502,0.3639,0.0,0.5554,0.0347,1.7352,0.0,0.1898,3.6643,3122504,4967.0,2025,59.52,83.450941,310024,Ipatinga,3105,Ipatinga,-19.3873275,-42.08877361,BAIXO,BAIXO,7.5964,8,swine
3121803,0.0,5.7182,0.0,0.0,2.5518,25.8348,3.167,0.0467,2.3368,0.0,0.6517,20.8935,3121803,6689.0,2025,339.375,19.709761,310024,Ipatinga,3105,Ipatinga,-19.8316945,-42.67335056,BAIXO,BAIXO,61.2005,8,forestry
3119401,0.0,3.7385,0.0,0.0,0.0276,163.1194,2.0706,0.7587,37.977,0.0,0.0,13.66,3119401,108708.0,2025,221.881,489.9383,310024,Ipatinga,3105,Ipatinga,-19.440425,-42.71855997,MÉDIO,MÉDIO,221.3518,7,forestry
3109253,0.0,2.721,0.0,0.0,0.2073,1.0468,1.507,0.029,1.4529,0.0,0.0,9.9422,3109253,4159.0,2025,161.491,25.753757,310024,Ipatinga,3105,Ipatinga,-19.357325,-42.32009969,BAIXO,BAIXO,16.9062,7,swine
3108800,0.0,6.3744,0.0034,0.0,0.8452,52.7201,3.5304,0.031,1.5529,0.0,0.6292,23.2911,3108800,4445.0,2025,378.318,11.749375,310024,Ipatinga,3105,Ipatinga,-19.031741,-42.68808913,BAIXO,BAIXO,88.9777,9,forestry
3106309,0.0,5.643,0.0007,0.0,0.4146,188.2917,3.1253,0.1713,8.5751,0.0,1.1985,20.6186,3106309,24546.0,2025,334.909,73.291551,310024,Ipatinga,3105,Ipatinga,-19.257651,-42.44438659,MÉDIO,MÉDIO,228.0388,9,forestry
3103009,0.0,13.2614,0.0,0.1815,0.1221,313.8157,7.3448,0.0654,3.2751,0.0,0.3775,48.4552,3103009,9375.0,2025,787.061,11.911402,310024,Ipatinga,3105,Ipatinga,-19.5783355,-42.86592165,MÉDIO,MÉDIO,386.8987,9,forestry
3100500,0.0,13.7393,0.0,0.014,1.6306,71.4064,7.6095,0.0623,3.1183,0.0,1.7828,50.2013,3100500,8926.0,2025,815.422,10.946479,310024,Ipatinga,3105,Ipatinga,-19.075666,-42.46702422,MÉDIO,MÉDIO,149.5645,9,forestry
3136108,0.0,3.9308,0.0008,0.0,0.5527,6.2624,2.1771,0.0296,1.4833,0.0,1.0487,14.3626,3136108,4246.0,2025,233.292,18.200367,310024,Ipatinga,3105,Ipatinga,-19.226497,-42.70114305,BAIXO,BAIXO,29.848,9,swine
3135001,0.0,2.7592,0.0,0.0,0.1036,4.2622,1.5282,0.0222,1.1113,0.0,0.1438,10.0818,3135001,3181.0,2025,163.76,19.424768,310024,Ipatinga,3105,Ipatinga,-19.626828,-42.71132371,BAIXO,BAIXO,20.0123,8,swine
3131307,0.0,2.7714,0.0017,0.0,0.0092,3.4696,1.5349,1.6422,82.2056,0.0,0.025,10.1263,3131307,235311.0,2025,164.482,1430.618548,310024,Ipatinga,3105,Ipatinga,-19.4449595,-42.59939438,MÉDIO,MÉDIO,101.7859,9,rsu_organic
3131158,0.0,1.9081,0.0,0.0,0.2418,14.3104,1.0568,0.1227,6.144,0.0,0.0899,6.972,3131158,17587.0,2025,113.246,155.299083,310024,Ipatinga,3105,Ipatinga,-19.3987545,-42.37485476,BAIXO,BAIXO,30.8457,8,forestry
3171154,0.0,1.9417,0.0,9.3798,3.3855,1.3833,1.0754,0.0352,1.7635,0.0,0.7191,7.0948,3171154,5048.0,2025,115.242,43.803474,310025,Caratinga,3105,Ipatinga,-20.0276211,-42.2603601,BAIXO,BAIXO,26.7783,9,coffee
3170578,0.0,1.9657,0.0,0.2792,0.3869,0.6692,1.0887,0.0405,2.0262,0.0,0.1498,7.1824,3170578,5800.0,2025,116.664,49.715422,310025,Caratinga,3105,Ipatinga,-19.6038005,-42.33153485,BAIXO,BAIXO,13.7886,9,swine
3170057,0.0,3.1853,0.0256,11.5153,1.2667,11.866,1.7642,0.0941,4.711,0.0,0.3446,11.6385,3170057,13485.0,2025,189.045,71.332222,310025,Caratinga,3105,Ipatinga,-19.6662855,-42.06169542,BAIXO,BAIXO,46.4113,10,forestry
3164472,0.0,1.3584,0.0,11.2836,1.6121,1.1216,0.7523,0.0448,2.2411,0.0,0.0,4.9632,3164472,6415.0,2025,80.618,79.5728,310025,Caratinga,3105,Ipatinga,-19.505506,-41.96479957,BAIXO,BAIXO,23.3771,8,coffee
3160959,0.0,1.0255,0.0049,9.2262,0.6218,0.3365,0.568,0.0404,2.0238,0.0,0.0,3.7471,3160959,5793.0,2025,60.865,95.177853,310025,Caratinga,3105,Ipatinga,-19.5144115,-42.03492464,BAIXO,BAIXO,17.5942,9,coffee
3159357,0.0,1.1483,0.0009,6.5714,1.6121,2.8572,0.636,0.0486,2.4346,0.0,0.0,4.1958,3159357,6969.0,2025,68.153,102.25522,310025,Caratinga,3105,Ipatinga,-19.8748185,-42.11674354,BAIXO,BAIXO,19.5049,9,coffee
3157252,0.0,1.8096,0.0028,9.497,2.28,13.8259,1.0023,0.0613,3.069,0.0,0.1124,6.6122,3157252,8785.0,2025,107.402,81.795497,310025,Caratinga,3105,Ipatinga,-19.951999,-42.12518048,BAIXO,BAIXO,38.2725,10,forestry
3154002,0.0,12.8621,0.0011,16.9673,5.8037,24.6683,7.1237,0.1666,8.3404,0.0,1.593,46.9963,3154002,23874.0,2025,763.364,31.274726,310025,Caratinga,3105,Ipatinga,-20.0241235,-42.41374556,MÉDIO,MÉDIO,124.5225,10,swine
3150158,0.0,1.8424,0.0234,23.4494,0.5919,5.3442,1.0204,0.0626,3.1323,0.0,0.2197,6.7318,3150158,8966.0,2025,109.345,81.997348,310025,Caratinga,3105,Ipatinga,-19.7624445,-42.04770242,BAIXO,BAIXO,42.4181,10,coffee
3123858,0.0,1.4388,0.0028,1.4014,0.4376,2.0563,0.7969,0.037,1.8498,0.0,0.3496,5.257,3123858,5295.0,2025,85.39,62.009603,310025,Caratinga,3105,Ipatinga,-19.6545565,-42.22679364,BAIXO,BAIXO,13.6272,10,swine
3120003,0.0,3.4606,0.0,0.1759,1.2091,164.3315,1.9166,0.0202,1.0131,0.0,1.1236,12.6445,3120003,2900.0,2025,205.385,14.119824,310025,Caratinga,3105,Ipatinga,-19.834523,-42.44410484,MÉDIO,MÉDIO,185.8951,9,forestry
3113404,0.0,21.209,0.0494,38.5241,3.5928,32.3035,11.7465,0.6343,31.7523,0.0,4.3946,77.4945,3113404,90890.0,2025,1258.748,72.206669,310025,Caratinga,3105,Ipatinga,-19.688898,-41.8872904,MÉDIO,MÉDIO,221.701,10,swine
3107802,0.0,9.9797,0.0016,4.1986,3.4546,55.0793,5.5272,0.1027,5.1421,0.0,3.7953,36.4641,3107802,14719.0,2025,592.289,24.851044,310025,Caratinga,3105,Ipatinga,-19.726103,-42.30392422,MÉDIO,MÉDIO,123.7452,10,forestry
3102209,0.0,4.9822,0.0027,0.0865,0.1704,0.0,2.7594,0.0278,1.3915,0.0,0.2517,18.2041,3102209,3983.0,2025,295.691,13.470143,310025,Caratinga,3105,Ipatinga,-19.4139745,-41.70770321,BAIXO,BAIXO,27.8763,9,swine
3130903,0.0,14.4571,0.0197,26.9836,9.3274,13.8932,8.007,0.16,8.0088,0.0,1.3983,52.824,3130903,22925.0,2025,858.024,26.718367,310025,Caratinga,3105,Ipatinga,-19.483635,-42.10928489,MÉDIO,MÉDIO,135.0791,10,swine
3130556,0.0,3.3148,0.0234,13.0982,3.0401,28.0219,1.8359,0.0506,2.5307,0.0,0.0,12.1119,3130556,7244.0,2025,196.735,36.821105,310025,Caratinga,3105,Ipatinga,-19.6360665,-41.9495901,BAIXO,BAIXO,64.0275,9,forestry
3161908,0.0,6.1301,0.0031,0.0335,0.4422,56.9823,3.3951,0.0871,4.3581,0.0,4.7941,22.3984,3161908,12475.0,2025,363.818,34.289123,310026,João Monlevade,3105,Ipatinga,-19.7974815,-43.30494514,BAIXO,BAIXO,98.624,10,forestry
3161007,0.0,12.532,0.0009,0.4355,2.1764,167.4519,6.9408,0.1241,6.2125,3.9082,2.7966,45.7899,3161007,17783.0,2025,743.768,23.909337,310026,João Monlevade,3105,Ipatinga,-19.8789015,-42.95953724,MÉDIO,MÉDIO,248.3688,11,forestry
3155702,0.0,6.2854,0.0024,0.0,0.8291,33.0879,3.4812,0.1049,5.2528,0.0,0.4744,22.9659,3155702,15036.0,2025,373.037,40.306994,310026,João Monlevade,3105,Ipatinga,-19.9612565,-43.13546368,BAIXO,BAIXO,72.484,9,forestry
3144706,0.0,6.097,0.0,0.081,0.4146,94.9463,3.3768,0.1243,6.223,0.0,0.6262,22.2773,3144706,17813.0,2025,361.852,49.227308,310026,João Monlevade,3105,Ipatinga,-19.6952335,-43.03236764,MÉDIO,MÉDIO,134.1665,9,forestry
3106002,0.0,1.8408,0.0,0.0,0.0415,15.4036,1.0195,0.0728,3.6427,0.0,0.0,6.7259,3106002,10427.0,2025,109.25,95.441648,310026,João Monlevade,3105,Ipatinga,-19.8062348,-43.1025235,BAIXO,BAIXO,28.7468,7,forestry
3136207,0.0,1.6551,0.0,0.0,0.0115,4.9352,0.9167,0.5848,29.2723,0.0,0.0,6.0476,3136207,83791.0,2025,98.231,852.999562,310026,João Monlevade,3105,Ipatinga,-19.839609,-43.1645509,BAIXO,BAIXO,43.4232,7,rsu_organic
3167509,0.0,3.1436,0.0,0.0,0.2602,2.991,2.638,0.0215,1.0774,0.0,0.0599,25.061,3167509,3084.0,2025,135.689,22.728445,310027,Juiz de Fora,3106,Juíz de Fora,-21.96443,-43.29882521,BAIXO,BAIXO,35.2526,8,swine
3160702,0.0,14.7665,0.0,0.0,0.7923,9.48,12.3915,0.3016,15.0982,0.0,0.1298,117.7191,3160702,43218.0,2025,637.373,67.806449,310027,Juiz de Fora,3106,Juíz de Fora,-21.4815795,-43.51740006,MÉDIO,MÉDIO,170.679,8,swine
3159308,0.0,9.7522,0.0,0.0,2.2133,0.0,8.1837,0.0337,1.686,0.0,0.1139,77.7452,3159308,4826.0,2025,420.94,11.464817,310027,Juiz de Fora,3106,Juíz de Fora,-22.112826,-44.09449871,BAIXO,BAIXO,99.728,7,swine
3158607,0.0,4.2317,0.0,0.0,0.1658,2.8041,3.5511,0.0266,1.3328,0.0,0.2497,33.7353,3158607,3815.0,2025,182.655,20.88637,310027,Juiz de Fora,3106,Juíz de Fora,-21.939302,-43.18167688,BAIXO,BAIXO,46.0971,8,swine
3157278,0.0,9.6824,0.0,0.0391,0.3777,19.3667,8.1251,0.0225,1.1242,0.0,0.2747,77.1883,3157278,3218.0,2025,417.925,7.699946,310027,Juiz de Fora,3106,Juíz de Fora,-21.9618635,-43.71229611,MÉDIO,MÉDIO,116.2007,9,swine
3155900,0.0,8.0635,0.0,0.0,0.1451,1.3086,6.7665,0.0365,1.8288,0.0,0.3596,64.2821,3155900,5235.0,2025,348.046,15.041115,310027,Juiz de Fora,3106,Juíz de Fora,-22.0499945,-43.84874398,BAIXO,BAIXO,82.7907,8,swine
3155405,0.0,4.8492,0.0,0.0,0.228,5.6081,4.0693,0.0606,3.0334,0.0,0.0,38.6584,3155405,8683.0,2025,209.31,41.483923,310027,Juiz de Fora,3106,Juíz de Fora,-21.4811465,-43.12756746,BAIXO,BAIXO,56.507,7,swine
3150109,0.0,4.4528,0.0081,0.0,0.0668,2.0563,3.7366,0.0199,0.997,0.0,0.0,35.4975,3150109,2854.0,2025,192.196,14.849425,310027,Juiz de Fora,3106,Juíz de Fora,-21.5098125,-43.33036185,BAIXO,BAIXO,46.835,8,swine
3149408,0.0,2.617,0.0066,0.0,0.1382,3.3649,2.1961,0.013,0.6487,0.0,0.0824,20.8629,3149408,1857.0,2025,112.959,16.439593,310027,Juiz de Fora,3106,Juíz de Fora,-21.731654,-43.72014017,BAIXO,BAIXO,29.9298,9,swine
3147808,0.0,5.7124,0.0,0.0,0.0322,7.6644,4.7936,0.0161,0.8073,0.0,0.02,45.5391,3147808,2311.0,2025,246.565,9.372782,310027,Juiz de Fora,3106,Juíz de Fora,-22.168792,-44.26083112,BAIXO,BAIXO,64.5851,8,swine
3146602,0.0,1.3534,0.0,0.0056,0.2234,2.0174,1.1358,0.0104,0.5223,0.0,0.8739,10.7897,3146602,1495.0,2025,58.419,25.590989,310027,Juiz de Fora,3106,Juíz de Fora,-21.29217,-43.428719,BAIXO,BAIXO,16.9319,9,swine
3145703,0.0,2.5746,0.0015,0.0,0.2902,4.4865,2.1605,0.0144,0.719,0.0,0.0,20.5251,3145703,2058.0,2025,111.13,18.518852,310027,Juiz de Fora,3106,Juíz de Fora,-21.3290765,-43.50772113,BAIXO,BAIXO,30.7718,8,swine
3145406,0.0,4.1295,0.0,0.0,0.1152,0.7104,3.4653,0.0139,0.6938,0.0,0.0,32.9203,3145406,1986.0,2025,178.242,11.142155,310027,Juiz de Fora,3106,Juíz de Fora,-21.9092605,-43.94730552,BAIXO,BAIXO,42.0484,7,swine
3140803,0.0,3.6389,0.0,0.0,0.0691,2.4302,3.0536,0.1015,5.082,0.0,0.2097,29.0092,3140803,14547.0,2025,157.066,92.617116,310027,Juiz de Fora,3106,Juíz de Fora,-21.869941,-43.30698456,BAIXO,BAIXO,43.5942,8,swine
3127388,0.0,3.5224,0.0007,0.0,0.1566,1.6824,2.9559,0.0294,1.4722,0.0,0.2757,28.0807,3127388,4214.0,2025,152.039,27.716573,310027,Juiz de Fora,3106,Juíz de Fora,-21.5637895,-43.19348102,BAIXO,BAIXO,38.176,9,swine
3125002,0.0,2.4056,0.0,0.0,0.0921,4.4304,2.0187,0.0278,1.3925,0.0,0.0,19.1775,3125002,3986.0,2025,103.834,38.388197,310027,Juiz de Fora,3106,Juíz de Fora,-21.5762545,-43.56934493,BAIXO,BAIXO,29.5446,7,swine
3119609,0.0,3.0468,0.0,0.0,0.0553,12.5368,2.5568,0.0195,0.9743,0.0,0.0,24.2893,3119609,2789.0,2025,131.511,21.207351,310027,Juiz de Fora,3106,Juíz de Fora,-21.601947,-43.28710315,BAIXO,BAIXO,43.4788,7,swine
3116209,0.0,5.858,0.0,0.0,0.023,1.1216,4.9158,0.02,1.0019,0.0,0.5194,46.7003,3116209,2868.0,2025,252.852,11.342604,310027,Juiz de Fora,3106,Juíz de Fora,-21.9804,-42.98915845,BAIXO,BAIXO,60.16,8,swine
3115904,0.0,3.5402,0.0,0.0084,0.0484,2.8041,2.9708,0.0223,1.1158,0.0,0.0,28.2226,3115904,3194.0,2025,152.807,20.902184,310027,Juiz de Fora,3106,Juíz de Fora,-21.689491,-43.20049842,BAIXO,BAIXO,38.7326,8,swine
3107505,0.0,9.5456,0.0,0.0,0.3316,34.9984,8.0103,0.0488,2.4412,0.0,0.1798,76.0979,3107505,6988.0,2025,412.021,16.960301,310027,Juiz de Fora,3106,Juíz de Fora,-21.936059,-44.10944403,MÉDIO,MÉDIO,131.6536,8,swine
3107208,0.0,11.6712,0.0,0.0,1.3127,1.4955,9.794,0.0386,1.9319,0.0,0.6792,93.0434,3107208,5530.0,2025,503.77,10.977232,310027,Juiz de Fora,3106,Juíz de Fora,-22.2413165,-44.48091304,MÉDIO,MÉDIO,119.9665,8,swine
3106804,0.0,6.5689,0.0,0.0,0.4146,1.1179,5.5123,0.0235,1.1763,0.0,0.0,52.3673,3106804,3367.0,2025,283.535,11.875077,310027,Juiz de Fora,3106,Juíz de Fora,-21.619919,-43.75546572,BAIXO,BAIXO,67.1808,7,swine
3106101,0.0,9.1069,0.0007,0.0,0.3063,2.2059,7.6422,0.023,1.1501,0.0,0.3895,72.6007,3106101,3292.0,2025,393.086,8.374758,310027,Juiz de Fora,3106,Juíz de Fora,-21.971414,-43.45309564,BAIXO,BAIXO,93.4253,9,swine
3103603,0.0,2.0717,0.0,0.0,0.4353,5.0286,1.7385,0.0209,1.0473,0.0,0.3995,16.5154,3103603,2998.0,2025,89.42,33.527175,310027,Juiz de Fora,3106,Juíz de Fora,-21.9009355,-44.23867356,BAIXO,BAIXO,27.2572,8,swine
3103306,0.0,2.4699,0.0,0.0,0.3316,1.7909,2.0726,0.0146,0.7319,0.0,0.774,19.6899,3103306,2095.0,2025,106.608,19.651433,310027,Juiz de Fora,3106,Juíz de Fora,-21.348713,-43.3935423,BAIXO,BAIXO,27.8754,8,swine
3102803,0.0,23.2902,0.358,1.3818,34.2006,65.873,19.5442,0.0849,4.2491,17.1516,3.8203,185.6704,3102803,12163.0,2025,1005.285,12.099056,310027,Juiz de Fora,3106,Juíz de Fora,-21.734398,-44.25278783,MÉDIO,MÉDIO,355.6241,11,swine
3138609,0.0,19.6594,0.0,0.0,1.6536,49.0711,16.4974,0.1241,6.2121,0.0,0.9988,156.7249,3138609,17782.0,2025,848.564,20.955402,310027,Juiz de Fora,3106,Juíz de Fora,-21.7997085,-43.90456922,MÉDIO,MÉDIO,250.9414,8,swine
3138500,0.0,9.2981,0.0,0.0,2.7637,4.915,7.8026,0.0331,1.6573,0.0,0.2747,74.1246,3138500,4744.0,2025,401.337,11.82049,310027,Juiz de Fora,3106,Juíz de Fora,-22.0084495,-44.32254312,MÉDIO,MÉDIO,100.8691,8,swine
3136702,0.0,33.2631,0.0038,0.014,1.1331,32.9758,27.9131,3.9622,198.3358,0.0,0.809,265.1746,3136702,567730.0,2025,1435.749,395.42427,310027,Juiz de Fora,3106,Juíz de Fora,-21.759954,-43.45201428,ALTO,ALTO,563.5845,10,swine
3168051,0.0,4.4733,0.003,0.5499,0.4491,2.5797,3.7538,0.0245,1.2255,0.0,1.4232,35.6611,3168051,3508.0,2025,193.082,18.168447,310028,Manhuaçu,3106,Juíz de Fora,-19.749413,-41.61482746,BAIXO,BAIXO,50.1431,10,swine
3167608,0.0,11.2721,0.0074,42.2927,3.5928,3.8509,9.4591,0.1426,7.1375,0.0,0.3146,89.8617,3167608,20431.0,2025,486.543,41.992177,310028,Manhuaçu,3106,Juíz de Fora,-19.99985315,-42.04544482,MÉDIO,MÉDIO,167.9314,10,swine
3163607,0.0,1.2673,0.0,3.4616,1.5753,0.5608,1.0635,0.0198,0.9935,0.0,0.5194,10.103,3163607,2844.0,2025,54.701,51.991737,310028,Manhuaçu,3106,Juíz de Fora,-20.0251585,-41.77442683,BAIXO,BAIXO,19.5642,9,swine
3162559,0.0,3.3152,0.0008,20.0995,4.1363,0.4486,2.782,0.0815,4.079,0.0,0.0,26.429,3162559,11676.0,2025,143.096,81.595572,310028,Manhuaçu,3106,Juíz de Fora,-20.3785075,-42.15236364,BAIXO,BAIXO,61.3719,9,swine
3158904,0.0,8.0476,0.0043,26.8999,2.5725,1.0955,6.7532,0.0647,3.2364,0.0,0.2337,64.1558,3158904,9264.0,2025,347.362,26.669584,310028,Manhuaçu,3106,Juíz de Fora,-20.049974,-41.8997555,MÉDIO,MÉDIO,113.0636,10,swine
3157906,0.0,5.9247,0.0,40.534,8.2911,2.8415,4.9718,0.1186,5.9351,0.0,0.1998,47.2319,3157906,16989.0,2025,255.73,66.433348,310028,Manhuaçu,3106,Juíz de Fora,-20.4385925,-42.2746482,MÉDIO,MÉDIO,116.0485,9,swine
3154150,0.0,3.5182,0.0,8.0398,0.2073,0.6019,2.9524,0.0575,2.8807,0.0,0.0,28.0475,3154150,8246.0,2025,151.859,54.300371,310028,Manhuaçu,3106,Juíz de Fora,-20.233366,-41.94896016,BAIXO,BAIXO,46.3053,8,swine
3153509,0.0,3.5278,0.0,15.0746,1.5477,0.9347,2.9604,0.0601,3.0065,0.0,0.1573,28.1238,3153509,8606.0,2025,152.272,56.517285,310028,Manhuaçu,3106,Juíz de Fora,-20.438424,-41.95330666,BAIXO,BAIXO,55.3929,9,swine
3151909,0.0,16.0105,0.0019,5.2315,2.0129,5.2342,13.4354,0.0589,2.9478,0.0,0.1998,127.6359,3151909,8438.0,2025,691.066,12.210122,310028,Manhuaçu,3106,Juíz de Fora,-19.5552245,-41.55162767,MÉDIO,MÉDIO,172.7688,10,swine
3144003,0.0,28.9788,0.0068,21.1185,5.0161,14.2072,24.3179,0.2006,10.0434,0.0,0.5493,231.0198,3144003,28749.0,2025,1250.823,22.984067,310028,Manhuaçu,3106,Juíz de Fora,-19.9320025,-41.44670982,MÉDIO,MÉDIO,335.4584,10,swine
3140902,0.0,6.1856,0.0,15.0886,8.2911,2.0563,5.1907,0.1334,6.6778,0.0,0.5693,49.3115,3140902,19115.0,2025,266.99,71.594442,310028,Manhuaçu,3106,Juíz de Fora,-20.3033865,-42.30081103,BAIXO,BAIXO,93.5043,9,swine
3140530,0.0,2.6242,0.0,9.8823,0.4629,1.6824,2.2021,0.0614,3.0732,0.0,0.0,20.9199,3140530,8797.0,2025,113.268,77.66536,310028,Manhuaçu,3106,Juíz de Fora,-20.254472,-41.83723228,BAIXO,BAIXO,40.9084,8,swine
3139508,0.0,4.2374,0.0,20.9035,1.6582,1.6824,3.5559,0.1461,7.315,0.0,0.0,33.7806,3139508,20939.0,2025,182.9,114.483324,310028,Manhuaçu,3106,Juíz de Fora,-20.349291,-41.93953534,BAIXO,BAIXO,73.2791,8,swine
3139409,0.0,14.5567,0.0011,71.6883,12.4366,6.0889,12.2154,0.6793,34.0014,0.0,0.1049,116.0467,3139409,97328.0,2025,628.318,154.902454,310028,Manhuaçu,3106,Juíz de Fora,-20.1833965,-42.08306439,MÉDIO,MÉDIO,267.8193,10,swine
3123528,0.0,5.0381,0.0,21.3809,1.0778,1.6077,4.2278,0.0563,2.8175,0.0,0.0,40.1638,3123528,8065.0,2025,217.461,37.08711,310028,Manhuaçu,3106,Juíz de Fora,-20.1508685,-41.80083369,BAIXO,BAIXO,76.3699,8,swine
3117405,0.0,5.8831,0.0019,3.8803,1.368,6.9167,4.9369,0.0314,1.5731,0.0,0.809,46.9003,3117405,4503.0,2025,253.935,17.732884,310028,Manhuaçu,3106,Juíz de Fora,-19.9014185,-41.66492799,BAIXO,BAIXO,72.3007,10,swine
3116001,0.0,4.9272,0.0,9.8125,1.3542,1.1216,4.1347,0.0439,2.1971,0.0,0.5693,39.2797,3116001,6289.0,2025,212.674,29.571081,310028,Manhuaçu,3106,Juíz de Fora,-20.022857,-41.6523277,BAIXO,BAIXO,63.4402,9,swine
3112901,0.0,4.3487,0.0,17.7797,1.7964,22.0063,3.6492,0.0637,3.1889,0.0,0.6991,34.6678,3112901,9128.0,2025,187.704,48.629757,310028,Manhuaçu,3106,Juíz de Fora,-20.183459,-42.2619021,BAIXO,BAIXO,88.1998,9,swine
3112109,0.0,3.0279,0.0,18.6088,0.76,1.8694,2.5409,0.0359,1.795,0.0,0.0,24.1384,3112109,5138.0,2025,130.694,39.313205,310028,Manhuaçu,3106,Juíz de Fora,-20.531152,-41.9509743,BAIXO,BAIXO,52.7763,8,swine
3102050,0.0,2.4023,0.0,9.2123,0.6794,1.4955,2.0159,0.042,2.101,0.0,0.0854,19.1509,3102050,6014.0,2025,103.69,57.999807,310028,Manhuaçu,3106,Juíz de Fora,-20.457314,-41.85610969,BAIXO,BAIXO,37.1847,9,swine
3100302,0.0,10.9016,0.0,20.602,2.9019,1.8993,9.1482,0.1002,5.0146,0.0,5.2435,86.9081,3100302,14354.0,2025,470.551,30.504664,310028,Manhuaçu,3106,Juíz de Fora,-20.2810085,-42.47093975,MÉDIO,MÉDIO,142.7194,9,swine
3138674,0.0,3.369,0.0,24.9234,4.2837,7.1036,2.8271,0.0505,2.5289,0.0,0.2023,26.8579,3138674,7239.0,2025,145.418,49.780632,310028,Manhuaçu,3106,Juíz de Fora,-20.4350655,-42.06811841,BAIXO,BAIXO,72.1464,9,swine
3137700,0.0,10.0066,0.0028,34.7108,2.6255,22.1708,8.3972,0.1501,7.5117,0.0,0.2097,79.7731,3137700,21502.0,2025,431.92,49.782367,310028,Manhuaçu,3106,Juíz de Fora,-20.1203355,-41.59481169,MÉDIO,MÉDIO,165.5583,10,swine
3131208,0.0,10.5794,0.008,1.5214,2.4182,5.8504,8.8778,0.1408,7.0502,0.0,0.2996,84.339,3131208,20181.0,2025,456.641,44.194455,310028,Manhuaçu,3106,Juíz de Fora,-19.75479745,-41.72705603,MÉDIO,MÉDIO,121.0848,10,swine
3172004,0.0,5.6379,0.3433,0.0112,1.5477,2.6171,4.7311,0.2841,14.2223,0.0,12.9216,44.9455,3172004,40711.0,2025,243.351,167.293333,310029,Ubá,3106,Juíz de Fora,-21.0227125,-42.83714398,BAIXO,BAIXO,87.2618,10,swine
3169901,0.0,9.4398,0.0034,0.0223,0.4606,15.4709,7.9215,0.7497,37.5281,0.0,0.6192,75.254,3169901,107423.0,2025,407.452,263.645779,310029,Ubá,3106,Juíz de Fora,-21.1113225,-42.95390218,MÉDIO,MÉDIO,147.4695,10,swine
3169000,0.0,4.0281,0.1591,0.0,1.9392,3.4658,3.3802,0.1159,5.8002,0.0,0.6292,32.1121,3169000,16603.0,2025,173.866,95.493081,310029,Ubá,3106,Juíz de Fora,-21.1817635,-43.01830204,BAIXO,BAIXO,51.6298,9,swine
3167905,0.0,4.8903,0.0022,0.0,0.3639,3.5518,4.1038,0.0286,1.4313,0.0,0.0,38.986,3167905,4097.0,2025,211.084,19.409335,310029,Ubá,3106,Juíz de Fora,-21.3588495,-43.26590892,BAIXO,BAIXO,53.3579,8,swine
3167301,0.0,3.6479,0.0,0.0084,0.0668,1.1665,3.0612,0.0167,0.8381,0.0,0.9738,29.0812,3167301,2399.0,2025,157.456,15.236002,310029,Ubá,3106,Juíz de Fora,-21.1456605,-43.2047021,BAIXO,BAIXO,38.8606,9,swine
3165701,0.0,3.8573,0.0,0.3769,1.9899,2.0002,3.2369,0.0557,2.7868,0.0,1.8727,30.7507,3165701,7977.0,2025,166.495,47.911349,310029,Ubá,3106,Juíz de Fora,-20.899189,-43.09824999,BAIXO,BAIXO,46.9271,9,swine
3161502,0.0,4.2994,0.0216,1.6163,1.9346,8.8347,3.6079,0.0734,3.6765,0.0,0.6117,34.2752,3161502,10524.0,2025,185.578,56.709308,310029,Ubá,3106,Juíz de Fora,-20.908901,-42.82695337,BAIXO,BAIXO,58.9513,10,swine
3156304,0.0,1.6837,0.0,0.0,0.1773,1.6824,1.4129,0.064,3.2028,0.0,0.0,13.4223,3156304,9168.0,2025,72.673,126.154143,310029,Ubá,3106,Juíz de Fora,-21.213514,-42.83611472,BAIXO,BAIXO,21.6454,7,swine
3155801,0.0,5.848,0.0011,0.0,1.0502,1.6974,4.9074,0.1248,6.2481,0.0,0.0,46.6202,3155801,17885.0,2025,252.418,70.854693,310029,Ubá,3106,Juíz de Fora,-21.2337865,-43.18257966,BAIXO,BAIXO,66.4972,8,swine
3151305,0.0,3.3429,0.0663,0.0,1.5753,1.6824,2.8052,0.0838,4.1943,0.0,0.0,26.6493,3151305,12006.0,2025,144.289,83.208006,310029,Ubá,3106,Juíz de Fora,-21.2615295,-43.0358912,BAIXO,BAIXO,40.3995,8,swine
3141603,0.0,8.0687,0.0,0.067,0.7301,9.216,6.7709,0.0741,3.7083,0.0,0.6068,64.3237,3141603,10615.0,2025,348.271,30.479138,310029,Ubá,3106,Juíz de Fora,-21.1771915,-43.36034685,BAIXO,BAIXO,93.5656,9,swine
3129004,0.0,6.8016,0.0,0.8375,2.9433,2.2432,5.7076,0.0545,2.726,0.0,0.839,54.2222,3129004,7803.0,2025,293.578,26.578967,310029,Ubá,3106,Juíz de Fora,-21.016702,-42.69507056,BAIXO,BAIXO,76.3749,9,swine
3128808,0.0,3.6692,0.0106,0.0,2.0728,0.7477,3.079,0.0508,2.545,0.0,0.2797,29.251,3128808,7285.0,2025,158.375,45.998421,310029,Ubá,3106,Juíz de Fora,-21.182279,-42.77173608,BAIXO,BAIXO,41.7058,9,swine
3128402,0.0,6.1208,0.0,0.1563,0.3984,2.991,5.1363,0.054,2.7008,0.0,0.3476,48.7951,3128402,7731.0,2025,264.194,29.262587,310029,Ubá,3106,Juíz de Fora,-21.365692,-43.05258216,BAIXO,BAIXO,66.7003,9,swine
3123304,0.0,5.3557,0.0,0.2512,1.7618,8.8982,4.4943,0.0362,1.8138,0.0,6.6069,42.6956,3123304,5192.0,2025,231.169,22.459759,310029,Ubá,3106,Juíz de Fora,-21.0234195,-43.16406909,BAIXO,BAIXO,71.9137,9,swine
3121902,0.0,2.7099,0.0,0.8794,0.7255,2.6171,2.2741,0.0313,1.5654,0.0,1.2984,21.6037,3121902,4481.0,2025,116.97,38.308968,310029,Ubá,3106,Juíz de Fora,-20.99271,-42.99412669,BAIXO,BAIXO,33.7048,9,swine
3108701,0.0,5.1745,0.0,0.0,4.111,4.4379,4.3423,0.03,1.5008,0.0,0.412,41.2516,3108701,4296.0,2025,223.351,19.234299,310029,Ubá,3106,Juíz de Fora,-20.881639,-43.22597593,BAIXO,BAIXO,61.2601,8,swine
3170503,0.0,3.2155,0.0,0.0,1.1055,1.3086,2.6983,0.0761,3.8076,0.0,143.8227,25.6341,3170503,10899.0,2025,138.792,78.527581,310030,Ponte Nova,3106,Juíz de Fora,-20.3325655,-42.73900402,MÉDIO,MÉDIO,181.6684,8,sugarcane
3166303,0.0,3.8461,0.0,19.8734,2.0728,1.7849,3.2275,0.0527,2.6383,0.0,0.0,30.6615,3166303,7552.0,2025,166.012,45.490687,310030,Ponte Nova,3106,Juíz de Fora,-20.494251,-42.44964515,BAIXO,BAIXO,64.1572,8,swine
3165560,0.0,4.0922,0.0,0.0,0.7255,1.8656,3.434,0.0169,0.8454,0.0,7.9901,32.6233,3165560,2420.0,2025,176.634,13.700647,310030,Ponte Nova,3106,Juíz de Fora,-20.0818455,-42.83213391,BAIXO,BAIXO,51.593,8,swine
3164001,0.0,9.3306,0.0008,0.0,0.6218,4.3033,7.8299,0.0498,2.4916,0.0,87.3923,74.3836,3164001,7132.0,2025,402.739,17.708739,310030,Ponte Nova,3106,Juíz de Fora,-20.0747535,-42.57631265,MÉDIO,MÉDIO,186.4037,9,sugarcane
3160108,0.0,3.0167,0.0,0.0977,0.8291,6.5428,2.5315,0.0304,1.5204,0.0,12.8841,24.0496,3160108,4352.0,2025,130.213,33.422162,310030,Ponte Nova,3106,Juíz de Fora,-20.3211125,-42.6049709,BAIXO,BAIXO,51.5023,9,swine
3157401,0.0,5.9941,0.0,0.0,0.7623,1.0394,5.03,0.033,1.6517,0.0,17.7781,47.7852,3157401,4728.0,2025,258.726,18.274159,310030,Ponte Nova,3106,Juíz de Fora,-20.229074,-42.8259072,BAIXO,BAIXO,80.0738,8,swine
3155009,0.0,2.597,0.0,0.0,0.3224,2.8041,2.1793,0.0178,0.8891,0.0,0.0,20.7031,3155009,2545.0,2025,112.094,22.704159,310030,Ponte Nova,3106,Juíz de Fora,-20.212743,-42.92323417,BAIXO,BAIXO,29.5128,7,swine
3154903,0.0,8.9053,0.0,0.0,19.94,1.1964,7.4729,0.0897,4.4895,0.0,22.722,70.993,3154903,12851.0,2025,384.381,33.432974,310030,Ponte Nova,3106,Juíz de Fora,-20.131435,-42.69437613,MÉDIO,MÉDIO,135.8088,8,swine
3152105,0.0,10.9038,0.0028,0.0112,0.8544,23.7523,9.15,0.4162,20.8345,0.0,41.9483,86.9251,3152105,59638.0,2025,470.643,126.716003,310030,Ponte Nova,3106,Juíz de Fora,-20.4207095,-42.9248409,MÉDIO,MÉDIO,194.7986,10,swine
3150208,0.0,1.9399,0.0,0.0,0.3593,0.0,1.6279,0.0283,1.4163,0.0,34.882,15.465,3150208,4054.0,2025,83.733,48.415798,310030,Ponte Nova,3106,Juíz de Fora,-20.2402065,-42.73374332,BAIXO,BAIXO,55.7187,7,sugarcane
3145851,0.0,2.0635,0.0,0.0,1.4509,1.1216,1.7316,0.0356,1.7824,0.0,20.7145,16.4503,3145851,5102.0,2025,89.068,57.282077,310030,Ponte Nova,3106,Juíz de Fora,-20.4371195,-42.78508238,BAIXO,BAIXO,45.3504,8,sugarcane
3128204,0.0,8.0762,0.0036,0.5444,9.9907,13.8334,6.7772,0.0691,3.4589,0.0,3.246,64.3837,3128204,9901.0,2025,348.596,28.402506,310030,Ponte Nova,3106,Juíz de Fora,-20.5636275,-43.01588831,MÉDIO,MÉDIO,110.3832,10,swine
3122702,0.0,4.5171,0.0,0.0112,0.3386,3.664,3.7905,0.0374,1.8708,0.0,0.9289,36.0102,3122702,5355.0,2025,194.972,27.465482,310030,Ponte Nova,3106,Juíz de Fora,-20.120097,-42.93086216,BAIXO,BAIXO,51.1687,9,swine
3121704,0.0,3.8248,0.0,0.0,1.6905,1.2211,3.2096,0.025,1.251,0.0,0.5618,30.4914,3121704,3581.0,2025,165.091,21.691067,310030,Ponte Nova,3106,Juíz de Fora,-20.4862445,-43.188314,BAIXO,BAIXO,42.2752,8,swine
3105707,0.0,8.8878,0.0,0.0,1.4509,8.9207,7.4583,0.0399,1.9972,0.0,4.9938,70.8539,3105707,5717.0,2025,383.628,14.902458,310030,Ponte Nova,3106,Juíz de Fora,-20.2897675,-43.06425965,MÉDIO,MÉDIO,104.6025,8,swine
3102506,0.0,3.1551,0.0,1.326,4.7259,1.6937,2.6477,0.0319,1.5979,0.0,1.648,25.1528,3102506,4574.0,2025,136.186,33.586419,310030,Ponte Nova,3106,Juíz de Fora,-20.529199,-42.80079144,BAIXO,BAIXO,41.979,9,swine
3102308,0.0,13.8878,0.0,0.0,3.3533,148.0515,11.6541,0.1072,5.3653,0.0,3.2959,110.7137,3102308,15358.0,2025,599.443,25.620451,310030,Ponte Nova,3106,Juíz de Fora,-20.110701,-43.15617573,MÉDIO,MÉDIO,296.4288,8,forestry
3100401,0.0,2.3605,0.0013,0.0112,0.7186,1.3459,1.9808,0.0279,1.3967,0.0,0.7591,18.8178,3100401,3998.0,2025,101.886,39.239935,310030,Ponte Nova,3106,Juíz de Fora,-20.3982595,-43.11145305,BAIXO,BAIXO,27.4198,10,swine
3135506,0.0,12.6936,0.0,14.6559,4.1455,3.0261,10.6519,0.0882,4.4144,0.0,16.4797,101.1934,3135506,12636.0,2025,547.897,23.062729,310030,Ponte Nova,3106,Juíz de Fora,-20.475413,-42.62768848,MÉDIO,MÉDIO,167.3487,9,swine
3171402,0.0,2.6108,0.0,2.7218,0.8222,0.9347,2.1909,0.0264,1.3209,0.0,0.4315,20.8134,3171402,3781.0,2025,112.691,33.551925,310031,Muriaé,3106,Juíz de Fora,-20.9112575,-42.3009646,BAIXO,BAIXO,31.8726,9,swine
3164431,0.0,1.7058,0.0,3.5593,0.5067,1.918,1.4315,0.0226,1.1315,0.0,0.0,13.5989,3164431,3239.0,2025,73.629,43.990819,310031,Muriaé,3106,Juíz de Fora,-21.0154255,-42.59269831,BAIXO,BAIXO,23.8743,8,swine
3161403,0.0,3.8137,0.0,4.2823,0.4836,0.8225,3.2003,0.0338,1.6936,0.0,0.1039,30.4031,3161403,4848.0,2025,164.613,29.450894,310031,Muriaé,3106,Juíz de Fora,-20.7839155,-42.28900383,BAIXO,BAIXO,44.8368,9,swine
3156452,0.0,2.5752,0.0009,2.4789,0.8844,1.0132,2.161,0.0344,1.7209,0.0,0.1199,20.5299,3156452,4926.0,2025,111.156,44.316096,310031,Muriaé,3106,Juíz de Fora,-20.9830345,-42.50085872,BAIXO,BAIXO,31.5187,10,swine
3148202,0.0,2.5078,0.0,0.0,0.3524,0.3739,2.1045,0.0402,2.0102,0.0,0.1049,19.9924,3148202,5754.0,2025,108.246,53.156699,310031,Muriaé,3106,Juíz de Fora,-21.1714395,-42.25944591,BAIXO,BAIXO,27.4863,8,swine
3143906,0.0,19.5002,0.0037,2.8642,3.6481,6.1338,16.3638,0.7569,37.8858,0.0,1.4982,155.4559,3143906,108447.0,2025,841.693,128.84389,310031,Muriaé,3106,Juíz de Fora,-21.0863235,-42.4012171,MÉDIO,MÉDIO,244.1106,10,swine
3142205,0.0,7.4298,0.0019,1.0552,0.5804,3.5518,6.2348,0.0972,4.8633,0.0,0.3895,59.2305,3142205,13921.0,2025,320.695,43.408846,310031,Muriaé,3106,Juíz de Fora,-21.144009,-42.63645712,BAIXO,BAIXO,83.4344,10,swine
3142106,0.0,6.9891,0.0,7.5429,1.7204,1.0655,5.865,0.0625,3.1305,0.0,0.7041,55.7171,3142106,8961.0,2025,301.672,29.704447,310031,Muriaé,3106,Juíz de Fora,-20.853294,-42.4086495,BAIXO,BAIXO,82.7971,9,swine
3125952,0.0,8.2867,0.0016,9.3798,3.2174,9.403,6.9539,0.0747,3.7398,0.0,0.2772,66.062,3125952,10705.0,2025,357.683,29.928736,310031,Muriaé,3106,Juíz de Fora,-20.6740945,-42.33155648,MÉDIO,MÉDIO,107.3961,10,swine
3124906,0.0,7.168,0.0,7.9616,0.608,1.0655,6.0151,0.0774,3.8764,0.0,0.7341,57.1435,3124906,11096.0,2025,309.395,35.86354,310031,Muriaé,3106,Juíz de Fora,-20.9984405,-42.24556196,BAIXO,BAIXO,84.6496,9,swine
3105509,0.0,4.5945,0.0017,0.0,0.1566,0.9833,3.8555,0.0346,1.73,0.0,0.4494,36.6273,3105509,4952.0,2025,198.313,24.970627,310031,Muriaé,3106,Juíz de Fora,-21.2681845,-42.273126,BAIXO,BAIXO,48.4329,9,swine
3103108,0.0,1.9415,0.0,0.187,0.0415,0.0,1.6292,0.0108,0.5422,0.0,0.0899,15.4777,3103108,1552.0,2025,83.802,18.519844,310031,Muriaé,3106,Juíz de Fora,-21.02410345,-42.15269939,BAIXO,BAIXO,19.9198,8,swine
3158409,0.0,3.7413,0.0,0.0,0.2257,6.3708,3.1395,0.0248,1.2395,0.0,0.0,29.8255,3158409,3548.0,2025,161.486,21.970945,310032,Cataguases,3106,Juíz de Fora,-21.277689,-42.54044783,BAIXO,BAIXO,44.5671,7,swine
3154101,0.0,5.4281,0.0,0.0,0.1336,2.2619,4.5551,0.0794,3.9766,0.0,0.0,43.2731,3154101,11383.0,2025,234.296,48.583843,310032,Cataguases,3106,Juíz de Fora,-21.518329,-42.45548962,BAIXO,BAIXO,59.7078,7,swine
3146701,0.0,7.332,0.0,0.4634,0.3109,1.3684,6.1528,0.0398,1.9909,0.0,0.3446,58.4513,3146701,5699.0,2025,316.476,18.007685,310032,Cataguases,3106,Juíz de Fora,-21.4414048,-42.33862584,BAIXO,BAIXO,76.4541,9,swine
3122900,0.0,1.6271,0.0,0.0,0.0345,1.6824,1.3654,0.0436,2.1834,0.0,0.0,12.9713,3122900,6250.0,2025,70.231,88.992041,310032,Cataguases,3106,Juíz de Fora,-21.3262435,-42.79516193,BAIXO,BAIXO,19.9077,7,swine
3115300,0.0,11.3932,0.0028,0.0112,0.2211,17.359,9.5607,0.4727,23.6621,0.0,0.0,90.8265,3115300,67732.0,2025,491.767,137.731893,310032,Cataguases,3106,Juíz de Fora,-21.3320205,-42.69863735,MÉDIO,MÉDIO,153.5093,9,swine
3104601,0.0,3.6812,0.0021,0.014,0.2579,13.8334,3.0891,0.1021,5.112,0.0,0.0,29.3463,3104601,14633.0,2025,158.891,92.094581,310032,Cataguases,3106,Juíz de Fora,-21.32187985,-42.87247784,BAIXO,BAIXO,55.4381,9,swine
3104403,0.0,3.6924,0.0,0.0,0.0967,2.6171,3.0985,0.0189,0.9485,0.0,0.0749,29.4362,3104403,2715.0,2025,159.378,17.034973,310032,Cataguases,3106,Juíz de Fora,-21.627471,-42.81252535,BAIXO,BAIXO,39.9832,8,swine
3138401,0.0,21.849,0.0026,0.321,1.1055,27.3676,18.3348,0.3681,18.4243,0.0,0.9613,174.1809,3138401,52739.0,2025,943.077,55.922263,310032,Cataguases,3106,Juíz de Fora,-21.5446095,-42.6806446,MÉDIO,MÉDIO,262.9151,10,swine
3138005,0.0,4.7467,0.0051,0.0,0.4353,2.8601,3.9832,0.042,2.1024,0.0,0.0,37.8405,3138005,6018.0,2025,204.882,29.373005,310032,Cataguases,3106,Juíz de Fora,-21.352325,-42.47255081,BAIXO,BAIXO,52.0153,8,swine
3132602,0.0,2.1909,0.0013,0.2177,0.0898,15.3289,1.8385,0.0259,1.2961,0.0,0.0,17.4662,3132602,3710.0,2025,94.568,39.23103,310032,Cataguases,3106,Juíz de Fora,-21.426905,-42.84648893,BAIXO,BAIXO,38.4553,9,swine
3171303,0.0,6.9369,0.0093,4.8378,8.5329,9.4605,5.8211,0.5549,27.7792,0.0,0.8689,55.3008,3171303,79517.0,2025,299.418,265.571876,310033,Viçosa,3106,Juíz de Fora,-20.7468415,-42.8776524,MÉDIO,MÉDIO,120.1023,10,swine
3168507,0.0,3.8629,0.0033,2.9535,4.9055,3.1966,3.2416,0.0886,4.4336,0.0,0.0,30.795,3168507,12691.0,2025,166.735,76.114793,310033,Viçosa,3106,Juíz de Fora,-20.626538,-42.85085298,BAIXO,BAIXO,53.4806,9,swine
3163805,0.0,3.5241,0.0,7.7076,9.7489,6.0568,2.9573,0.0447,2.2393,0.0,0.0,28.094,3163805,6410.0,2025,152.111,42.140279,310033,Viçosa,3106,Juíz de Fora,-20.746745,-42.68671272,BAIXO,BAIXO,60.3727,8,swine
3153103,0.0,5.4861,0.0,1.2534,12.934,4.4828,4.6037,0.0338,1.6933,0.0,1.2485,43.7352,3153103,4847.0,2025,236.798,20.468923,310033,Viçosa,3106,Juíz de Fora,-20.77748601,-43.15527821,BAIXO,BAIXO,75.4708,9,swine
3152303,0.0,6.5977,0.0,1.7531,18.1367,10.9545,5.5365,0.0757,3.7869,0.0,1.0113,52.5967,3152303,10840.0,2025,284.777,38.064872,310033,Viçosa,3106,Juíz de Fora,-20.666295,-43.07316891,MÉDIO,MÉDIO,100.4491,9,swine
3148806,0.0,4.0119,0.0,1.005,3.9175,6.8135,3.3666,0.0235,1.1759,0.0,1.1686,31.9831,3148806,3366.0,2025,173.168,19.437771,310033,Viçosa,3106,Juíz de Fora,-20.5946785,-42.72326284,BAIXO,BAIXO,53.4656,9,swine
3148301,0.0,6.2164,0.0,6.1946,11.6075,10.7078,5.2166,0.0611,3.0592,0.0,0.839,49.5573,3148301,8757.0,2025,268.321,32.636283,310033,Viçosa,3106,Juíz de Fora,-20.870511,-42.99006463,BAIXO,BAIXO,93.4595,9,swine
3124005,0.0,8.2822,0.0,20.6188,20.7276,10.6061,6.9501,0.1472,7.3681,0.0,1.648,66.0262,3124005,21091.0,2025,357.489,58.99762,310033,Viçosa,3106,Juíz de Fora,-20.8691365,-42.62001927,MÉDIO,MÉDIO,142.3743,9,swine
3116704,0.0,2.4761,0.0052,2.01,9.1202,2.9087,2.0778,0.0509,2.5478,0.0,0.0,19.7392,3116704,7293.0,2025,106.875,68.238596,310033,Viçosa,3106,Juíz de Fora,-20.843005,-42.79933966,BAIXO,BAIXO,40.9359,9,swine
3111705,0.0,4.052,0.0,6.4458,4.9746,2.6358,3.4003,0.0338,1.6905,0.0,1.6779,32.303,3111705,4839.0,2025,174.9,27.667238,310033,Viçosa,3106,Juíz de Fora,-20.6704225,-42.62038387,BAIXO,BAIXO,57.2137,9,swine
3110202,0.0,1.9238,0.0064,1.9457,6.2183,5.1146,1.6144,0.0292,1.4641,0.0,0.0999,15.3366,3110202,4191.0,2025,83.038,50.470869,310033,Viçosa,3106,Juíz de Fora,-20.78529,-42.75454998,BAIXO,BAIXO,33.753,10,swine
3103702,0.0,7.0382,0.0,17.1683,3.8001,8.5034,5.9062,0.0574,2.8709,0.0,0.3745,56.1088,3103702,8218.0,2025,303.793,27.051315,310033,Viçosa,3106,Juíz de Fora,-20.666882,-42.49198069,MÉDIO,MÉDIO,101.8278,9,swine
3169208,0.0,6.6057,0.0,4.9244,1.4509,1.6824,5.5432,0.0604,3.0229,0.0,1.3983,52.6608,3169208,8653.0,2025,285.124,30.348199,310034,Carangola,3106,Juíz de Fora,-20.89111505,-42.06688601,BAIXO,BAIXO,77.349,9,swine
3149002,0.0,1.6215,0.0,4.3549,0.5527,2.0563,1.3607,0.0204,1.0187,0.0,0.2996,12.9268,3149002,2916.0,2025,69.99,41.663095,310034,Carangola,3106,Juíz de Fora,-20.8278075,-42.15504384,BAIXO,BAIXO,24.2116,9,swine
3148756,0.0,4.0295,0.0,11.306,1.0456,0.6214,3.3814,0.053,2.6547,0.0,0.0,32.1235,3148756,7599.0,2025,173.928,43.690493,310034,Carangola,3106,Juíz de Fora,-20.4695075,-42.36886778,BAIXO,BAIXO,55.2151,8,swine
3145877,0.0,2.8218,0.0,13.9022,4.1455,2.4302,2.368,0.0616,3.0841,0.0,0.0,22.4958,3145877,8828.0,2025,121.8,72.479475,310034,Carangola,3106,Juíz de Fora,-20.5122275,-42.21500618,BAIXO,BAIXO,51.3092,8,swine
3125309,0.0,3.8279,0.0,2.5236,0.2073,3.3649,3.2122,0.0225,1.1284,0.0,0.2996,30.5159,3125309,3230.0,2025,165.224,19.549218,310034,Carangola,3106,Juíz de Fora,-20.78711,-42.05179441,BAIXO,BAIXO,45.1023,9,swine
3124203,0.0,7.359,0.0016,28.6418,9.4311,6.9167,6.1754,0.1734,8.6792,0.0,0.0799,58.6659,3124203,24844.0,2025,317.638,78.214823,310034,Carangola,3106,Juíz de Fora,-20.588409,-41.95581769,MÉDIO,MÉDIO,126.124,10,swine
3122009,0.0,7.8255,0.0,27.3353,3.4085,4.4865,6.5669,0.1495,7.4858,0.0,0.4619,62.3853,3122009,21428.0,2025,337.776,63.438492,310034,Carangola,3106,Juíz de Fora,-20.57942,-42.13250505,MÉDIO,MÉDIO,120.1052,9,swine
3113305,0.0,8.1876,0.0,13.4471,2.4873,2.2432,6.8707,0.2243,11.226,0.0,0.3596,65.2717,3113305,32134.0,2025,353.404,90.927098,310034,Carangola,3106,Juíz de Fora,-20.7072655,-42.10062679,MÉDIO,MÉDIO,110.3175,9,swine
3110103,0.0,2.4666,0.0,10.5522,0.5182,1.8694,2.0698,0.0383,1.9158,0.0,0.0,19.6635,3110103,5484.0,2025,106.465,51.509886,310034,Carangola,3106,Juíz de Fora,-20.7292828,-41.91545955,BAIXO,BAIXO,39.0938,8,swine
3165602,0.0,2.2782,0.0,0.0,0.0,0.9347,1.9118,0.0163,0.8157,0.0,0.0,18.1621,3165602,2335.0,2025,98.336,23.745119,310035,São João Nepomuceno - Bicas,3106,Juíz de Fora,-21.760632,-42.89937932,BAIXO,BAIXO,24.1188,6,swine
3162906,0.0,9.4392,0.0028,0.0,0.7946,6.3671,7.921,0.1851,9.2679,0.0,1.623,75.2494,3162906,26529.0,2025,407.427,65.113505,310035,São João Nepomuceno - Bicas,3106,Juíz de Fora,-21.5875785,-42.94002838,MÉDIO,MÉDIO,110.8501,9,swine
3156205,0.0,1.8396,0.0,0.0,0.0415,1.159,1.5437,0.0166,0.8294,0.0,0.0,14.6651,3156205,2374.0,2025,79.402,29.898491,310035,São João Nepomuceno - Bicas,3106,Juíz de Fora,-21.6404995,-43.02386779,BAIXO,BAIXO,20.0949,7,swine
3149507,0.0,2.1044,0.0,0.0,0.0921,5.6081,1.7659,0.0242,1.2091,0.0,0.0,16.7763,3149507,3461.0,2025,90.833,38.102892,310035,São João Nepomuceno - Bicas,3106,Juíz de Fora,-21.8247345,-43.11146639,BAIXO,BAIXO,27.5801,7,swine
3140209,0.0,1.7918,0.0,0.0,0.2211,0.6468,1.5036,0.0249,1.2461,0.0,0.2497,14.2839,3140209,3567.0,2025,77.338,46.122217,310035,São João Nepomuceno - Bicas,3106,Juíz de Fora,-21.6963525,-42.95976112,BAIXO,BAIXO,19.9679,8,swine
3139805,0.0,8.6091,0.0008,0.3489,0.7738,11.478,7.2245,0.092,4.6044,0.0,2.397,68.6324,3139805,13180.0,2025,371.6,35.468245,310035,São João Nepomuceno - Bicas,3106,Juíz de Fora,-21.864456,-43.00349931,MÉDIO,MÉDIO,104.1609,10,swine
3128501,0.0,2.0539,0.0005,0.0586,0.1036,1.1216,1.7236,0.0216,1.0798,0.0,0.3985,16.3741,3128501,3091.0,2025,88.655,34.86549,310035,São João Nepomuceno - Bicas,3106,Juíz de Fora,-21.762726,-43.02594978,BAIXO,BAIXO,22.9358,10,swine
3121308,0.0,4.9386,0.0,0.0028,0.3938,1.1216,4.1443,0.0354,1.7712,0.0,1.1236,39.3709,3121308,5070.0,2025,213.168,23.784058,310035,São João Nepomuceno - Bicas,3106,Juíz de Fora,-21.44571555,-42.96701376,BAIXO,BAIXO,52.9022,9,swine
3106903,0.0,3.2454,0.0,0.0,0.0875,4.2996,2.7234,0.1002,5.016,0.0,1.3983,25.8723,3106903,14358.0,2025,140.082,102.497109,310035,São João Nepomuceno - Bicas,3106,Juíz de Fora,-21.7318055,-43.11851254,BAIXO,BAIXO,42.7427,8,swine
3172103,0.0,4.7622,0.0,0.0,0.0161,2.4115,3.9962,0.031,1.5515,0.0,0.04,37.9643,3172103,4441.0,2025,205.552,21.605239,310036,Além Paraíba,3106,Juíz de Fora,-21.7634325,-42.56565137,BAIXO,BAIXO,50.7728,8,swine
3160009,0.0,4.6806,0.0,0.0,0.152,5.2342,3.9278,0.0272,1.3611,0.0,0.2397,37.3141,3160009,3896.0,2025,202.032,19.284074,310036,Além Paraíba,3106,Juíz de Fora,-21.74972,-42.81944253,BAIXO,BAIXO,52.9367,8,swine
3151107,0.0,4.4177,0.0034,0.8542,0.5804,1.0842,3.7071,0.0799,4.0014,0.0,0.0,35.2177,3151107,11454.0,2025,190.681,60.068911,310036,Além Paraíba,3106,Juíz de Fora,-21.664227,-42.35891054,BAIXO,BAIXO,49.946,9,swine
3124609,0.0,3.0434,0.0,0.4383,0.4675,0.4113,2.5539,0.0153,0.7647,0.0,1.1236,24.2624,3124609,2189.0,2025,131.365,16.663495,310036,Além Paraíba,3106,Juíz de Fora,-21.7096675,-42.45737649,BAIXO,BAIXO,33.0804,9,swine
3101508,0.0,11.8214,0.0,0.0,0.1635,0.5795,9.92,0.2175,10.8854,0.0,0.0,94.2402,3101508,31159.0,2025,510.25,61.066144,310036,Além Paraíba,3106,Juíz de Fora,-21.8275815,-42.69035709,MÉDIO,MÉDIO,127.8275,7,swine
3166204,0.0,4.007,0.0,0.1256,17.6185,1.4469,2.2193,0.0744,3.723,0.0,3.3708,14.641,3166204,10657.0,2025,237.815,44.812144,310037,Barbacena,3107,Barbacena,-21.0406355,-43.59140403,BAIXO,BAIXO,47.2265,9,corn
3159407,0.0,5.4631,0.0,0.0,4.7674,7.7504,3.0257,0.0232,1.1637,0.0,0.4295,19.9614,3159407,3331.0,2025,324.234,10.273444,310037,Barbacena,3107,Barbacena,-21.589235,-43.9406416,BAIXO,BAIXO,42.5844,8,swine
3158706,0.0,3.4217,0.0,0.0112,3.1921,6.8382,1.8951,0.0152,0.7584,4.8853,0.1373,12.5022,3158706,2171.0,2025,203.074,10.690684,310037,Barbacena,3107,Barbacena,-21.637239,-44.05263625,BAIXO,BAIXO,33.6567,10,swine
3157302,0.0,3.2783,0.0,0.0335,0.8291,2.2702,1.8157,0.0296,1.483,0.0,0.6472,11.9783,3157302,4245.0,2025,194.564,21.818014,310037,Barbacena,3107,Barbacena,-21.243626,-43.52466861,BAIXO,BAIXO,22.3649,9,swine
3154408,0.0,3.0845,0.0,0.0,8.2911,9.8195,1.7083,0.0324,1.621,1.072,0.4195,11.2702,3154408,4640.0,2025,183.062,25.346604,310037,Barbacena,3107,Barbacena,-21.084193,-43.73403346,BAIXO,BAIXO,37.3185,9,swine
3129400,0.0,5.8339,0.0,0.0,36.9643,1.7759,3.2311,0.0373,1.8676,3.9529,0.2023,21.3162,3129400,5346.0,2025,346.24,15.440157,310037,Barbacena,3107,Barbacena,-21.448477,-43.95208049,BAIXO,BAIXO,75.1815,9,corn
3123007,0.0,2.1035,0.0,0.0,3.0055,5.3277,1.165,0.0723,3.6189,1.7587,0.0,7.6859,3123007,10359.0,2025,124.842,82.976883,310037,Barbacena,3107,Barbacena,-21.1011785,-43.99300117,BAIXO,BAIXO,24.7375,8,swine
3121506,0.0,2.3973,0.0,0.0419,3.6849,0.9534,1.3277,0.0214,1.069,0.0,0.5993,8.7594,3121506,3060.0,2025,142.279,21.507039,310037,Barbacena,3107,Barbacena,-21.134348,-43.53665776,BAIXO,BAIXO,18.8543,9,swine
3116308,0.0,2.586,0.0,0.1089,4.491,2.8975,1.4323,0.0387,1.9385,0.0,0.0,9.4489,3116308,5549.0,2025,153.479,36.154783,310037,Barbacena,3107,Barbacena,-20.915187,-43.34847861,BAIXO,BAIXO,22.9418,8,swine
3105905,0.0,1.3828,0.0,0.0,0.8061,2.6545,0.7659,0.1438,7.198,0.0,0.2747,5.0526,3105905,20604.0,2025,82.07,251.053978,310037,Barbacena,3107,Barbacena,-21.176058,-43.960903,BAIXO,BAIXO,18.2784,8,rsu_organic
3105608,0.0,12.7918,0.0284,0.0,35.237,12.3753,7.0847,0.9051,45.3088,0.0,0.0,46.7391,3105608,129695.0,2025,759.186,170.834288,310037,Barbacena,3107,Barbacena,-21.252517,-43.81188747,MÉDIO,MÉDIO,160.4702,8,swine
3102902,0.0,8.9287,0.0023,0.0,6.0456,13.8446,4.9451,0.0792,3.9651,2.7218,0.0869,32.6241,3102902,11350.0,2025,529.915,21.418529,310037,Barbacena,3107,Barbacena,-21.42814,-43.76911693,BAIXO,BAIXO,73.2434,10,swine
3102100,0.0,8.7288,0.0,0.0,11.6075,27.2929,4.8344,0.0763,3.8187,0.0,16.4797,31.8938,3102100,10931.0,2025,518.053,21.100158,310037,Barbacena,3107,Barbacena,-21.0478535,-43.37608581,MÉDIO,MÉDIO,104.7321,8,swine
3101631,0.0,2.2041,0.0027,0.0,2.9364,2.5102,1.2208,0.0505,2.5279,0.4187,0.0,8.0536,3101631,7236.0,2025,130.815,55.314757,310037,Barbacena,3107,Barbacena,-21.139688,-43.73082231,BAIXO,BAIXO,19.9249,9,swine
3166006,0.0,2.877,0.0,0.5025,2.9848,22.6755,1.5934,0.0389,1.9483,0.0,0.9988,10.5121,3166006,5577.0,2025,170.749,32.661978,310038,Conselheiro Lafaiete,3107,Barbacena,-20.808917,-43.3520845,BAIXO,BAIXO,44.1313,9,forestry
3160900,0.0,1.8537,0.0,0.0,0.9397,1.5217,1.0267,0.029,1.4536,0.0,0.0,6.7733,3160900,4161.0,2025,110.019,37.82074,310038,Conselheiro Lafaiete,3107,Barbacena,-20.628318,-43.97693331,BAIXO,BAIXO,13.5977,7,swine
3159100,0.0,3.312,0.0,0.0502,2.2501,1.2338,1.8343,0.0244,1.2192,0.0,0.3596,12.1015,3159100,3490.0,2025,196.565,17.754941,310038,Conselheiro Lafaiete,3107,Barbacena,-20.7881035,-43.66563945,BAIXO,BAIXO,22.3851,9,swine
3155207,0.0,4.0203,0.0,0.0056,6.9092,3.3148,2.2266,0.038,1.9029,0.0,10.3373,14.6895,3155207,5447.0,2025,238.602,22.828811,310038,Conselheiro Lafaiete,3107,Barbacena,-20.85902449,-43.49779202,BAIXO,BAIXO,43.4442,9,swine
3153806,0.0,2.5874,0.0009,0.0,2.4044,1.9554,1.433,0.0125,0.6274,0.0,0.0,9.4539,3153806,1796.0,2025,153.56,11.695754,310038,Conselheiro Lafaiete,3107,Barbacena,-20.7312295,-43.89982373,BAIXO,BAIXO,18.4749,8,swine
3150802,0.0,11.1005,0.0066,0.8794,14.97,26.5077,6.148,0.1211,6.064,0.0,1.8977,40.5596,3150802,17358.0,2025,658.812,26.347425,310038,Conselheiro Lafaiete,3107,Barbacena,-20.6253185,-43.3105427,MÉDIO,MÉDIO,108.2546,10,swine
3145901,0.0,4.3594,0.0,0.0167,5.4652,4.1837,2.4144,0.2836,14.1968,0.0,0.427,15.9284,3145901,40638.0,2025,258.726,157.069641,310038,Conselheiro Lafaiete,3107,Barbacena,-20.526003,-43.66296276,BAIXO,BAIXO,47.2752,9,swine
3123908,0.0,7.6967,0.0,0.6532,22.8004,6.2624,4.2628,0.1058,5.2951,0.0,1.0113,28.1225,3123908,15157.0,2025,456.796,33.181114,310038,Conselheiro Lafaiete,3107,Barbacena,-20.704155,-44.10839715,BAIXO,BAIXO,76.2102,9,swine
3121407,0.0,6.355,0.0,0.3071,17.4112,8.5244,3.5197,0.0554,2.7742,0.0,2.7266,23.2201,3121407,7941.0,2025,377.165,21.054446,310038,Conselheiro Lafaiete,3107,Barbacena,-20.6359595,-44.25568866,BAIXO,BAIXO,64.8937,9,swine
3120409,0.0,2.2388,0.0,0.0,6.4947,1.5179,1.24,0.0329,1.6486,3.6067,0.0,8.1802,3120409,4719.0,2025,132.872,35.515383,310038,Conselheiro Lafaiete,3107,Barbacena,-20.83392649,-43.81285941,BAIXO,BAIXO,24.9598,8,swine
3118304,0.0,6.2384,0.0,0.0,12.9548,8.8048,3.4551,0.9697,48.5406,0.8375,0.0,22.7941,3118304,138946.0,2025,370.246,375.280219,310038,Conselheiro Lafaiete,3107,Barbacena,-20.6695185,-43.78787766,MÉDIO,MÉDIO,104.595,8,rsu_organic
3118007,0.0,5.1233,0.0006,0.0419,1.3818,1.6264,2.8375,0.3857,19.3092,0.0,0.1798,18.7198,3118007,55272.0,2025,304.067,181.775727,310038,Conselheiro Lafaiete,3107,Barbacena,-20.5177155,-43.86156547,BAIXO,BAIXO,49.606,10,rsu_organic
3115409,0.0,2.3862,0.0076,0.0307,2.3491,14.4503,1.3216,0.0218,1.0914,0.0,1.0187,8.7189,3115409,3124.0,2025,141.622,22.05872,310038,Conselheiro Lafaiete,3107,Barbacena,-20.6672405,-43.49479357,BAIXO,BAIXO,31.3963,10,forestry
3114907,0.0,2.6576,0.0,0.4578,42.2844,2.5984,1.4719,0.0158,0.7895,11.0547,0.0,9.7104,3114907,2260.0,2025,157.727,14.328555,310038,Conselheiro Lafaiete,3107,Barbacena,-20.839721,-43.93877014,BAIXO,BAIXO,71.0405,9,corn
3113206,0.0,8.2103,0.003,0.0754,79.3868,20.2281,4.5473,0.1703,8.5252,6.0299,0.6043,29.9993,3113206,24403.0,2025,487.28,50.080036,310038,Conselheiro Lafaiete,3107,Barbacena,-20.999575,-43.84194369,MÉDIO,MÉDIO,157.7799,11,corn
3113107,0.0,2.695,0.0011,0.1619,1.6582,2.6934,1.4926,0.0205,1.0278,0.0,0.799,9.8473,3113107,2942.0,2025,159.95,18.393248,310038,Conselheiro Lafaiete,3107,Barbacena,-20.8934085,-43.72563437,BAIXO,BAIXO,20.3968,10,swine
3112208,0.0,1.8715,0.0,1.5326,3.3855,2.3965,1.0365,0.0307,1.5361,0.0,1.7978,6.8382,3112208,4397.0,2025,111.073,39.586578,310038,Conselheiro Lafaiete,3107,Barbacena,-20.91549,-43.60283902,BAIXO,BAIXO,20.4254,9,swine
3106408,0.0,6.149,0.0092,0.0,0.7784,3.907,3.4056,0.0629,3.1483,0.0,0.8989,22.4674,3106408,9012.0,2025,364.94,24.69447,310038,Conselheiro Lafaiete,3107,Barbacena,-20.4052397,-44.04818766,BAIXO,BAIXO,40.8267,9,swine
3137908,0.0,1.9984,0.0,0.1256,2.0728,13.6913,1.1068,0.0224,1.1225,0.0,2.9963,7.3017,3137908,3213.0,2025,118.602,27.090606,310038,Conselheiro Lafaiete,3107,Barbacena,-20.77625,-43.48476613,BAIXO,BAIXO,30.4378,9,forestry
3135407,0.0,3.9806,0.0,0.0,2.7867,7.4439,2.2047,0.0452,2.2624,0.0,0.794,14.5447,3135407,6476.0,2025,236.25,27.41164,310038,Conselheiro Lafaiete,3107,Barbacena,-20.554754,-44.02487486,BAIXO,BAIXO,34.0622,8,swine
3133907,0.0,4.7889,0.0,0.0,6.9092,3.892,2.6523,0.0401,2.0077,0.0,2.8964,17.4979,3133907,5747.0,2025,284.22,20.220252,310038,Conselheiro Lafaiete,3107,Barbacena,-20.678016,-43.61965806,BAIXO,BAIXO,40.6845,8,swine
3168804,0.0,1.3993,0.0,0.0,4.6983,0.9347,0.775,0.0562,2.8144,0.0,0.1099,5.1128,3168804,8056.0,2025,83.047,97.00531,310039,São João del Rei,3107,Barbacena,-21.1155405,-44.1601654,BAIXO,BAIXO,15.9006,8,swine
3165305,0.0,6.6159,0.6251,0.0,44.9099,22.1596,3.6642,0.0484,2.4203,26.7994,1.1236,24.1735,3165305,6928.0,2025,392.651,17.644167,310039,São João del Rei,3107,Barbacena,-21.658827,-44.47526213,MÉDIO,MÉDIO,132.5399,10,corn
3165008,0.0,9.6445,0.0,1.6554,27.8579,9.0478,5.3416,0.0807,4.0381,0.0,1.4982,35.2397,3165008,11559.0,2025,572.4,20.19392,310039,São João del Rei,3107,Barbacena,-20.9445335,-44.56416125,BAIXO,BAIXO,94.4039,9,swine
3162500,0.0,24.4652,0.2804,2.331,394.2856,37.1049,13.55,0.6593,33.0023,222.7697,0.7865,89.3921,3162500,94468.0,2025,1452.002,65.060516,310039,São João del Rei,3107,Barbacena,-21.2380295,-44.25356666,ALTO,ALTO,818.627,11,corn
3157336,0.0,0.0648,0.0,0.0,0.0,0.0,0.0333,0.0582,2.9132,0.0,0.0,0.2195,3157336,8339.0,2025,3.565,2339.130435,310039,São João del Rei,3107,Barbacena,-21.1211584,-44.21783797,BAIXO,BAIXO,3.289,5,rsu_organic
3156106,0.0,6.8207,0.0,1.3204,6.5292,11.6088,3.7776,0.0357,1.7894,0.5025,0.8989,24.9217,3156106,5122.0,2025,404.805,12.653006,310039,São João del Rei,3107,Barbacena,-20.9764145,-44.36702444,BAIXO,BAIXO,58.2049,10,swine
3154200,0.0,10.4181,0.0,0.0,7.6001,27.9472,5.77,0.0806,4.0329,4.3549,0.6492,38.0662,3154200,11544.0,2025,618.312,18.670186,310039,São João del Rei,3107,Barbacena,-20.8638955,-44.28825295,BAIXO,BAIXO,98.9192,9,swine
3152709,0.0,4.4502,0.0,0.0,34.9537,21.2174,2.4647,0.0654,3.273,5.0249,2.1673,16.2602,3152709,9369.0,2025,264.115,35.473184,310039,São João del Rei,3107,Barbacena,-21.116424,-44.07746351,BAIXO,BAIXO,89.8768,9,corn
3150307,0.0,5.4392,0.0923,0.0,49.0554,8.7891,3.0125,0.0328,1.6398,13.609,0.4494,19.874,3150307,4694.0,2025,322.814,14.540881,310039,São João del Rei,3107,Barbacena,-21.4866525,-44.14582127,MÉDIO,MÉDIO,101.9935,10,corn
3144508,0.0,5.7532,0.0,9.2318,35.6515,5.552,3.1864,0.0587,2.937,16.0796,0.7491,21.0215,3144508,8407.0,2025,341.453,24.621251,310039,São João del Rei,3107,Barbacena,-21.212915,-44.64857633,MÉDIO,MÉDIO,100.2208,10,corn
3119708,0.0,2.375,0.0,0.0,4.491,2.1244,1.3154,0.0251,1.2573,3.8105,2.7966,8.6778,3119708,3599.0,2025,140.954,25.533153,310039,São João del Rei,3107,Barbacena,-21.022225,-44.20420082,BAIXO,BAIXO,26.8731,9,swine
3115201,0.0,4.6001,0.0,1.2199,12.1188,4.2248,2.5477,0.025,1.2493,2.0435,0.0,16.808,3115201,3576.0,2025,273.014,13.098229,310039,São João del Rei,3107,Barbacena,-21.147605,-44.49197937,BAIXO,BAIXO,44.8371,9,swine
3139102,0.0,8.3052,0.6407,0.0,250.8734,16.6449,4.5998,0.0374,1.8725,140.6966,0.0,30.3458,3139102,5360.0,2025,492.909,10.874218,310039,São João del Rei,3107,Barbacena,-21.491491,-44.36340652,MÉDIO,MÉDIO,454.0163,9,corn
3137403,0.0,8.0319,0.0,0.5527,118.8384,14.955,4.4485,0.0918,4.5946,43.549,0.0,29.3475,3137403,13152.0,2025,476.693,27.590084,310039,São João del Rei,3107,Barbacena,-20.8941065,-44.06801644,MÉDIO,MÉDIO,224.4094,9,corn
3170701,0.1922,9.9932,0.008,38.6022,9.0165,6.978,9.2245,1.0027,50.193,1.2869,0.2097,38.9479,3170701,143676.0,2025,395.396,363.372417,310040,Varginha,3108,Varginha,-21.5715515,-45.40369365,MÉDIO,MÉDIO,165.6548,12,rsu_organic
3162005,0.2511,13.0586,0.0568,30.5848,25.5986,2.0002,12.0541,0.171,8.558,32.6952,0.0,50.8951,3162005,24497.0,2025,516.683,47.41205,310040,Varginha,3108,Varginha,-21.9039425,-45.6111921,MÉDIO,MÉDIO,175.9235,11,swine
3142601,0.1052,5.4728,0.3018,14.2595,15.4766,1.3833,5.0518,0.0598,2.9922,13.609,0.809,21.33,3142601,8565.0,2025,216.54,39.553893,310040,Varginha,3108,Varginha,-21.730423,-45.48812817,BAIXO,BAIXO,80.851,12,swine
3123601,0.2428,12.6253,0.0057,47.7252,41.4553,6.2437,11.6541,0.1914,9.5823,30.6518,0.6367,49.2062,3123601,27429.0,2025,499.537,54.908846,310040,Varginha,3108,Varginha,-21.603624,-45.58918109,MÉDIO,MÉDIO,210.2205,12,swine
3119005,0.0873,4.5378,0.0,5.251,25.5641,1.6413,4.1887,0.0226,1.1305,32.6617,0.0,17.6856,3119005,3236.0,2025,179.543,18.023538,310040,Varginha,3108,Varginha,-21.7700235,-45.63219333,BAIXO,BAIXO,92.7706,10,soybean
3162948,0.1499,7.7924,0.0027,22.8381,58.5348,2.2432,7.193,0.0568,2.8454,43.549,13.2836,30.3705,3162948,8145.0,2025,308.319,26.417444,310041,Passos,3108,Varginha,-20.7601795,-46.22643691,MÉDIO,MÉDIO,188.8594,12,corn
3162203,0.2663,13.8478,0.0,1.1864,97.0744,1.1964,12.7826,0.0555,2.7805,52.9371,24.345,53.9709,3162203,7959.0,2025,547.908,14.526161,310041,Passos,3108,Varginha,-20.534608,-46.4230429,MÉDIO,MÉDIO,260.4429,11,corn
3152907,0.1047,5.4469,0.0068,0.8849,52.1645,2.991,5.0279,0.0596,2.9813,43.549,0.1648,21.2291,3152907,8534.0,2025,215.516,39.597988,310041,Passos,3108,Varginha,-20.783467,-46.87642956,MÉDIO,MÉDIO,134.6105,12,corn
3147907,0.6504,33.8183,0.0,15.4264,167.7556,18.7655,31.2169,0.8162,40.8567,129.0138,407.4976,131.8047,3147907,116951.0,2025,1338.07,87.402752,310041,Passos,3108,Varginha,-20.7268555,-46.56079772,ALTO,ALTO,977.6221,11,sugarcane
3129707,0.2732,14.2064,1.0343,65.2229,8.8783,16.2636,13.1136,0.0767,3.8414,6.5323,0.0,55.3684,3129707,10996.0,2025,562.095,19.562529,310041,Passos,3108,Varginha,-20.3897265,-47.10507078,MÉDIO,MÉDIO,184.8111,11,coffee
3128105,0.4541,23.6146,0.025,38.7753,37.5861,13.1492,21.7981,0.0982,4.9174,48.9926,1.1985,92.0363,3128105,14076.0,2025,934.345,15.065099,310041,Passos,3108,Varginha,-20.7430005,-45.93448714,MÉDIO,MÉDIO,282.6454,12,swine
3126307,0.1063,5.5297,0.5475,4.8993,9.5347,2.0563,5.1044,0.0241,1.2063,0.0,0.3371,21.5518,3126307,3453.0,2025,218.792,15.782113,310041,Passos,3108,Varginha,-20.8896135,-46.76943055,BAIXO,BAIXO,50.8975,11,swine
3121209,0.67,34.8382,0.0057,1.1529,46.2917,22.8064,32.1583,0.0618,3.0921,167.5546,70.2134,135.7796,3121209,8851.0,2025,1378.423,6.421106,310041,Passos,3108,Varginha,-20.368479,-46.73386249,ALTO,ALTO,514.6247,12,soybean
3116407,0.1106,5.753,0.0,24.2227,8.7056,3.5892,5.3105,0.0334,1.672,2.4426,0.0,22.4221,3116407,4786.0,2025,227.627,21.025625,310041,Passos,3108,Varginha,-20.358816,-47.25711751,BAIXO,BAIXO,74.2617,10,coffee
3115102,0.3236,16.8274,0.0,23.7286,44.1499,1.8694,15.533,0.1221,6.1105,53.3475,0.3745,65.5839,3115102,17491.0,2025,665.802,26.270573,310041,Passos,3108,Varginha,-20.55880465,-46.92127364,MÉDIO,MÉDIO,227.9704,11,swine
3114402,0.518,26.9341,0.253,49.0456,67.9175,4.0378,24.8622,0.1501,7.5131,107.7837,10.6369,104.9738,3114402,21506.0,2025,1065.685,20.180447,310041,Passos,3108,Varginha,-20.994585,-46.14021953,MÉDIO,MÉDIO,404.6258,12,soybean
3112406,0.1448,7.53,0.0009,23.8235,10.5941,20.5631,6.9508,0.0462,2.3151,18.0896,0.0,29.3479,3112406,6627.0,2025,297.937,22.242957,310041,Passos,3108,Varginha,-20.6608055,-47.04832948,MÉDIO,MÉDIO,119.406,11,swine
3107604,0.1013,5.2658,0.0,7.3698,53.0627,2.4489,4.8607,0.0326,1.6339,36.3466,0.0,20.5231,3107604,4677.0,2025,208.349,22.447912,310041,Passos,3108,Varginha,-21.008824,-46.54616317,MÉDIO,MÉDIO,131.6454,10,corn
3101904,0.2239,11.6433,0.0,28.1393,42.0771,7.1036,10.7477,0.1303,6.5234,34.8392,21.4236,45.3791,3101904,18673.0,2025,460.685,40.533119,310041,Passos,3108,Varginha,-20.82695345,-46.37022386,MÉDIO,MÉDIO,208.2305,11,swine
3133758,0.0746,3.8776,0.0,0.0419,22.1786,33.4618,3.5793,0.1021,5.1124,9.7985,0.0,15.1125,3133758,14634.0,2025,153.421,95.384595,310041,Passos,3108,Varginha,-20.7347575,-46.76903141,BAIXO,BAIXO,93.3393,10,forestry
3166907,0.1017,5.2891,0.0,8.5423,16.133,1.4955,4.8822,0.0545,2.7288,7.5373,28.7645,20.6138,3166907,7811.0,2025,209.27,37.324987,310042,Alfenas,3108,Varginha,-21.570966,-46.11512771,BAIXO,BAIXO,96.1427,11,sugarcane
3151701,0.2305,11.986,0.0,35.4617,19.5669,2.4302,11.064,0.1174,5.8774,1.005,2.7466,46.7147,3151701,16824.0,2025,474.244,35.475409,310042,Alfenas,3108,Varginha,-21.810077,-45.99181685,MÉDIO,MÉDIO,137.2004,11,swine
3147204,0.2062,10.7236,0.0,36.0619,79.5941,57.5394,9.8987,0.1567,7.8436,55.832,0.0,41.7947,3147204,22452.0,2025,424.296,52.915889,310042,Alfenas,3108,Varginha,-21.5687315,-45.75844306,MÉDIO,MÉDIO,299.6509,10,corn
3125200,0.0418,2.1742,0.0,5.399,7.1856,0.9347,2.0069,0.0187,0.9349,1.0385,0.0,8.4737,3125200,2676.0,2025,86.024,31.107598,310042,Alfenas,3108,Varginha,-21.46304,-45.80656071,BAIXO,BAIXO,28.208,10,swine
3122405,0.1054,5.4833,0.1724,10.1307,30.2623,1.6824,5.0615,0.0419,2.0968,12.1602,22.3724,21.3708,3122405,6002.0,2025,216.955,27.664723,310042,Alfenas,3108,Varginha,-21.515857,-46.24519036,MÉDIO,MÉDIO,110.9401,12,corn
3117108,0.1713,8.9096,0.0,36.369,23.5051,4.6622,8.2242,0.0747,3.7398,8.0398,0.1199,34.7246,3117108,10705.0,2025,352.521,30.366985,310042,Alfenas,3108,Varginha,-21.0972885,-46.22687772,MÉDIO,MÉDIO,128.5402,11,coffee
3114709,0.0394,2.0497,0.0,8.1878,4.6568,1.1216,1.8921,0.0239,1.1944,0.7621,0.0,7.9887,3114709,3419.0,2025,81.101,42.15731,310042,Alfenas,3108,Varginha,-21.772763,-45.83969668,BAIXO,BAIXO,27.9165,10,coffee
3111606,0.374,19.4484,0.0048,91.2797,43.1135,5.982,17.9524,0.1867,9.3447,38.7474,0.7341,75.7989,3111606,26749.0,2025,769.504,34.761353,310042,Alfenas,3108,Varginha,-21.289663,-45.72624624,MÉDIO,MÉDIO,302.9666,12,coffee
3111309,0.1339,6.9611,0.0,7.0767,28.1896,9.5338,6.4256,0.0811,4.0612,20.3228,0.3596,27.1305,3111309,11625.0,2025,275.426,42.207344,310042,Alfenas,3108,Varginha,-21.106676,-45.83148511,MÉDIO,MÉDIO,110.2759,11,corn
3104304,0.1376,7.1557,0.0,12.9167,20.7276,1.1216,6.6052,0.0993,4.9709,12.7967,88.9903,27.8887,3104304,14229.0,2025,283.124,50.257131,310042,Alfenas,3108,Varginha,-21.351271,-46.11779703,MÉDIO,MÉDIO,183.4103,11,sugarcane
3102001,0.176,9.1494,0.1364,14.2148,37.9316,1.3669,8.4456,0.0996,4.9859,18.5083,11.2361,35.6593,3102001,14272.0,2025,362.01,39.424325,310042,Alfenas,3108,Varginha,-21.232843,-46.15629848,MÉDIO,MÉDIO,141.9099,12,corn
3101607,0.4133,21.4941,0.0062,61.9456,120.8951,10.562,19.8407,0.5744,28.7525,150.0764,155.8079,83.772,3101607,82303.0,2025,850.446,96.77628,310042,Alfenas,3108,Varginha,-21.3633785,-45.92615302,ALTO,ALTO,654.1402,12,sugarcane
3139003,0.2848,14.8095,0.0071,59.743,73.2376,10.0946,13.6703,0.2708,13.5579,65.3234,9.9877,57.719,3139003,38809.0,2025,585.958,66.231709,310042,Alfenas,3108,Varginha,-21.677377,-45.94955649,MÉDIO,MÉDIO,318.7057,12,corn
3159902,0.2376,12.3561,0.0193,37.4354,10.0322,14.5811,11.4056,0.1232,6.1685,2.7218,0.3626,48.1569,3159902,17657.0,2025,488.885,36.116878,310043,Lavras,3108,Varginha,-20.9176475,-44.9241627,MÉDIO,MÉDIO,143.6003,12,swine
3154705,0.0239,1.2448,0.0,1.3818,9.2123,0.4113,1.149,0.0294,1.4732,1.0887,0.0,4.8514,3154705,4217.0,2025,49.251,85.622627,310043,Lavras,3108,Varginha,-21.1498045,-45.07898432,BAIXO,BAIXO,20.8658,10,corn
3149903,0.1315,6.8406,0.0521,15.6637,17.8258,4.4865,6.3144,0.1541,7.7119,3.6347,4.4895,26.6607,3149903,22075.0,2025,270.657,81.560795,310043,Lavras,3108,Varginha,-21.06379,-45.05560275,BAIXO,BAIXO,93.9655,12,swine
3144607,0.2831,14.7234,0.0037,50.5308,59.281,4.2644,13.5908,0.1798,8.9982,6.5323,0.4994,57.3836,3144607,25757.0,2025,582.553,44.214003,310043,Lavras,3108,Varginha,-21.2103755,-45.26303028,MÉDIO,MÉDIO,216.2705,12,corn
3130002,0.0744,3.8696,0.0,2.9647,9.3274,2.4676,3.5719,0.0191,0.9548,1.0887,0.0,15.0815,3130002,2733.0,2025,153.106,17.850378,310043,Lavras,3108,Varginha,-21.1703505,-44.77906369,BAIXO,BAIXO,39.4197,10,swine
3114600,0.3538,18.3968,0.0,0.0949,75.7249,99.518,16.9816,0.029,1.4536,65.3234,0.9289,71.7002,3114600,4161.0,2025,727.894,5.716492,310043,Lavras,3108,Varginha,-21.4760305,-44.61057953,MÉDIO,MÉDIO,350.5051,11,forestry
3111903,0.1034,5.3763,0.0,2.063,7.1856,4.1126,4.9627,0.0373,1.8662,1.005,0.0,20.9538,3111903,5342.0,2025,212.721,25.112706,310043,Lavras,3108,Varginha,-21.0306995,-45.18663329,BAIXO,BAIXO,47.6659,10,swine
3108008,0.3427,17.8193,0.0024,14.0278,29.3641,22.2755,16.4486,0.1222,6.1188,5.8624,0.4494,69.4496,3108008,17515.0,2025,705.046,24.842351,310043,Lavras,3108,Varginha,-21.015308,-44.79778288,MÉDIO,MÉDIO,182.2828,12,swine
3138708,0.2431,12.6406,0.0,7.8276,51.5888,8.902,11.6682,0.0401,2.0067,38.1053,0.2417,49.2659,3138708,5744.0,2025,500.143,11.484715,310043,Lavras,3108,Varginha,-21.5233575,-44.90319259,MÉDIO,MÉDIO,182.53,11,corn
3138203,0.2745,14.2733,0.0148,21.3557,71.8558,2.2806,13.1754,0.7724,38.6666,21.7745,1.648,55.6293,3138203,110682.0,2025,564.744,195.986146,310043,Lavras,3108,Varginha,-21.2631935,-45.02097099,MÉDIO,MÉDIO,241.7209,12,corn
3134509,0.1808,9.4024,0.0,0.4187,50.2069,11.721,8.6791,0.0305,1.5253,43.549,0.0,36.6451,3134509,4366.0,2025,372.018,11.735991,310043,Lavras,3108,Varginha,-21.3407085,-44.69285222,MÉDIO,MÉDIO,162.3588,10,corn
3134301,0.1141,5.9344,0.0,1.5354,18.2403,3.1331,5.4779,0.048,2.4021,7.2693,0.3506,23.1288,3134301,6876.0,2025,234.802,29.284248,310043,Lavras,3108,Varginha,-21.28024915,-44.81705158,BAIXO,BAIXO,67.634,11,swine
3130804,0.1485,7.7235,0.0,2.3784,60.6859,8.73,7.1294,0.0184,0.9195,32.6617,0.0,30.1018,3130804,2632.0,2025,305.591,8.612819,310043,Lavras,3108,Varginha,-21.4241385,-44.92150257,MÉDIO,MÉDIO,150.4971,10,corn
3130408,0.0512,2.66,0.0,1.1557,8.2911,1.3796,2.4554,0.0514,2.5705,1.3065,0.1258,10.3671,3130408,7358.0,2025,105.246,69.912396,310043,Lavras,3108,Varginha,-21.17486,-44.94446788,BAIXO,BAIXO,30.4143,11,swine
3163904,0.1268,6.5921,0.1563,14.4047,16.9967,5.8698,6.085,0.0347,1.7373,24.9234,0.0,25.6924,3163904,4973.0,2025,260.827,19.066278,310044,Guaxupé,3108,Varginha,-21.104541,-46.60393132,MÉDIO,MÉDIO,102.6192,11,swine
3145109,0.1896,9.8607,0.3552,59.6621,23.3877,2.7308,9.1022,0.1181,5.9106,8.7098,0.0899,38.4314,3145109,16919.0,2025,390.152,43.36515,310044,Guaxupé,3108,Varginha,-21.083064,-46.43764659,MÉDIO,MÉDIO,158.5481,12,coffee
3144102,0.1993,10.361,0.0,28.1393,19.3458,1.3646,9.564,0.1579,7.9023,3.1824,0.1998,40.3814,3144102,22620.0,2025,409.948,55.17773,310044,Guaxupé,3108,Varginha,-21.373176,-46.53558379,MÉDIO,MÉDIO,120.7978,11,swine
3143005,0.2048,10.6475,0.0,20.0325,31.1744,39.6831,9.8284,0.0931,4.6628,2.1439,124.9709,41.4979,3143005,13347.0,2025,421.283,31.681791,310044,Guaxupé,3108,Varginha,-21.3059765,-46.32987884,MÉDIO,MÉDIO,284.9393,11,sugarcane
3128709,0.1392,7.2384,0.0,13.2322,14.7166,1.4529,6.6816,0.3681,18.4261,10.8454,13.1837,28.2112,3128709,52744.0,2025,286.398,184.163297,310044,Guaxupé,3108,Varginha,-21.2907205,-46.67906659,MÉDIO,MÉDIO,114.4954,11,swine
3128303,0.1433,7.4515,0.0014,12.9893,3.0401,1.4506,6.8783,0.1371,6.8633,3.8105,21.1439,29.0416,3128303,19646.0,2025,294.828,66.635462,310044,Guaxupé,3108,Varginha,-21.2792,-46.8056239,BAIXO,BAIXO,92.9509,12,swine
3109501,0.179,9.306,0.0,31.5423,16.7203,8.5767,8.5902,0.0786,3.9368,5.5274,10.4871,36.2696,3109501,11269.0,2025,368.206,30.60515,310044,Guaxupé,3108,Varginha,-21.48338,-46.390432,MÉDIO,MÉDIO,131.214,11,swine
3104106,0.0792,4.1165,0.1819,8.8745,5.6586,2.5797,3.7998,0.0651,3.2612,4.0283,16.6295,16.0438,3104106,9335.0,2025,162.875,57.313891,310044,Guaxupé,3108,Varginha,-21.352493,-46.93957016,BAIXO,BAIXO,65.3181,12,sugarcane
3136900,0.1071,5.5692,0.0,19.4295,9.9493,4.3743,5.1408,0.0813,4.0706,0.0,3.0338,21.7056,3136900,11652.0,2025,220.353,52.87879,310044,Guaxupé,3108,Varginha,-21.228913,-46.51286681,BAIXO,BAIXO,73.4615,10,swine
3169307,0.4025,20.9278,0.3978,34.9732,290.1868,5.1221,19.318,0.5464,27.3509,195.9703,0.0,81.5647,3169307,78291.0,2025,828.038,94.550009,310045,Três Corações,3108,Varginha,-21.698107,-45.20832678,ALTO,ALTO,676.7605,11,corn
3165206,0.1797,9.345,0.0,4.0925,29.8478,12.1584,8.6261,0.0496,2.4828,0.536,0.0,36.4214,3165206,7107.0,2025,369.747,19.221251,310045,Três Corações,3108,Varginha,-21.740376,-44.97605407,MÉDIO,MÉDIO,103.7393,10,swine
3160801,0.0391,2.0321,0.0,4.6061,31.506,5.4459,1.8758,0.0338,1.6929,9.7985,0.0,7.92,3160801,4846.0,2025,80.403,60.271383,310045,Três Corações,3108,Varginha,-21.5655425,-45.07671915,BAIXO,BAIXO,64.9502,10,corn
3113909,0.2461,12.797,0.0133,37.9546,55.2737,5.1894,11.8126,0.0821,4.1108,21.7745,0.1598,49.8756,3113909,11767.0,2025,506.333,23.239647,310045,Três Corações,3108,Varginha,-21.453956,-45.1800767,MÉDIO,MÉDIO,199.2895,12,corn
3110905,0.1631,8.4816,1.3127,11.2474,25.2048,2.0563,7.8292,0.1143,5.7195,25.1244,0.5094,33.0565,3110905,16372.0,2025,335.587,48.786157,310045,Três Corações,3108,Varginha,-21.82189,-45.42558804,MÉDIO,MÉDIO,120.8192,12,swine
3110707,0.1197,6.227,0.0852,13.0647,36.8491,3.3649,5.748,0.0876,4.3847,10.6081,0.0,24.2693,3110707,12551.0,2025,246.38,50.941635,310045,Três Corações,3108,Varginha,-21.857739,-45.25377368,MÉDIO,MÉDIO,104.8083,11,corn
3169406,0.3353,17.4338,0.0051,82.5588,22.8004,5.8362,16.0928,0.3993,19.9859,28.0975,0.1498,67.9472,3169406,57209.0,2025,689.794,82.936355,310046,Três Pontas - Boa Esperança,3108,Varginha,-21.405323,-45.49907517,MÉDIO,MÉDIO,261.6421,12,coffee
3158300,0.0838,4.3583,0.0,21.7438,11.6766,2.6171,4.0231,0.0472,2.3602,12.0597,0.04,16.9864,3158300,6756.0,2025,172.444,39.177936,310046,Três Pontas - Boa Esperança,3108,Varginha,-21.2596815,-45.51533275,BAIXO,BAIXO,75.9962,11,coffee
3118700,0.1439,7.4852,0.0,25.7944,27.4641,6.5428,6.9094,0.0641,3.2098,19.0527,0.9588,29.1731,3118700,9188.0,2025,296.163,31.023457,310046,Três Pontas - Boa Esperança,3108,Varginha,-21.177991,-45.41985261,MÉDIO,MÉDIO,126.7983,11,swine
3107109,0.4183,21.7525,0.008,37.9881,113.4769,23.442,20.0792,0.2892,14.4781,58.6236,0.2097,84.779,3107109,41443.0,2025,860.669,48.152077,310046,Três Pontas - Boa Esperança,3108,Varginha,-21.0576795,-45.63471808,MÉDIO,MÉDIO,375.5446,12,corn
3130507,0.1829,9.5116,0.0031,26.9138,14.6821,4.1687,8.78,0.0925,4.6282,1.5577,0.0,37.0709,3130507,13248.0,2025,376.341,35.202117,310046,Três Pontas - Boa Esperança,3108,Varginha,-20.9357485,-45.78839081,MÉDIO,MÉDIO,107.5915,11,swine
3165107,0.1351,7.0243,0.0,27.9383,9.0971,1.6824,6.484,0.0477,2.3885,4.8993,53.9335,27.3769,3165107,6837.0,2025,277.928,24.599896,310047,São Sebastião do Paraíso,3108,Varginha,-20.78024405,-47.12740118,MÉDIO,MÉDIO,141.0071,11,sugarcane
3164704,0.3961,20.5964,6.6443,45.3049,66.6739,7.5897,19.012,0.5247,26.2637,12.8637,96.1315,80.273,3164704,75179.0,2025,814.925,92.252661,310047,São Sebastião do Paraíso,3108,Varginha,-20.9022735,-47.04434765,MÉDIO,MÉDIO,382.2739,12,sugarcane
3143203,0.289,15.0287,0.2652,44.8861,19.3458,4.8679,13.8726,0.1486,7.439,7.7886,71.9113,58.5734,3143203,21294.0,2025,594.632,35.810384,310047,São Sebastião do Paraíso,3108,Varginha,-21.2050815,-46.97070467,MÉDIO,MÉDIO,244.4162,12,sugarcane
3134806,0.1989,10.3428,0.0081,11.7917,15.9603,9.8703,9.5472,0.0535,2.6788,16.1913,0.5693,40.3105,3134806,7668.0,2025,409.229,18.737675,310047,São Sebastião do Paraíso,3108,Varginha,-21.0242345,-46.75882803,MÉDIO,MÉDIO,117.5227,12,swine
3132909,0.1185,6.1596,0.0,43.1581,9.9493,1.1964,5.6858,0.0774,3.875,0.2764,0.0,24.0067,3132909,11092.0,2025,243.714,45.512363,310047,São Sebastião do Paraíso,3108,Varginha,-21.07599,-47.04727462,BAIXO,BAIXO,94.5032,10,coffee
3158805,0.0516,2.6833,0.0,1.1194,1.4924,1.0095,2.4769,0.0296,1.4833,0.67,0.1648,10.458,3158805,4246.0,2025,106.169,39.992842,310048,Campo Belo,3108,Varginha,-20.880059,-45.04594482,BAIXO,BAIXO,21.6388,11,swine
3120201,0.3054,15.883,0.0625,19.6361,48.7099,21.7595,14.6612,0.0882,4.4137,44.1352,19.476,61.903,3120201,12634.0,2025,628.434,20.103941,310048,Campo Belo,3108,Varginha,-20.811929,-45.54150661,MÉDIO,MÉDIO,251.0337,12,swine
3112000,0.3502,18.2102,0.0045,18.7233,86.9179,25.6852,16.8094,0.0992,4.9646,16.8557,1.0487,70.973,3112000,14211.0,2025,720.512,19.723474,310048,Campo Belo,3108,Varginha,-20.748993,-45.277197,MÉDIO,MÉDIO,260.6419,12,corn
3111200,0.2567,13.3503,0.0034,10.4685,55.6882,17.46,12.3234,0.3771,18.8743,10.0498,1.2485,52.0321,3111200,54027.0,2025,528.225,102.280278,310048,Campo Belo,3108,Varginha,-20.9424515,-45.25659619,MÉDIO,MÉDIO,192.1323,12,corn
3100807,0.1128,5.8659,0.0043,7.0683,19.0694,1.4693,5.4146,0.0315,1.5752,6.5323,0.9438,22.8618,3100807,4509.0,2025,232.091,19.427724,310048,Campo Belo,3108,Varginha,-20.981913,-45.43063296,BAIXO,BAIXO,70.9492,12,swine
3170602,0.1992,10.3595,0.0,9.7566,11.2275,3.3649,9.5626,0.0154,0.771,6.0299,0.0,40.3754,3170602,2207.0,2025,409.888,5.384398,310049,Piumhi,3108,Varginha,-20.4395525,-46.35986156,BAIXO,BAIXO,91.662,10,swine
3164308,1.0201,53.0467,0.0,27.1344,41.2825,12.6564,48.9661,0.0514,2.5747,40.199,0.4045,206.746,3164308,7370.0,2025,2098.867,3.511418,310049,Piumhi,3108,Varginha,-20.180366,-46.54845892,MÉDIO,MÉDIO,434.0818,11,swine
3151503,0.4386,22.8089,0.0625,52.9929,205.6642,6.9316,21.0544,0.2653,13.2777,80.3981,0.2317,88.8963,3151503,38007.0,2025,902.468,42.114513,310049,Piumhi,3108,Varginha,-20.459096,-46.05071135,MÉDIO,MÉDIO,493.0222,12,corn
3123403,0.0743,3.8647,0.0,1.0692,3.526,0.2056,3.5674,0.0105,0.5233,0.0,10.4871,15.0624,3123403,1498.0,2025,152.912,9.796484,310049,Piumhi,3108,Varginha,-20.284798,-45.89075179,BAIXO,BAIXO,38.3905,10,swine
3112802,0.2536,13.188,0.0045,6.6328,18.5858,7.1036,12.1735,0.0767,3.8397,5.0249,0.6991,51.3994,3112802,10991.0,2025,521.802,21.063545,310049,Piumhi,3108,Varginha,-20.611404,-46.13262433,MÉDIO,MÉDIO,118.9816,12,swine
3169802,0.1074,5.5855,0.0139,5.5916,15.7945,1.4955,5.1559,0.0356,1.7806,9.7873,1.3983,21.7693,3169802,5097.0,2025,221.0,23.063348,310050,Pouso Alegre,3109,Pouso Alegre,-21.8796525,-45.79372945,BAIXO,BAIXO,68.5154,12,swine
3169109,0.0665,3.4569,0.0,0.0,9.5002,4.2809,3.191,0.0532,2.6638,0.6532,0.3371,13.4729,3169109,7625.0,2025,136.776,55.748084,310050,Pouso Alegre,3109,Pouso Alegre,-22.707811,-46.3803741,BAIXO,BAIXO,37.6757,10,swine
3169059,0.0558,2.899,0.0,1.5493,1.824,0.4113,2.676,0.0272,1.3604,0.0,0.0,11.2989,3169059,3894.0,2025,114.705,33.947953,310050,Pouso Alegre,3109,Pouso Alegre,-22.3573681,-46.15874064,BAIXO,BAIXO,22.1019,9,swine
3167400,0.1517,7.8897,0.18,4.9635,34.8915,3.3649,7.2828,0.0443,2.2177,11.976,0.0,30.7495,3167400,6348.0,2025,312.166,20.335334,310050,Pouso Alegre,3109,Pouso Alegre,-22.0364102,-45.80289273,MÉDIO,MÉDIO,103.7116,11,corn
3165800,0.0456,2.373,0.0,1.34,4.4357,0.5234,2.1905,0.015,0.7508,0.0,0.0,9.2487,3165800,2149.0,2025,93.892,22.887999,310050,Pouso Alegre,3109,Pouso Alegre,-22.156381,-46.14467167,BAIXO,BAIXO,20.9227,9,swine
3165578,0.0734,3.8188,0.0009,0.0,4.7674,1.3086,3.5251,0.0455,2.2767,0.0,0.0,14.8836,3165578,6517.0,2025,151.097,43.131234,310050,Pouso Alegre,3109,Pouso Alegre,-22.558194,-46.22219343,BAIXO,BAIXO,30.7,9,swine
3164407,0.0814,4.2316,0.0,5.653,7.9594,0.7477,3.9061,0.0473,2.3679,6.7501,0.0,16.4923,3164407,6778.0,2025,167.428,40.483073,310050,Pouso Alegre,3109,Pouso Alegre,-22.165648,-45.75743412,BAIXO,BAIXO,48.2368,10,swine
3162302,0.0586,3.0464,0.0,2.4119,8.7402,1.3086,2.8121,0.021,1.0522,0.0,0.4944,11.8732,3162302,3012.0,2025,120.536,24.988385,310050,Pouso Alegre,3109,Pouso Alegre,-21.948229,-45.92103301,BAIXO,BAIXO,31.8186,10,swine
3159605,0.1716,8.9209,0.0019,14.6392,9.7996,9.5338,8.2347,0.2967,14.8533,1.4879,1.8168,34.7687,3159605,42517.0,2025,352.969,120.455337,310050,Pouso Alegre,3109,Pouso Alegre,-22.2400615,-45.69765973,MÉDIO,MÉDIO,104.5251,12,swine
3152501,0.2638,13.7186,0.0048,0.1312,31.9206,5.1722,12.6633,1.1315,56.641,2.01,0.0,53.4675,3152501,162133.0,2025,542.797,298.699145,310050,Pouso Alegre,3109,Pouso Alegre,-22.2620755,-45.95290362,MÉDIO,MÉDIO,177.1245,11,rsu_organic
3146008,0.2594,13.4891,0.0102,22.9805,12.9548,20.7501,12.4514,0.2323,11.6281,0.8375,9.5882,52.5728,3146008,33285.0,2025,533.714,62.364862,310050,Pouso Alegre,3109,Pouso Alegre,-22.2668335,-46.36321416,MÉDIO,MÉDIO,157.7544,12,swine
3144409,0.0917,4.7697,0.0,10.3848,0.9397,0.8225,4.4028,0.0335,1.6786,0.0,0.0,18.5895,3144409,4805.0,2025,188.719,25.461135,310050,Pouso Alegre,3109,Pouso Alegre,-22.1439305,-45.56056446,BAIXO,BAIXO,41.7128,9,swine
3143807,0.0931,4.8425,0.0,0.0502,20.9764,5.6231,4.47,0.0553,2.7703,0.0,0.1049,18.8732,3143807,7930.0,2025,191.599,41.388525,310050,Pouso Alegre,3109,Pouso Alegre,-22.6354557,-46.30804512,BAIXO,BAIXO,57.859,10,corn
3143401,0.1417,7.3697,0.0076,8.3748,4.1455,13.8334,6.8028,0.1752,8.7711,4.1539,0.6592,28.7231,3143401,25107.0,2025,291.594,86.102595,310050,Pouso Alegre,3109,Pouso Alegre,-22.42823,-46.53429884,BAIXO,BAIXO,83.158,12,swine
3129202,0.0748,3.8909,0.0,12.6013,9.6729,2.0563,3.5916,0.0438,2.1932,1.0887,0.774,15.1646,3129202,6278.0,2025,153.95,40.779474,310050,Pouso Alegre,3109,Pouso Alegre,-22.0450115,-45.54284801,BAIXO,BAIXO,51.1521,11,swine
3125101,0.1189,6.1814,0.0,0.0112,1.52,4.2996,5.7059,0.4141,20.729,1.6331,0.0,24.0915,3125101,59336.0,2025,244.575,242.608607,310050,Pouso Alegre,3109,Pouso Alegre,-22.81202115,-46.29531712,BAIXO,BAIXO,64.7047,10,swine
3124500,0.1185,6.1636,0.0,0.0084,4.7674,0.0,5.6895,0.0829,4.1503,0.0,0.0,24.0223,3124500,11880.0,2025,243.872,48.71408,310050,Pouso Alegre,3109,Pouso Alegre,-22.4553385,-46.01571946,BAIXO,BAIXO,45.0029,8,swine
3124401,0.1283,6.6693,0.0426,1.9681,8.6365,2.0563,6.1562,0.0498,2.4916,6.5323,0.0,25.993,3124401,7132.0,2025,263.879,27.027539,310050,Pouso Alegre,3109,Pouso Alegre,-21.998489,-45.97760843,BAIXO,BAIXO,60.724,11,swine
3119906,0.0601,3.1251,0.0006,0.0,1.1331,1.1216,2.8848,0.0311,1.5588,0.0,0.0,12.1801,3119906,4462.0,2025,123.651,36.085434,310050,Pouso Alegre,3109,Pouso Alegre,-22.6259205,-45.99108035,BAIXO,BAIXO,22.0953,9,swine
3118502,0.0433,2.2525,0.0,0.0,0.4952,2.0563,2.0792,0.011,0.5481,0.0,0.0,8.7788,3118502,1569.0,2025,89.122,17.605081,310050,Pouso Alegre,3109,Pouso Alegre,-22.532796,-45.91788726,BAIXO,BAIXO,16.2644,8,swine
3117900,0.0997,5.1843,0.0021,1.1055,3.1091,1.2076,4.7855,0.0799,3.9979,0.0,0.3775,20.2056,3117900,11444.0,2025,205.125,55.790372,310050,Pouso Alegre,3109,Pouso Alegre,-22.133417,-46.03392259,BAIXO,BAIXO,40.1547,11,swine
3117801,0.0876,4.5553,0.0,0.8933,6.011,0.0,4.2049,0.0783,3.919,5.5525,0.3161,17.7539,3117801,11218.0,2025,180.236,62.240618,310050,Pouso Alegre,3109,Pouso Alegre,-22.4417395,-45.76658274,BAIXO,BAIXO,43.3719,10,swine
3113602,0.088,4.5748,0.0,4.8993,4.7835,0.9721,4.2229,0.0493,2.4671,10.7644,0.1498,17.83,3113602,7062.0,2025,181.009,39.014635,310050,Pouso Alegre,3109,Pouso Alegre,-22.0719155,-45.66333618,BAIXO,BAIXO,50.8012,11,swine
3110608,0.1189,6.1812,0.017,0.0251,6.0801,0.9347,5.7057,0.2168,10.8529,0.0,0.3895,24.0907,3110608,31066.0,2025,244.567,127.024496,310050,Pouso Alegre,3109,Pouso Alegre,-22.591643,-46.08399088,BAIXO,BAIXO,54.6126,11,swine
3110509,0.257,13.362,0.0,0.0,0.2073,172.4805,12.3342,0.1944,9.7329,0.0,0.0,52.0777,3110509,27860.0,2025,528.688,52.696486,310050,Pouso Alegre,3109,Pouso Alegre,-22.796311,-46.08729956,MÉDIO,MÉDIO,260.646,8,forestry
3109709,0.1479,7.6894,0.0,4.4331,11.2758,3.4546,7.0979,0.0859,4.2977,0.737,0.0,29.969,3109709,12302.0,2025,304.243,40.434784,310050,Pouso Alegre,3109,Pouso Alegre,-22.372679,-45.78464154,BAIXO,BAIXO,69.1883,10,swine
3109105,0.1731,9.0013,0.0654,7.8584,9.6729,1.4955,8.3089,0.0779,3.9015,0.0,1.2784,35.0821,3109105,11168.0,2025,356.15,31.357574,310050,Pouso Alegre,3109,Pouso Alegre,-22.488362,-46.35617865,BAIXO,BAIXO,76.9154,11,swine
3108305,0.1463,7.6102,0.0012,1.513,7.4619,1.6824,7.0248,0.1245,6.2313,1.2255,0.1099,29.6602,3108305,17837.0,2025,301.108,59.237881,310050,Pouso Alegre,3109,Pouso Alegre,-22.254036,-46.14453325,BAIXO,BAIXO,62.7912,12,swine
3107901,0.1117,5.8091,0.0106,0.0502,5.1681,0.2991,5.3622,0.0929,4.6505,0.0,0.0,22.6406,3107901,13312.0,2025,229.845,57.917292,310050,Pouso Alegre,3109,Pouso Alegre,-22.4405245,-46.17143929,BAIXO,BAIXO,44.195,10,swine
3101409,0.0282,1.4661,0.0,6.2811,0.2142,0.2393,1.3534,0.0211,1.0575,0.0,0.0,5.7142,3101409,3027.0,2025,58.01,52.180659,310050,Pouso Alegre,3109,Pouso Alegre,-22.19912,-46.61722227,BAIXO,BAIXO,16.3751,9,coffee
3134905,0.169,8.7869,0.0,12.1602,5.9696,5.0473,8.111,0.1877,9.3933,1.5298,6.9914,34.2465,3134905,26888.0,2025,347.667,77.338373,310050,Pouso Alegre,3109,Pouso Alegre,-22.2851355,-46.61849407,BAIXO,BAIXO,92.5927,11,swine
3133600,0.0862,4.4814,0.0,0.0,1.5753,4.1126,4.1367,0.0946,4.7375,0.0,0.0,17.4659,3133600,13561.0,2025,177.312,76.481005,310050,Pouso Alegre,3109,Pouso Alegre,-22.7071275,-46.23017201,BAIXO,BAIXO,36.6902,8,swine
3131505,0.1449,7.5366,0.0049,0.0,15.2003,5.7951,6.9568,0.0648,3.243,0.0,0.0,29.3733,3131505,9283.0,2025,298.195,31.130636,310050,Pouso Alegre,3109,Pouso Alegre,-22.004879,-46.11485165,BAIXO,BAIXO,68.3197,9,swine
3130606,0.0727,3.7813,0.0061,14.2818,4.1778,2.2432,3.4904,0.0526,2.633,0.402,0.0,14.7372,3130606,7537.0,2025,149.611,50.377312,310050,Pouso Alegre,3109,Pouso Alegre,-22.3455447,-46.28553999,BAIXO,BAIXO,45.8781,11,swine
3159209,0.2445,12.7131,0.1421,0.938,41.6349,30.0558,11.7351,0.0597,2.9908,14.1534,2.0375,49.5484,3159209,8561.0,2025,503.011,17.019509,310051,Poços de Caldas,3109,Pouso Alegre,-22.019591,-46.28813344,MÉDIO,MÉDIO,166.2533,12,swine
3151800,0.2658,13.8238,0.0,12.7716,16.4094,125.3229,12.7604,1.2028,60.2064,2.5543,0.0,53.8773,3151800,172339.0,2025,546.958,315.08635,310051,Poços de Caldas,3109,Pouso Alegre,-21.82052535,-46.57740397,MÉDIO,MÉDIO,299.1947,10,forestry
3129905,0.0332,1.7266,0.0,4.6564,0.5643,0.5608,1.5938,0.024,1.2018,0.0,0.0,6.7294,3129905,3440.0,2025,68.316,50.354236,310051,Poços de Caldas,3109,Pouso Alegre,-22.0661345,-46.40212322,BAIXO,BAIXO,17.0903,9,swine
3111002,0.2809,14.6044,0.1856,41.4357,25.5641,5.2342,13.481,0.1476,7.3905,10.6081,3.4957,56.9196,3111002,21155.0,2025,577.843,36.61029,310051,Poços de Caldas,3109,Pouso Alegre,-21.716301,-46.23295798,MÉDIO,MÉDIO,179.3474,12,swine
3110301,0.3458,17.9802,0.0034,5.2259,26.9459,31.893,16.5971,0.1021,5.1103,8.9331,0.0,70.0768,3110301,14628.0,2025,711.414,20.561867,310051,Poços de Caldas,3109,Pouso Alegre,-21.8983805,-46.34179435,MÉDIO,MÉDIO,183.2136,11,swine
3108404,0.1624,8.4437,0.0,22.8995,13.7079,2.991,7.7942,0.1057,5.2895,0.0,1.4382,32.909,3108404,15141.0,2025,334.089,45.320259,310051,Poços de Caldas,3109,Pouso Alegre,-21.649983,-46.41958458,BAIXO,BAIXO,95.7411,10,swine
3105301,0.023,1.1946,0.0,1.2143,0.8291,0.5608,1.1027,0.0432,2.16,0.4355,0.0,4.6559,3105301,6183.0,2025,47.266,130.812846,310051,Poços de Caldas,3109,Pouso Alegre,-21.726194,-46.39169269,BAIXO,BAIXO,12.2191,10,swine
3102605,0.2281,11.8635,0.0,18.3911,11.3173,35.3274,10.9509,0.2966,14.8477,11.7247,0.412,46.2372,3102605,42501.0,2025,469.396,90.544018,310051,Poços de Caldas,3109,Pouso Alegre,-22.057444,-46.55935112,MÉDIO,MÉDIO,161.5965,11,swine
3172202,0.0498,2.5903,0.0009,0.0,0.1405,2.0563,2.391,0.0166,0.8304,0.0,0.0,10.0953,3172202,2377.0,2025,102.487,23.193185,310052,Itajubá,3109,Pouso Alegre,-22.544163,-45.39296728,BAIXO,BAIXO,18.1711,9,swine
3165404,0.1386,7.2049,0.0,0.0,0.76,77.6165,6.6507,0.0451,2.2599,0.0,0.0,28.0807,3165404,6469.0,2025,285.073,22.692433,310052,Itajubá,3109,Pouso Alegre,-22.7963045,-45.85788164,MÉDIO,MÉDIO,122.7564,8,forestry
3163201,0.0432,2.2442,0.0119,0.5779,0.1935,0.2617,2.0715,0.0297,1.4854,2.1774,0.44,8.7465,3163201,4252.0,2025,88.794,47.886118,310052,Itajubá,3109,Pouso Alegre,-22.320724,-45.5224111,BAIXO,BAIXO,18.2829,12,swine
3151008,0.0607,3.1543,0.0122,1.929,0.8683,0.9347,2.9116,0.0664,3.3251,0.603,0.2402,12.2935,3151008,9518.0,2025,124.803,76.264192,310052,Itajubá,3109,Pouso Alegre,-22.3788795,-45.55072178,BAIXO,BAIXO,26.399,12,swine
3150901,0.099,5.1463,0.0017,0.0223,1.8425,1.6824,4.7504,0.0441,2.2079,0.0,0.0,20.0572,3150901,6320.0,2025,203.619,31.038361,310052,Itajubá,3109,Pouso Alegre,-22.558445,-45.51504016,BAIXO,BAIXO,35.8538,10,swine
3149101,0.106,5.5095,0.1077,11.8559,4.0672,0.7851,5.0857,0.076,3.8048,0.0,0.0,21.4728,3149101,10891.0,2025,217.99,49.961007,310052,Itajubá,3109,Pouso Alegre,-22.2474355,-45.46345803,BAIXO,BAIXO,52.8707,10,swine
3147303,0.161,8.3717,0.0023,0.2847,1.4095,3.7387,7.7277,0.1471,7.3629,0.0,3.4458,32.6281,3147303,21076.0,2025,331.238,63.627965,310052,Itajubá,3109,Pouso Alegre,-22.5801905,-45.80637598,BAIXO,BAIXO,65.2795,11,swine
3140407,0.0524,2.7271,0.0019,0.0,0.1727,7.9635,2.5173,0.0231,1.1577,0.0,0.0,10.6287,3140407,3314.0,2025,107.902,30.713054,310052,Itajubá,3109,Pouso Alegre,-22.465545,-45.17342247,BAIXO,BAIXO,25.2444,9,swine
3139904,0.0986,5.128,0.0036,0.3573,1.2068,1.4955,4.7336,0.1017,5.089,0.0,0.3061,19.9862,3139904,14567.0,2025,202.898,71.794695,310052,Itajubá,3109,Pouso Alegre,-22.3177275,-45.30912679,BAIXO,BAIXO,38.5064,11,swine
3127404,0.0911,4.7352,0.0009,0.0,1.52,4.1126,4.3709,0.0344,1.7195,0.0,0.1818,18.4549,3127404,4922.0,2025,187.353,26.271263,310052,Itajubá,3109,Pouso Alegre,-22.681483,-45.83447849,BAIXO,BAIXO,35.2213,10,swine
3121100,0.1985,10.3237,0.006,0.0,1.1492,38.729,9.5296,0.0568,2.8413,0.0,0.0,40.2361,3121100,8133.0,2025,408.473,19.910741,310052,Itajubá,3109,Pouso Alegre,-22.5113845,-45.26027589,MÉDIO,MÉDIO,103.0702,9,swine
3117207,0.0497,2.5831,0.0043,7.8165,1.7273,1.0468,2.3844,0.0198,0.9922,0.0,0.1723,10.0677,3117207,2840.0,2025,102.206,27.787018,310052,Itajubá,3109,Pouso Alegre,-22.1390335,-45.43476787,BAIXO,BAIXO,26.8641,11,swine
3108909,0.1787,9.2929,0.1014,1.6526,1.2989,0.5608,8.5781,0.1011,5.0624,0.0,0.1044,36.2186,3108909,14491.0,2025,367.688,39.411131,310052,Itajubá,3109,Pouso Alegre,-22.4906405,-45.62356774,BAIXO,BAIXO,63.1499,11,swine
3132404,0.1433,7.4516,0.0088,0.1284,1.3888,1.9778,6.8784,0.676,33.8362,0.0,0.3466,29.0423,3132404,96855.0,2025,294.835,328.505774,310052,Itajubá,3109,Pouso Alegre,-22.4394165,-45.44022794,BAIXO,BAIXO,81.8782,11,rsu_organic
3171709,0.1587,8.2523,0.0256,0.2094,2.9894,6.5862,7.6175,0.064,3.2014,0.0,0.1248,32.1629,3171709,9164.0,2025,326.515,28.066092,310053,São Lourenço,3109,Pouso Alegre,-22.345401,-45.11663268,BAIXO,BAIXO,61.3922,11,swine
3167806,0.0957,4.9756,0.0,1.5075,3.6273,3.806,4.5928,0.04,2.0028,0.737,0.0,19.392,3167806,5733.0,2025,196.866,29.121331,310053,São Lourenço,3109,Pouso Alegre,-22.030165,-45.03148838,BAIXO,BAIXO,40.7767,10,swine
3164902,0.0442,2.2961,0.0,0.0,2.6117,0.6954,2.1195,0.0166,0.8332,0.0,0.0,8.9489,3164902,2385.0,2025,90.848,26.252642,310053,São Lourenço,3109,Pouso Alegre,-22.2113384,-45.02510747,BAIXO,BAIXO,17.5656,8,swine
3163706,0.0282,1.4664,0.0,0.2094,0.1313,0.6909,1.3536,0.3271,16.3733,0.0,0.0,5.7151,3163706,46868.0,2025,58.019,807.80434,310053,São Lourenço,3109,Pouso Alegre,-22.11464545,-45.04227392,BAIXO,BAIXO,26.2953,9,rsu_organic
3152600,0.1278,6.6479,0.0,0.5025,2.28,3.3724,6.1365,0.0473,2.3682,0.0,0.0,25.9098,3152600,6779.0,2025,263.034,25.772334,310053,São Lourenço,3109,Pouso Alegre,-22.17718835,-44.93916478,BAIXO,BAIXO,47.3924,9,swine
3147600,0.1347,7.0065,0.003,0.0,0.2119,13.7242,6.4675,0.1106,5.5361,0.0,0.0,27.3073,3147600,15847.0,2025,277.221,57.163779,310053,São Lourenço,3109,Pouso Alegre,-22.4030015,-44.93923631,BAIXO,BAIXO,60.5018,9,swine
3145505,0.0266,1.3808,0.0,2.3952,0.5527,1.174,1.2746,0.0183,0.9146,0.0,0.0,5.3815,3145505,2618.0,2025,54.633,47.919755,310053,São Lourenço,3109,Pouso Alegre,-22.085077,-45.29060106,BAIXO,BAIXO,13.1183,9,swine
3122801,0.0554,2.8792,0.0,1.1976,0.4698,1.6039,2.6578,0.0222,1.1123,0.0,0.0,11.2216,3122801,3184.0,2025,113.921,27.949193,310053,São Lourenço,3109,Pouso Alegre,-22.231605,-45.14032343,BAIXO,BAIXO,21.2198,9,swine
3120508,0.1513,7.8685,0.0,3.5174,1.6121,1.9853,7.2633,0.0743,3.7181,0.0,0.0,30.6671,3120508,10643.0,2025,311.33,34.185591,310053,São Lourenço,3109,Pouso Alegre,-22.2126035,-45.28016903,BAIXO,BAIXO,56.8574,9,swine
3117702,0.1797,9.3433,0.0,15.6776,128.3731,4.9912,8.6246,0.0891,4.4594,42.4602,0.0,36.4149,3117702,12765.0,2025,369.681,34.52977,310053,São Lourenço,3109,Pouso Alegre,-21.8924365,-45.09181881,MÉDIO,MÉDIO,250.6131,10,corn
3114105,0.1566,8.1454,0.0051,14.0278,24.1477,1.7684,7.5188,0.0986,4.9346,10.6527,0.0,31.7462,3114105,14125.0,2025,322.285,43.827668,310053,São Lourenço,3109,Pouso Alegre,-22.088368,-45.17023622,MÉDIO,MÉDIO,103.2019,11,swine
3101300,0.0784,4.0781,0.0,0.0,0.3316,0.6842,3.7644,0.0197,0.9852,0.0,0.0,15.8941,3101300,2820.0,2025,161.356,17.476883,310053,São Lourenço,3109,Pouso Alegre,-22.1830845,-44.64705864,BAIXO,BAIXO,25.8357,8,swine
3137809,0.1036,5.3861,0.0,18.7261,3.0401,2.8788,4.9718,0.1466,7.3398,0.0,0.0474,20.9921,3137809,21010.0,2025,213.11,98.587584,310053,São Lourenço,3109,Pouso Alegre,-21.9949735,-45.39935006,BAIXO,BAIXO,63.6324,10,swine
3135902,0.0748,3.8884,0.0,5.8037,5.3201,2.4302,3.5893,0.0371,1.8585,0.3127,0.0,15.155,3135902,5320.0,2025,153.852,34.578686,310053,São Lourenço,3109,Pouso Alegre,-22.007635,-45.26621075,BAIXO,BAIXO,38.4698,10,swine
3133105,0.0697,3.6233,0.0045,0.0,0.7255,5.0847,3.3446,0.1099,5.5026,0.0,0.0689,14.1218,3133105,15751.0,2025,143.363,109.867958,310053,São Lourenço,3109,Pouso Alegre,-22.3284015,-44.88740464,BAIXO,BAIXO,32.6555,10,swine
3133006,0.2099,10.9131,0.0,0.0,0.8291,2.2432,10.0736,0.1064,5.3258,0.0,0.0,42.5331,3133006,15245.0,2025,431.792,35.306351,310053,São Lourenço,3109,Pouso Alegre,-22.2894525,-44.75805835,BAIXO,BAIXO,72.2342,8,swine
3167004,0.1036,5.3877,0.0,0.0,2.9364,8.6627,4.9733,0.0142,0.7113,2.7218,0.8989,20.9983,3167004,2036.0,2025,213.173,9.550928,310054,Caxambu - Baependi,3109,Pouso Alegre,-21.8277545,-44.51972644,BAIXO,BAIXO,47.4082,10,swine
3166402,0.0558,2.9007,0.0,0.0,0.5527,7.2158,2.6775,0.013,0.6519,0.0,0.4994,11.3052,3166402,1866.0,2025,114.769,16.258746,310054,Caxambu - Baependi,3109,Pouso Alegre,-21.917336,-44.46973795,BAIXO,BAIXO,25.872,9,swine
3141900,0.1068,5.5546,0.0199,0.0084,83.3711,3.4845,5.1273,0.0266,1.3314,32.6617,0.5573,21.6485,3141900,3811.0,2025,219.774,17.340541,310054,Caxambu - Baependi,3109,Pouso Alegre,-21.674923,-44.62619483,MÉDIO,MÉDIO,153.8981,12,corn
3120805,0.2539,13.2036,0.0152,0.7537,52.7403,55.1279,12.1879,0.1105,5.5305,12.8637,0.3596,51.4602,3120805,15831.0,2025,522.419,30.303262,310054,Caxambu - Baependi,3109,Pouso Alegre,-21.747826,-44.79149471,MÉDIO,MÉDIO,204.607,12,forestry
3115508,0.0488,2.5396,0.0,0.3601,0.1865,1.5703,2.3442,0.1494,7.4803,0.0,0.0,9.8979,3115508,21412.0,2025,100.483,213.090772,310054,Caxambu - Baependi,3109,Pouso Alegre,-21.9925555,-44.94033015,BAIXO,BAIXO,24.5771,9,swine
3114808,0.1372,7.1337,0.0,0.0,2.971,2.9349,6.5849,0.0314,1.5731,0.0,0.0,27.803,3114808,4503.0,2025,282.254,15.953715,310054,Caxambu - Baependi,3109,Pouso Alegre,-22.0281455,-44.50353104,BAIXO,BAIXO,49.1692,8,swine
3104908,0.3648,18.9695,0.0005,3.6375,20.7276,2.0563,17.5103,0.1311,6.5615,3.3415,0.0,73.9323,3104908,18782.0,2025,750.554,25.024182,310054,Caxambu - Baependi,3109,Pouso Alegre,-22.0162435,-44.80956803,MÉDIO,MÉDIO,147.2329,11,swine
3101201,0.3158,16.42,0.0,0.0447,15.2003,15.9136,15.1569,0.0446,2.232,2.0937,1.3184,63.9958,3101201,6389.0,2025,649.68,9.834072,310054,Caxambu - Baependi,3109,Pouso Alegre,-21.9519495,-44.65428563,MÉDIO,MÉDIO,132.7358,11,swine
3171105,0.0,26.0782,0.0,0.0,6.8931,82.7041,24.0722,0.0243,1.215,38.1053,924.8598,101.6383,3171105,3478.0,2025,1031.823,3.370733,310055,Uberaba,3110,Uberaba,-19.6164895,-48.32773679,MUITO ALTO,MUITO ALTO,1205.5903,9,sugarcane
3170107,0.0,114.3383,1.255,2.4147,857.5021,205.2462,105.543,2.49,124.641,925.4154,4795.6377,445.6261,3170107,356781.0,2025,4523.957,78.864808,310055,Uberaba,3110,Uberaba,-19.6043231,-47.88546367,CRÍTICO,CRÍTICO,7580.1095,11,sugarcane
3157708,0.0,18.2929,0.0028,0.5751,62.4523,0.8038,16.8857,0.1174,5.876,146.9777,409.4952,71.2953,3157708,16820.0,2025,723.784,23.238977,310055,Uberaba,3110,Uberaba,-19.379462,-47.51275164,ALTO,ALTO,732.7742,11,sugarcane
3156908,0.0,77.6736,0.1609,11.1385,172.7302,84.7851,71.6987,0.1959,9.8083,552.7368,719.1134,302.728,3156908,28076.0,2025,3073.268,9.135552,310055,Uberaba,3110,Uberaba,-19.8561415,-47.36279277,CRÍTICO,CRÍTICO,2002.7694,11,sugarcane
3145000,0.0,28.0796,0.0,4.0869,231.8731,434.0801,25.9197,0.1062,5.3171,330.6371,505.377,109.4386,3145000,15220.0,2025,1111.011,13.699234,310055,Uberaba,3110,Uberaba,-19.2475365,-47.72157195,MUITO ALTO,MUITO ALTO,1674.9154,10,sugarcane
3121258,0.0,2.5978,0.0,0.0,0.1658,0.0,2.3979,0.0778,3.8928,0.536,184.5725,10.1246,3121258,11143.0,2025,102.784,108.411815,310055,Uberaba,3110,Uberaba,-19.9308585,-47.7971476,MÉDIO,MÉDIO,204.3652,8,sugarcane
3118205,0.0,15.6285,0.0,0.0642,22.1095,0.0,14.4263,0.048,2.4028,128.4694,739.0888,60.911,3118205,6878.0,2025,618.363,11.122916,310055,Uberaba,3110,Uberaba,-19.859446,-47.61779973,ALTO,ALTO,983.1485,9,sugarcane
3117306,0.0,33.8734,0.3978,0.0837,299.3991,1.1964,31.2678,0.2113,10.5776,381.0534,1910.1451,132.0194,3117306,30278.0,2025,1340.25,22.591308,310055,Uberaba,3110,Uberaba,-19.9416375,-48.35845924,CRÍTICO,CRÍTICO,2800.225,11,sugarcane
3111408,0.0,31.9525,0.2084,0.0,146.7286,7.1036,29.4946,0.0623,3.12,293.9555,1662.9498,124.5327,3111408,8931.0,2025,1264.245,7.064295,310055,Uberaba,3110,Uberaba,-19.714363,-48.65154848,CRÍTICO,CRÍTICO,2300.108,10,sugarcane
3100708,0.0,12.439,0.0057,0.0,83.7166,0.0,11.4822,0.0152,0.7584,120.5971,978.7933,48.4802,3100708,2171.0,2025,492.167,4.411104,310055,Uberaba,3110,Uberaba,-19.995994,-48.0624401,MUITO ALTO,MUITO ALTO,1256.2877,9,sugarcane
3168101,0.0,29.8043,0.0,2.2779,42.0771,25.4609,27.5116,0.0294,1.4725,36.3466,0.0,116.1602,3168101,4215.0,2025,1179.248,3.574312,310056,Araxá,3110,Uberaba,-19.913176,-46.84806686,MÉDIO,MÉDIO,281.1405,9,swine
3159704,0.0,7.1862,0.0,16.4146,5.3892,1.5718,6.6335,0.0243,1.2182,0.0,0.0,28.0079,3159704,3487.0,2025,284.334,12.263746,310056,Araxá,3110,Uberaba,-19.556861,-46.03138687,BAIXO,BAIXO,66.4457,8,swine
3153004,0.0,15.7325,0.0,23.7844,49.1245,5.0286,14.5223,0.0258,1.2894,15.0746,0.2297,61.3163,3153004,3691.0,2025,622.478,5.929527,310056,Araxá,3110,Uberaba,-19.762837,-46.38979619,MÉDIO,MÉDIO,186.1281,10,swine
3149804,0.0,61.9493,0.1459,29.1666,512.6634,17.4039,57.184,0.1256,6.2855,487.7484,1528.1161,241.4434,3149804,17992.0,2025,2451.112,7.340342,310056,Araxá,3110,Uberaba,-19.428689,-47.10423539,CRÍTICO,CRÍTICO,2942.2321,11,sugarcane
3149200,0.0,9.0453,0.0,2.5041,78.4886,1.1216,8.3495,0.0237,1.1871,119.7596,29.9631,35.2536,3149200,3398.0,2025,357.891,9.494511,310056,Araxá,3110,Uberaba,-19.18954,-47.52344823,MÉDIO,MÉDIO,285.6962,10,soybean
3129509,0.0,68.3441,0.2129,27.9383,292.6741,11.8518,63.0869,0.1574,7.8792,615.1291,0.0,266.3667,3129509,22554.0,2025,2704.132,8.340569,310056,Araxá,3110,Uberaba,-19.6061075,-46.52649168,MUITO ALTO,MUITO ALTO,1353.6405,10,soybean
3111507,0.0,17.9608,0.0,38.0244,59.4192,11.7771,16.5792,0.0913,4.5681,45.2239,0.0,70.0011,3111507,13076.0,2025,710.645,18.400186,310056,Araxá,3110,Uberaba,-19.610631,-46.19538722,MÉDIO,MÉDIO,263.6451,9,swine
3104007,0.0,29.4204,0.0493,16.9366,76.8995,67.5592,27.1573,0.829,41.4977,135.0018,97.3799,114.6643,3104007,118786.0,2025,1164.062,102.044393,310056,Araxá,3110,Uberaba,-19.634384,-46.97805577,ALTO,ALTO,607.395,11,soybean
3151602,0.0,8.025,1.1366,0.0,68.5394,0.0,7.4077,0.0805,4.029,141.5341,360.8052,31.2769,3151602,11533.0,2025,317.52,36.322121,310057,Frutal,3110,Uberaba,-20.0704205,-48.63316673,ALTO,ALTO,622.8344,9,sugarcane
3150703,0.0,8.5421,0.0,0.0,37.3097,5.4212,7.885,0.0406,2.0311,129.8094,496.7626,33.2922,3150703,5814.0,2025,337.98,17.202201,310057,Frutal,3110,Uberaba,-19.943392,-48.65647876,ALTO,ALTO,721.0939,9,sugarcane
3127107,0.0,61.339,12.1898,0.0,87.8852,4.3519,56.6206,0.4276,21.4063,272.181,2741.1206,239.0648,3127107,61275.0,2025,2426.965,25.247583,310057,Frutal,3110,Uberaba,-20.109095,-49.02228403,CRÍTICO,CRÍTICO,3496.5868,10,sugarcane
3127008,0.0,5.0545,0.0,0.0,4.3873,0.0,4.6657,0.1043,5.2214,2.8642,39.5512,19.6994,3127008,14946.0,2025,199.987,74.734858,310057,Frutal,3110,Uberaba,-20.219155,-49.13332979,BAIXO,BAIXO,81.548,8,sugarcane
3116902,0.0,26.3114,19.9811,0.0,8.2911,2.0563,24.2874,0.0196,0.9796,12.2412,380.431,102.5469,3116902,2804.0,2025,1041.047,2.693442,310057,Frutal,3110,Uberaba,-19.6715285,-49.07168167,ALTO,ALTO,577.1456,10,sugarcane
3133402,0.0,45.5547,0.2188,0.0,2.3215,0.9945,42.0505,0.0978,4.8958,18.0896,779.0396,177.5466,3133402,14014.0,2025,1802.438,7.775025,310057,Frutal,3110,Uberaba,-19.7559355,-49.4291261,MUITO ALTO,MUITO ALTO,1070.8094,10,sugarcane
3170438,0.0,28.9995,0.0,0.0,10.1335,0.2243,26.7688,0.0266,1.3338,9.2123,421.2307,113.0237,3170438,3818.0,2025,1147.407,3.327503,310058,Iturama,3110,Uberaba,-19.4077395,-50.34402397,ALTO,ALTO,610.9532,9,sugarcane
3161304,0.0,28.5309,0.3031,0.0,11.7457,0.0,26.3362,0.0409,2.0465,18.0896,587.276,111.1972,3161304,5858.0,2025,1128.864,5.189288,310058,Iturama,3110,Uberaba,-19.774769,-49.88032125,ALTO,ALTO,785.5661,9,sugarcane
3114550,0.0,52.1518,0.0199,0.0,4.111,0.9347,48.1402,0.0672,3.3653,0.0,881.738,203.2584,3114550,9633.0,2025,2063.462,4.668368,310058,Iturama,3110,Uberaba,-19.77604,-50.80409827,MUITO ALTO,MUITO ALTO,1193.7865,9,sugarcane
3138625,0.0,33.2897,0.0,0.0,9.1202,1.0468,30.7289,0.0641,3.2109,15.0746,1310.8839,129.7443,3138625,9191.0,2025,1317.153,6.977929,310058,Iturama,3110,Uberaba,-19.41977435,-50.69212543,MUITO ALTO,MUITO ALTO,1533.1634,9,sugarcane
3134400,0.0,35.5014,0.0,0.0,1.9346,0.5608,32.7705,0.281,14.0644,41.3715,1263.6921,138.3644,3134400,40259.0,2025,1404.663,28.660967,310058,Iturama,3110,Uberaba,-19.713705,-50.37215124,MUITO ALTO,MUITO ALTO,1528.5407,9,sugarcane
3170206,0.0,117.0084,11.2711,2.2109,465.4965,175.2621,144.0104,5.3168,266.1461,703.4832,503.6041,912.0659,3170206,761835.0,2025,4115.206,185.12682,310059,Uberlândia,3111,Uberlândia,-19.0047845,-48.3163032,CRÍTICO,CRÍTICO,3305.8755,11,swine
3169604,0.0,51.8203,0.0,1.3176,138.9672,0.0,63.7789,0.1855,9.2867,527.6124,638.2132,403.933,3169604,26583.0,2025,1822.53,14.585768,310059,Uberlândia,3111,Uberlândia,-18.572562,-48.72612953,MUITO ALTO,MUITO ALTO,1835.1148,9,sugarcane
3152808,0.0,137.8312,21.9739,0.0084,20.1265,336.5518,169.6383,0.2076,10.3914,363.4998,427.3232,1074.3762,3152808,29745.0,2025,4847.544,6.136097,310059,Uberlândia,3111,Uberlândia,-19.275347,-48.96054736,CRÍTICO,CRÍTICO,2561.9283,11,swine
3142809,0.0,73.8113,3.5045,0.7705,74.5504,20.0771,90.8447,0.1445,7.2343,422.0899,253.6872,575.35,3142809,20708.0,2025,2595.957,7.97702,310059,Uberlândia,3111,Uberlândia,-18.8137015,-48.8408399,MUITO ALTO,MUITO ALTO,1522.0644,11,swine
3115805,0.0,9.1664,0.0,0.0,51.4045,5.3838,11.2818,0.0729,3.6496,129.36,184.2713,71.4512,3115805,10447.0,2025,322.385,32.405354,310059,Uberlândia,3111,Uberlândia,-18.65489715,-49.15765641,MÉDIO,MÉDIO,466.0415,9,sugarcane
3115003,0.0,10.4437,0.0,3.2829,6.163,2.4302,12.8538,0.0192,0.9611,17.9639,0.1538,81.4076,3115003,2751.0,2025,367.308,7.489627,310059,Uberlândia,3111,Uberlândia,-18.5654,-47.86938708,MÉDIO,MÉDIO,135.6792,10,swine
3111804,0.0,23.9862,0.1432,0.0,58.9632,5.982,29.5215,0.0748,3.7436,222.2114,878.9164,186.9695,3111804,10716.0,2025,843.599,12.702718,310059,Uberlândia,3111,Uberlândia,-18.757452,-49.2448415,MUITO ALTO,MUITO ALTO,1410.5118,10,sugarcane
3111101,0.0,103.8025,2.0364,0.0,19.8985,13.3137,127.7569,0.1269,6.354,54.0007,142.0249,809.1268,3111101,18188.0,2025,3650.749,4.981991,310059,Uberlândia,3111,Uberlândia,-19.4847135,-49.7686528,MUITO ALTO,MUITO ALTO,1278.4413,10,swine
3103751,0.0,8.3694,0.0,0.0,6.1354,0.0,10.3008,0.0633,3.1682,53.7243,415.1017,65.2386,3103751,9069.0,2025,294.354,30.809841,310059,Uberlândia,3111,Uberlândia,-18.47685475,-49.13558367,ALTO,ALTO,562.1017,8,sugarcane
3103504,0.0,77.6163,0.0188,121.0577,480.0519,216.8236,95.5277,0.8614,43.1208,392.7781,0.5843,605.0089,3103504,123432.0,2025,2729.777,45.21688,310059,Uberlândia,3111,Uberlândia,-18.607283,-48.23081408,CRÍTICO,CRÍTICO,2033.4495,11,swine
3130705,0.0,23.6004,0.0,34.1441,159.1882,254.4444,29.0467,0.044,2.2047,219.1071,0.2916,183.9621,3130705,6311.0,2025,830.03,7.60334,310059,Uberlândia,3111,Uberlândia,-18.966849,-47.85010181,ALTO,ALTO,906.0333,10,forestry
3159803,0.0,85.2531,0.0,0.0,9.9401,0.0,104.9268,0.1529,7.6556,69.2568,1136.0994,664.5367,3159803,21914.0,2025,2998.364,7.308652,310060,Ituiutaba,3111,Uberlândia,-18.9781055,-50.23614052,CRÍTICO,CRÍTICO,2077.8214,8,sugarcane
3129103,0.0,52.5769,0.9792,0.0,4.4334,1.0169,64.71,0.036,1.8005,40.333,374.5383,409.83,3129103,5154.0,2025,1849.137,2.787246,310060,Ituiutaba,3111,Uberlândia,-19.0582475,-49.83947982,ALTO,ALTO,950.2542,10,swine
3112604,0.0,17.6489,0.0,0.0,142.3528,0.1495,21.7218,0.1038,5.1955,369.9903,503.3794,137.5712,3112604,14872.0,2025,620.716,23.959427,310060,Ituiutaba,3111,Uberlândia,-18.67513,-49.60136963,MUITO ALTO,MUITO ALTO,1198.1132,9,sugarcane
3109808,0.0,5.7739,0.0,0.0,62.6435,0.0,7.1064,0.0163,0.8164,91.5645,0.0,45.007,3109808,2337.0,2025,203.07,11.508347,310060,Ituiutaba,3111,Uberlândia,-18.595478,-49.48915407,MÉDIO,MÉDIO,212.928,7,soybean
3134202,0.0,73.8707,1.5974,0.0056,74.6195,3.6116,90.9178,0.7452,37.3017,332.3121,1438.2269,575.813,3134202,106775.0,2025,2598.046,41.098195,310060,Ituiutaba,3111,Uberlândia,-18.9854135,-49.48510285,CRÍTICO,CRÍTICO,2629.0215,11,sugarcane
3131406,0.0,13.2504,0.0,0.0,36.1213,0.0,16.3082,0.0266,1.33,122.247,297.1337,103.2855,3131406,3807.0,2025,466.02,8.169177,310060,Ituiutaba,3111,Uberlândia,-18.7069525,-49.93955257,ALTO,ALTO,589.7027,8,sugarcane
3156403,0.0,11.5881,0.0,33.9179,118.1475,471.7929,14.2623,0.0239,1.1983,105.6341,0.0,90.3281,3156403,3430.0,2025,407.557,8.416001,310061,Monte Carmelo,3111,Uberlândia,-18.9068385,-47.55502159,ALTO,ALTO,846.8931,9,forestry
3143104,0.0,38.1868,0.0,121.9929,226.6221,17.8637,46.9991,0.3455,17.2928,150.0764,0.3146,297.661,3143104,49500.0,2025,1343.035,36.856821,310061,Monte Carmelo,3111,Uberlândia,-18.7152615,-47.43821657,ALTO,ALTO,917.3549,10,swine
3127909,0.0,5.4916,0.0,0.0,5.7346,0.9347,6.7589,0.01,0.4989,15.5771,0.0,42.8064,3127909,1428.0,2025,193.141,7.393562,310061,Monte Carmelo,3111,Uberlândia,-18.4883215,-47.77404958,BAIXO,BAIXO,77.8122,8,swine
3124807,0.0,23.385,0.0028,17.0958,55.55,1439.2094,28.7815,0.0481,2.4095,84.9205,0.0,182.283,3124807,6897.0,2025,822.454,8.385879,310061,Monte Carmelo,3111,Uberlândia,-18.736006,-47.74189142,MUITO ALTO,MUITO ALTO,1833.6856,10,forestry
3123502,0.0,8.8961,0.0,0.0,2.9594,6.3559,10.9491,0.013,0.6529,10.0498,0.5713,69.3441,3123502,1869.0,2025,312.878,5.973574,310061,Monte Carmelo,3111,Uberlândia,-18.4433665,-47.60523835,MÉDIO,MÉDIO,109.7916,9,swine
3100104,0.0,25.0343,0.0,0.9687,29.8754,1.2749,30.8115,0.0443,2.2166,43.549,0.2087,195.1393,3100104,6345.0,2025,880.461,7.206452,310061,Monte Carmelo,3111,Uberlândia,-18.3733795,-47.48866985,MÉDIO,MÉDIO,329.1227,10,swine
3131604,0.0,10.1297,0.0,7.0739,84.2924,1.1216,12.4674,0.0521,2.6086,43.616,0.0,78.9599,3131604,7467.0,2025,356.264,20.959176,310061,Monte Carmelo,3111,Uberlândia,-19.048518,-47.48097697,MÉDIO,MÉDIO,240.3216,9,corn
3171006,0.93,54.404,0.0,0.0,148.7783,60.4556,66.9587,0.1428,7.1473,133.9131,0.0874,424.0719,3171006,20459.0,2025,1913.396,10.692507,310062,Patos de Minas,3112,Patos de Minas,-17.862405,-46.83730268,ALTO,ALTO,896.8891,10,swine
3170750,0.3167,18.5244,0.0,14.9406,130.9295,4.66,22.7992,0.051,2.552,50.2488,46.6924,144.3951,3170750,7305.0,2025,651.505,11.2125,310062,Patos de Minas,3112,Patos de Minas,-18.461054,-45.94673397,MÉDIO,MÉDIO,436.1097,11,swine
3168903,1.0167,59.4758,0.0,13.6984,39.1061,66.7666,73.201,0.0574,2.8755,11.239,0.2547,463.6064,3168903,8231.0,2025,2091.774,3.934938,310062,Patos de Minas,3112,Patos de Minas,-18.837025,-45.81269443,ALTO,ALTO,731.2976,11,swine
3162104,0.421,24.6256,0.0,8.4502,70.4279,4.8492,30.3085,0.306,15.3193,16.0796,5.8678,191.9535,3162104,43851.0,2025,866.087,50.631172,310062,Patos de Minas,3112,Patos de Minas,-19.36636905,-45.99866773,MÉDIO,MÉDIO,368.6086,11,swine
3161700,1.3087,76.5577,0.0,1.8983,49.7463,74.4011,94.2248,0.0524,2.6254,20.4066,11.6856,596.7571,3161700,7515.0,2025,2692.545,2.79104,310062,Patos de Minas,3112,Patos de Minas,-18.1773205,-45.50562511,ALTO,ALTO,929.664,11,swine
3155504,0.6573,38.4517,0.0011,68.6901,197.0507,5.7756,47.3252,0.1068,5.344,138.8123,0.3655,299.7262,3155504,15297.0,2025,1352.353,11.311396,310062,Patos de Minas,3112,Patos de Minas,-19.247187,-46.31843144,ALTO,ALTO,802.3065,12,swine
3153400,1.703,99.6256,0.0049,32.3211,272.9138,35.0882,122.6161,0.1339,6.7047,190.9454,91.8867,776.5687,3153400,19192.0,2025,3503.848,5.477407,310062,Patos de Minas,3112,Patos de Minas,-18.1619615,-46.29550049,MUITO ALTO,MUITO ALTO,1630.5121,12,swine
3148004,1.5507,90.7149,0.0045,45.6538,274.0653,35.462,111.6491,1.1807,59.1004,293.9555,5.0937,707.1107,3148004,169173.0,2025,3190.456,53.024709,310062,Patos de Minas,3112,Patos de Minas,-18.6351575,-46.10554704,MUITO ALTO,MUITO ALTO,1625.5413,12,swine
3147006,4.0006,234.0344,0.0057,10.3513,832.1453,63.7831,288.0424,0.691,34.5873,1294.1858,1038.7194,1824.2685,3147006,99005.0,2025,8231.029,12.028265,310062,Patos de Minas,3112,Patos de Minas,-17.1087465,-46.77444089,CRÍTICO,CRÍTICO,5624.8148,12,swine
3141207,0.1268,7.4198,0.0,1.0357,0.4146,0.5982,9.1321,0.0273,1.3667,0.0,0.4584,57.8367,3141207,3912.0,2025,260.957,14.990976,310062,Patos de Minas,3112,Patos de Minas,-19.184299,-46.05113259,BAIXO,BAIXO,78.4163,10,swine
3128600,1.0055,58.8228,0.0,1.7782,168.5847,3.3462,72.3973,0.0467,2.3361,882.7039,0.2497,458.5163,3128600,6687.0,2025,2068.808,3.232296,310062,Patos de Minas,3112,Patos de Minas,-17.75325185,-47.1349057,MUITO ALTO,MUITO ALTO,1649.7874,11,soybean
3114303,0.6357,37.1867,0.0,77.4613,62.1829,2.991,45.7682,0.2086,10.4403,21.7745,0.0,289.8655,3114303,29885.0,2025,1307.862,22.85027,310062,Patos de Minas,3112,Patos de Minas,-18.8773645,-46.12574723,ALTO,ALTO,548.5147,10,swine
3108552,1.2198,71.3586,0.0,0.0,114.1401,53.5658,87.826,0.1081,5.4097,66.4624,38.2029,556.2313,3108552,15485.0,2025,2509.694,6.170075,310062,Patos de Minas,3112,Patos de Minas,-16.943919,-45.86367988,ALTO,ALTO,994.5247,10,swine
3103801,0.0845,4.9444,0.0,1.8843,2.4873,0.1495,6.0854,0.0186,0.9321,0.0,0.0,38.5407,3103801,2668.0,2025,173.894,15.34268,310062,Patos de Minas,3112,Patos de Minas,-19.025411,-46.10127275,BAIXO,BAIXO,55.1268,9,swine
3137536,0.6009,35.152,0.0,0.938,54.3064,17.3867,43.264,0.0645,3.2262,20.0995,0.2097,274.0052,3137536,9235.0,2025,1236.301,7.469864,310062,Patos de Minas,3112,Patos de Minas,-17.7501495,-46.45725828,MÉDIO,MÉDIO,449.2531,11,swine
3137502,0.4087,23.91,0.0683,5.1924,162.8501,1.6301,29.4277,0.1369,6.8521,103.8475,0.1099,186.3757,3137502,19614.0,2025,840.92,23.324454,310062,Patos de Minas,3112,Patos de Minas,-18.760704,-46.31264063,ALTO,ALTO,520.8094,12,swine
3137106,0.7167,41.9265,0.0,2.4036,67.3648,0.916,51.6019,0.0462,2.3134,35.1742,0.0,326.8117,3137106,6622.0,2025,1474.562,4.490825,310062,Patos de Minas,3112,Patos de Minas,-18.0281355,-46.71763894,ALTO,ALTO,529.275,10,swine
3136306,5.2138,305.0056,0.071,27.6368,52.1645,677.5879,375.3915,0.3401,17.022,64.2347,2070.9469,2377.4798,3136306,48725.0,2025,10727.097,4.542235,310062,Patos de Minas,3112,Patos de Minas,-17.6452095,-45.89313337,CRÍTICO,CRÍTICO,5973.0946,12,swine
3170529,1.0095,59.0541,0.0,3.241,5.7577,12.376,72.682,0.1292,6.4682,23.8682,1.7978,460.3191,3170529,18515.0,2025,2076.942,8.914548,310063,Unaí,3112,Patos de Minas,-16.0219665,-45.60831897,ALTO,ALTO,646.7028,11,swine
3170479,0.2908,17.0093,0.0,0.0,20.7276,1.8873,20.9346,0.0235,1.1756,33.4657,1.5731,132.5856,3170479,3365.0,2025,598.221,5.625011,310063,Unaí,3112,Patos de Minas,-16.0981655,-46.31195685,MÉDIO,MÉDIO,229.6731,10,swine
3170404,4.1048,240.1306,0.017,26.6067,629.5442,35.219,295.5454,0.6373,31.9025,1952.1659,941.8389,1871.7873,3170404,91320.0,2025,8445.432,10.812946,310063,Unaí,3112,Patos de Minas,-16.3863487,-46.98678413,CRÍTICO,CRÍTICO,6029.4996,12,soybean
3154457,0.8356,48.8842,1.4918,0.0,55.2737,12.4239,60.1652,0.0477,2.3861,48.7413,0.9988,381.0463,3154457,6830.0,2025,1719.266,3.972626,310063,Unaí,3112,Patos de Minas,-16.2728015,-45.96125157,ALTO,ALTO,612.2946,11,swine
3144375,0.2278,13.3255,0.0,0.0,13.3578,0.9309,16.4006,0.0254,1.2723,8.3748,0.0749,103.8706,3144375,3642.0,2025,468.66,7.771092,310063,Unaí,3112,Patos de Minas,-16.538829,-46.47461641,MÉDIO,MÉDIO,157.8606,10,swine
3126208,1.7915,104.8049,3.6655,9.6254,276.3684,4.1313,128.9906,0.0565,2.828,381.0534,0.4395,816.9405,3126208,8095.0,2025,3686.004,2.196145,310063,Unaí,3112,Patos de Minas,-15.072364,-46.23337517,MUITO ALTO,MUITO ALTO,1730.6955,12,swine
3122470,0.3973,23.2408,0.0,0.0,12.3813,0.0,28.6041,0.0263,1.3146,16.61,1.1686,181.1591,3122470,3763.0,2025,817.383,4.603717,310063,Unaí,3112,Patos de Minas,-16.74275,-46.29209112,MÉDIO,MÉDIO,264.9021,9,swine
3109451,0.5021,29.3731,0.0,0.0,335.0967,1.8694,36.1514,0.0475,2.3794,272.181,0.0,228.9592,3109451,6811.0,2025,1033.055,6.593066,310063,Unaí,3112,Patos de Minas,-16.06895745,-47.1143244,ALTO,ALTO,906.5598,9,corn
3109303,2.5396,148.5687,0.4873,7.7802,386.4551,7.5074,182.8538,0.1729,8.6565,1012.5133,2.6218,1158.0742,3109303,24779.0,2025,5225.186,4.742224,310063,Unaí,3112,Patos de Minas,-15.43986285,-46.61184709,CRÍTICO,CRÍTICO,2918.2308,12,swine
3108206,0.8994,52.6153,0.0947,6.3648,422.2218,13.4109,64.7572,0.0391,1.9564,257.5251,0.7146,410.1292,3108206,5600.0,2025,1850.487,3.02623,310063,Unaí,3112,Patos de Minas,-16.5222885,-46.15413431,MUITO ALTO,MUITO ALTO,1230.7285,12,corn
3104502,2.566,150.1107,0.0,0.0,114.002,24.7505,184.7517,0.1227,6.1436,108.8724,8.5694,1170.094,3104502,17586.0,2025,5279.419,3.331048,310063,Unaí,3112,Patos de Minas,-15.804206,-45.97614634,MUITO ALTO,MUITO ALTO,1769.983,10,swine
3166808,0.6296,36.8287,0.1894,68.6147,168.8611,7.6981,45.3277,0.0857,4.2921,150.5789,0.0,287.0751,3166808,12286.0,2025,1295.272,9.485266,310064,Patrocínio,3112,Patos de Minas,-19.1267335,-46.63084695,ALTO,ALTO,770.1811,11,swine
3148103,1.397,81.7268,0.179,293.4223,203.8217,11.7509,100.5868,0.6585,32.9635,424.6024,0.1598,637.0498,3148103,94357.0,2025,2874.344,32.827316,310064,Patrocínio,3112,Patos de Minas,-18.985303,-47.05053741,MUITO ALTO,MUITO ALTO,1788.3185,12,swine
3128907,0.1783,10.4302,0.0205,20.4122,76.3237,2.4302,12.8372,0.062,3.1022,54.4362,0.0629,81.3023,3128907,8880.0,2025,366.833,24.207201,310064,Patrocínio,3112,Patos de Minas,-18.7967095,-46.77397376,MÉDIO,MÉDIO,261.5979,12,swine
3120706,0.0911,5.3297,0.0,4.4386,13.4039,1.15,6.5596,0.0252,1.2632,41.539,0.0,41.5442,3120706,3616.0,2025,187.446,19.290889,310064,Patrocínio,3112,Patos de Minas,-18.961452,-46.69548856,MÉDIO,MÉDIO,115.3445,10,swine
3119302,1.6104,94.2081,0.0013,48.2947,338.8277,12.951,115.9484,0.2102,10.5203,764.3401,0.2247,734.3398,3119302,30114.0,2025,3313.313,9.088788,310064,Patrocínio,3112,Patos de Minas,-18.34320549,-47.16408611,CRÍTICO,CRÍTICO,2121.4767,12,soybean
3164605,0.0,12.0331,0.0,0.0,3.4546,27.8537,19.0413,0.0665,3.3282,0.0,0.3496,175.8677,3164605,9527.0,2025,408.09,23.34534,310065,Divinópolis,3113,Divinópolis,-20.2534655,-45.01740488,MÉDIO,MÉDIO,241.9947,8,swine
3161809,0.0,7.8354,0.0009,0.0,1.6582,7.8574,12.3989,0.0857,4.2883,0.0,0.0,114.5172,3161809,12275.0,2025,265.73,46.193505,310065,Divinópolis,3113,Divinópolis,-19.97263,-44.83026413,MÉDIO,MÉDIO,148.642,8,swine
3160405,0.0,33.1951,0.0014,0.0921,7.2547,47.7812,52.5284,0.1986,9.9411,0.0,4.9314,485.1585,3160405,28456.0,2025,1125.78,25.276697,310065,Divinópolis,3113,Divinópolis,-20.093806,-45.24612825,ALTO,ALTO,641.0825,10,swine
3151404,0.0,16.7964,0.0,0.0,27.5125,16.3406,26.579,0.1943,9.7238,0.5527,5.2635,245.4865,3151404,27834.0,2025,569.636,48.862783,310065,Divinópolis,3113,Divinópolis,-19.5887975,-44.87563465,MÉDIO,MÉDIO,348.4493,9,swine
3149705,0.0,7.3516,0.0,0.0,0.3915,7.0027,11.6333,0.0916,4.5828,0.0,0.3865,107.4461,3149705,13118.0,2025,249.322,52.614691,310065,Divinópolis,3113,Divinópolis,-19.9214955,-45.05367704,MÉDIO,MÉDIO,138.8861,8,swine
3148905,0.0,10.2589,0.0,0.0,3.0193,21.2137,16.2338,0.0296,1.4837,0.0,0.0,149.9373,3148905,4247.0,2025,347.92,12.206829,310065,Divinópolis,3113,Divinópolis,-20.28881,-45.22977407,MÉDIO,MÉDIO,202.1763,7,swine
3145208,0.0,8.329,0.0,0.0,0.2879,0.5197,13.18,0.8011,40.1021,0.0,0.1348,121.7322,3145208,114791.0,2025,282.472,406.380101,310065,Divinópolis,3113,Divinópolis,-19.8590605,-44.98109903,MÉDIO,MÉDIO,185.0868,8,swine
3122306,0.0,20.8797,0.0085,0.0,3.6273,22.4325,33.0404,1.7,85.0954,0.0,0.5244,305.1645,3122306,243583.0,2025,708.115,343.987912,310065,Divinópolis,3113,Divinópolis,-20.1137535,-44.96376841,MÉDIO,MÉDIO,472.4727,9,swine
3117603,0.0,7.3806,0.0,0.0,1.824,2.6171,11.6792,0.039,1.9508,0.0,0.9189,107.8702,3117603,5584.0,2025,250.306,22.308694,310065,Divinópolis,3113,Divinópolis,-19.790728,-44.83233914,MÉDIO,MÉDIO,134.2798,8,swine
3116605,0.0,18.5972,0.0227,2.049,12.7337,24.5636,29.4285,0.2229,11.1568,13.9245,1.9975,271.8048,3116605,31936.0,2025,630.706,50.63532,310065,Divinópolis,3113,Divinópolis,-20.4024855,-44.76072069,MÉDIO,MÉDIO,386.5012,11,swine
3114204,0.0,13.4401,0.0011,0.0,4.5601,16.114,21.2678,0.1716,8.5873,0.0,0.6742,196.4315,3114204,24581.0,2025,455.807,53.928527,310065,Divinópolis,3113,Divinópolis,-20.19519855,-44.69870296,MÉDIO,MÉDIO,261.2477,9,swine
3114006,0.0,10.5318,0.0,2.8474,8.982,5.4324,16.6658,0.0788,3.9445,2.7218,4.4945,153.927,3114006,11291.0,2025,357.178,31.611689,310065,Divinópolis,3113,Divinópolis,-20.561025,-44.88860898,MÉDIO,MÉDIO,209.626,10,swine
3110400,0.0,6.5755,0.0,12.0541,5.0437,5.4623,10.4051,0.0199,0.996,0.7537,0.0899,96.103,3110400,2851.0,2025,223.001,12.784696,310065,Divinópolis,3113,Divinópolis,-20.652196,-45.15401864,MÉDIO,MÉDIO,137.5032,10,swine
3103900,0.0,7.2395,0.0,0.0,0.5689,8.1318,11.456,0.0672,3.3656,1.005,0.4494,105.8085,3103900,9634.0,2025,245.522,39.238846,310065,Divinópolis,3113,Divinópolis,-19.8850945,-45.18869354,MÉDIO,MÉDIO,138.0919,9,swine
3138302,0.0,10.3793,0.0,0.0,0.7738,1.5576,16.4244,0.0228,1.1431,0.2931,0.0749,151.6977,3138302,3272.0,2025,352.005,9.295323,310065,Divinópolis,3113,Divinópolis,-19.6677615,-45.03634351,MÉDIO,MÉDIO,182.3667,9,swine
3137205,0.0,12.9735,0.0,0.0,1.1607,4.4155,20.5295,0.3764,18.8393,6.1304,359.5567,189.6125,3137205,53927.0,2025,439.984,122.565821,310065,Divinópolis,3113,Divinópolis,-19.998961,-45.51292108,ALTO,ALTO,613.5945,9,sugarcane
3135308,0.0,5.0758,0.0,0.0,5.8037,1.0955,8.032,0.0328,1.644,4.8993,178.9793,74.1847,3135308,4706.0,2025,172.141,27.338054,310065,Divinópolis,3113,Divinópolis,-20.133871,-45.5338849,MÉDIO,MÉDIO,279.7471,9,sugarcane
3133808,0.0,14.5827,0.0009,0.0,3.8001,3.8883,23.0759,0.7207,36.0779,0.0,0.2097,213.1318,3133808,103272.0,2025,494.559,208.816339,310065,Divinópolis,3113,Divinópolis,-20.08004365,-44.6014905,MÉDIO,MÉDIO,295.488,9,swine
3133709,0.0,8.6743,0.0014,0.0,1.5753,4.1934,13.7264,0.0962,4.8137,0.0,0.5933,126.7783,3133709,13779.0,2025,294.181,46.838511,310065,Divinópolis,3113,Divinópolis,-20.20608,-44.45393393,MÉDIO,MÉDIO,160.4523,9,swine
3133501,0.0,30.681,0.0796,0.9966,9.8664,75.7097,48.5502,0.1497,7.4956,19.5412,2.2472,448.415,3133501,21456.0,2025,1040.519,20.620479,310065,Divinópolis,3113,Divinópolis,-20.454999,-45.10294521,ALTO,ALTO,643.7322,11,swine
3168200,0.0,12.028,0.0031,7.0153,3.8001,5.9798,19.0334,0.0119,0.5932,5.8037,0.0,175.7944,3168200,1698.0,2025,407.92,4.162581,310066,Formiga,3113,Divinópolis,-19.874022,-46.16441381,MÉDIO,MÉDIO,230.0629,10,swine
3150505,0.0,12.2359,0.0,9.028,84.2924,4.0453,19.3623,0.0615,3.0802,64.3185,1.2385,178.8322,3150505,8817.0,2025,414.969,21.24737,310066,Formiga,3113,Divinópolis,-20.514072,-45.80149116,MÉDIO,MÉDIO,376.4948,10,swine
3146503,0.0,12.4391,0.0,0.0,16.5821,6.3559,19.6839,0.0583,2.9181,42.3877,0.3096,181.8028,3146503,8353.0,2025,421.862,19.800314,310066,Formiga,3113,Divinópolis,-20.3979315,-45.68187333,MÉDIO,MÉDIO,282.5375,9,swine
3141306,0.0,27.9069,0.8971,15.8367,81.3905,18.0582,44.1604,0.0284,1.4212,62.3085,19.2263,407.8701,3141306,4068.0,2025,946.437,4.298226,310066,Formiga,3113,Divinópolis,-20.0211885,-46.26476446,ALTO,ALTO,679.1043,11,swine
3130309,0.0,18.5233,0.0,0.0,93.2928,12.7117,29.3116,0.0473,2.3693,109.5033,229.1175,270.7248,3130309,6782.0,2025,628.2,10.795925,310066,Formiga,3113,Divinópolis,-20.134634,-45.75037117,ALTO,ALTO,765.6016,9,swine
3126109,0.0,44.2859,0.4973,15.7167,112.6201,50.847,70.0788,0.4948,24.7678,178.6624,0.9988,647.2552,3126109,70897.0,2025,1501.915,47.204402,310066,Formiga,3113,Divinópolis,-20.5242065,-45.50848589,MUITO ALTO,MUITO ALTO,1146.2248,11,swine
3119955,0.0,2.9814,0.0,0.9324,9.7834,6.7297,4.7178,0.0442,2.2124,6.9176,3.8952,43.5745,3119955,6333.0,2025,101.112,62.633515,310066,Formiga,3113,Divinópolis,-20.449498,-45.53902567,BAIXO,BAIXO,81.7886,10,swine
3119807,0.0,19.385,0.0081,4.1204,2.766,33.5553,30.6752,0.0206,1.0327,5.1924,2.1973,283.3194,3119807,2956.0,2025,657.425,4.49633,310066,Formiga,3113,Divinópolis,-19.760868,-46.00212834,MÉDIO,MÉDIO,382.2724,11,swine
3105103,0.0,42.9267,0.0852,12.7716,117.802,43.1265,67.9279,0.1689,8.4553,91.4528,439.658,627.3899,3105103,24203.0,2025,1455.819,16.625006,310066,Formiga,3113,Divinópolis,-20.1237985,-46.02321242,MUITO ALTO,MUITO ALTO,1451.7648,11,swine
3104205,0.0,15.0343,0.0,0.0,73.2146,9.9077,23.7905,0.3047,15.2501,52.3509,134.8338,219.7314,3104205,43653.0,2025,509.873,85.615438,310066,Formiga,3113,Divinópolis,-20.235067,-45.55102957,ALTO,ALTO,544.418,9,swine
3166600,0.0,9.8973,0.0,0.0,0.2211,0.9347,15.6617,0.006,0.299,0.0,0.0,144.6533,3166600,856.0,2025,335.659,2.550207,310067,Dores do Indaiá,3113,Divinópolis,-19.3765325,-45.76925909,MÉDIO,MÉDIO,171.6731,7,swine
3153707,0.0,16.4072,0.0,1.2562,0.9397,25.2179,25.9631,0.0226,1.1291,5.5832,0.1099,239.7979,3153707,3232.0,2025,556.436,5.808395,310067,Dores do Indaiá,3113,Divinópolis,-19.259562,-45.62878609,MÉDIO,MÉDIO,316.4268,10,swine
3152006,0.0,75.2217,0.0,0.0,62.1829,140.7266,119.0321,0.2264,11.3332,10.4685,786.5303,1099.3936,3152006,32441.0,2025,2551.074,12.716605,310067,Dores do Indaiá,3113,Divinópolis,-19.147121,-44.8885961,CRÍTICO,CRÍTICO,2305.1153,9,swine
3142403,0.0,5.977,0.0,0.0,1.8378,2.3666,9.4581,0.0545,2.7291,1.7866,39.711,87.3564,3142403,7812.0,2025,202.705,38.538763,310067,Dores do Indaiá,3113,Divinópolis,-19.8447985,-45.43437279,MÉDIO,MÉDIO,151.2771,9,swine
3140506,0.0,31.2088,0.0,0.0,9.286,62.0819,49.3854,0.1015,5.0816,32.6617,0.0,456.1287,3140506,14546.0,2025,1058.418,13.743153,310067,Dores do Indaiá,3113,Divinópolis,-19.3880605,-45.20017915,ALTO,ALTO,645.9356,8,swine
3124708,0.0,18.7527,0.0,1.005,3.2611,1.0842,29.6746,0.0189,0.9471,50.2488,31.3563,274.0781,3124708,2711.0,2025,635.981,4.262706,310067,Dores do Indaiá,3113,Divinópolis,-19.5737005,-45.82034582,MÉDIO,MÉDIO,410.4268,10,swine
3123205,0.0,32.7652,0.0,0.0,1.6121,11.478,51.8482,0.0888,4.4472,80.3981,0.5993,478.8761,3123205,12730.0,2025,1111.202,11.456063,310067,Dores do Indaiá,3113,Divinópolis,-19.503908,-45.56720561,ALTO,ALTO,662.113,9,swine
3107406,0.0,35.783,0.2557,0.0,36.8491,54.324,56.6236,0.3795,18.9965,115.5722,104.8707,522.9816,3107406,54377.0,2025,1213.546,44.808355,310067,Dores do Indaiá,3113,Divinópolis,-19.7079355,-45.30174825,ALTO,ALTO,946.6359,10,swine
3138807,0.0,34.5479,0.0102,0.5444,59.1613,7.3526,54.6691,0.128,6.4057,48.9926,619.2366,504.9303,3138807,18336.0,2025,1171.659,15.649605,310067,Dores do Indaiá,3113,Divinópolis,-19.863979,-45.68102641,MUITO ALTO,MUITO ALTO,1335.9787,11,sugarcane
3163102,0.0,6.0595,0.0,0.0,0.6218,2.318,9.5886,0.0328,1.6412,0.0,0.0,88.5613,3163102,4698.0,2025,205.501,22.861203,310068,Pará de Minas,3113,Divinópolis,-19.699628,-44.56408934,MÉDIO,MÉDIO,108.8232,7,swine
3149606,0.0,6.0149,0.001,0.0,0.7047,2.6171,9.5181,0.0298,1.49,0.0,0.0999,87.9106,3149606,4265.0,2025,203.991,20.907785,310068,Pará de Minas,3113,Divinópolis,-19.619413,-44.6485254,MÉDIO,MÉDIO,108.3861,9,swine
3147105,0.0,16.25,0.0,0.0,1.2667,9.3282,25.7143,0.7177,35.9284,0.0,0.7341,237.5005,3147105,102844.0,2025,551.105,186.614166,310068,Pará de Minas,3113,Divinópolis,-19.8458395,-44.64243366,MÉDIO,MÉDIO,327.4399,8,swine
3146909,0.0,16.3229,0.0,0.0,13.2657,15.1419,25.8297,0.0991,4.9615,1.7866,1.1486,238.5658,3146909,14202.0,2025,553.577,25.654968,310068,Pará de Minas,3113,Divinópolis,-19.371841,-44.66060226,MÉDIO,MÉDIO,317.1218,9,swine
3145802,0.0,7.2824,0.0,0.0,2.128,37.8197,11.5238,0.0211,1.0564,0.5862,0.0,106.4351,3145802,3024.0,2025,246.976,12.244105,310068,Pará de Minas,3113,Divinópolis,-19.698496,-44.73419787,MÉDIO,MÉDIO,166.8527,8,swine
3139706,0.0,7.7137,0.0008,0.0,1.6582,2.4676,12.2063,0.0526,2.6313,0.0,0.5993,112.7391,3139706,7532.0,2025,261.604,28.791609,310068,Pará de Minas,3113,Divinópolis,-19.514378,-44.67863707,MÉDIO,MÉDIO,140.0689,9,swine
3130200,0.0,6.4381,0.0,0.0,0.5804,11.4406,10.1878,0.0792,3.9634,0.0,0.0,94.0956,3130200,11345.0,2025,218.343,51.959532,310068,Pará de Minas,3113,Divinópolis,-19.9758025,-44.69170264,MÉDIO,MÉDIO,126.7851,7,swine
3161205,0.0,9.3419,0.098,12.4115,14.6475,2.8474,14.7828,0.0438,2.1943,0.9184,0.3775,136.5355,3161205,6281.0,2025,316.822,19.825012,310069,Oliveira,3113,Divinópolis,-20.694529,-44.99644277,MÉDIO,MÉDIO,194.1986,11,swine
3155306,0.0,6.8273,0.0,0.0,0.6149,1.8694,10.8036,0.0401,2.0074,0.0,0.367,99.7829,3155306,5746.0,2025,231.54,24.816446,310069,Oliveira,3113,Divinópolis,-20.255698,-44.32804364,MÉDIO,MÉDIO,122.3126,8,swine
3150604,0.0,8.266,0.0028,0.0167,1.7411,1.9591,13.0803,0.0482,2.4123,0.0,3.3758,120.8113,3150604,6905.0,2025,280.335,24.631245,310069,Oliveira,3113,Divinópolis,-20.5199385,-44.43154867,MÉDIO,MÉDIO,151.7136,10,swine
3150406,0.0,7.6558,0.0455,0.0,0.8798,3.1592,12.1146,0.0363,1.8163,0.0,0.0,111.8918,3150406,5199.0,2025,259.638,20.024033,310069,Oliveira,3113,Divinópolis,-20.4849465,-44.2521609,MÉDIO,MÉDIO,137.5993,8,swine
3147709,0.0,12.6547,0.0009,0.3629,1.4095,5.2716,20.025,0.0608,3.0449,0.0,0.3356,184.9531,3147709,8716.0,2025,429.172,20.308874,310069,Oliveira,3113,Divinópolis,-20.6499655,-44.4848245,MÉDIO,MÉDIO,228.119,10,swine
3145604,0.0,26.4579,0.2841,35.8218,34.6428,21.7969,41.8674,0.2832,14.1752,3.0149,1.0817,386.6918,3145604,40576.0,2025,897.294,45.220407,310069,Oliveira,3113,Divinópolis,-20.753832,-44.70245952,ALTO,ALTO,566.1177,11,swine
3120607,0.0,4.929,0.0,0.0,1.6582,0.5795,7.7998,0.0396,1.9822,0.0,8.9889,72.0399,3120607,5674.0,2025,167.164,33.942715,310069,Oliveira,3113,Divinópolis,-20.409514,-44.35737942,BAIXO,BAIXO,98.0171,8,swine
3114501,0.0,11.7948,0.0123,0.3769,5.0414,5.6081,18.6643,0.1295,6.4843,0.0,1.7978,172.3856,3114501,18561.0,2025,400.01,46.40134,310069,Oliveira,3113,Divinópolis,-20.558306,-44.6695919,MÉDIO,MÉDIO,222.295,10,swine
3108107,0.0,8.8598,0.0474,0.0,0.8291,0.486,14.0199,0.0538,2.6935,0.0,1.6879,129.489,3108107,7710.0,2025,300.471,25.659714,310069,Oliveira,3113,Divinópolis,-20.3207805,-44.2109273,MÉDIO,MÉDIO,158.1664,9,swine
3132206,0.0,12.1032,0.0048,0.0558,2.9848,7.7392,19.1523,0.1006,5.0359,1.6331,17.3786,176.8925,3132206,14415.0,2025,410.468,35.11845,310069,Oliveira,3113,Divinópolis,-20.3712135,-44.53460617,MÉDIO,MÉDIO,243.0808,11,swine
3146404,0.0,18.7919,0.0006,0.0,4.1455,21.0716,29.7366,0.0297,1.4858,0.2764,2.472,274.6504,3146404,4253.0,2025,637.309,6.673372,310070,Abaeté,3113,Divinópolis,-18.90336,-45.56533686,MÉDIO,MÉDIO,352.6605,10,swine
3143500,0.0,61.4575,0.0,0.0,155.0427,127.0053,97.2514,0.0657,3.2888,96.4777,0.1798,898.2251,3143500,9414.0,2025,2084.275,4.516678,310070,Abaeté,3113,Divinópolis,-18.56302,-45.42824454,MUITO ALTO,MUITO ALTO,1438.994,9,swine
3115607,0.0,8.3508,0.0,0.0,0.7255,0.7291,13.2145,0.0076,0.3787,0.0,0.0,122.0507,3115607,1084.0,2025,283.211,3.827535,310070,Abaeté,3113,Divinópolis,-19.1070235,-45.70613615,MÉDIO,MÉDIO,145.4569,7,swine
3107000,0.0,13.5327,0.0011,1.7168,4.3183,9.0216,21.4143,0.0167,0.8374,1.7866,0.8115,197.7851,3107000,2397.0,2025,458.948,5.222814,310070,Abaeté,3113,Divinópolis,-18.765062,-45.53929395,MÉDIO,MÉDIO,251.2421,11,swine
3100203,0.0,53.5785,0.0,0.5527,13.8184,103.1551,84.7836,0.1617,8.0955,4.9998,4.9539,783.0709,3100203,23173.0,2025,1817.067,12.752969,310070,Abaeté,3113,Divinópolis,-19.0972285,-45.37113729,MUITO ALTO,MUITO ALTO,1057.1701,10,swine
