uf,municipality,ibge_code,operator,source_subtype,feedstock,consumption_class,consumer_type,porte,elec_capacity_kw,connection_date,lat,lon,sector,data_confidence,source_name,source_url,dup_group_size
CE,Aquiraz,2301000,J REIS AVICOLA LTDA,Biogás-AGR,agricultural_residues,Rural,PJ,Microgeracao,36.0,,-4.03,-38.45,electricity_gd,primary,ANEEL Geração Distribuída (Dados Abertos),https://dadosabertos.aneel.gov.br/dataset/relacao-de-empreendimentos-de-geracao-distribuida,1
CE,Paracuru,2310209,(redacted),Biogás-AGR,agricultural_residues,Rural,PF,Microgeracao,65.0,,-3.56,-39.1,electricity_gd,primary,ANEEL Geração Distribuída (Dados Abertos),https://dadosabertos.aneel.gov.br/dataset/relacao-de-empreendimentos-de-geracao-distribuida,2
CE,Paracuru,2310209,(redacted),Biogás-AGR,agricultural_residues,Rural,PF,Microgeracao,65.0,,-3.56,-39.1,electricity_gd,primary,ANEEL Geração Distribuída (Dados Abertos),https://dadosabertos.aneel.gov.br/dataset/relacao-de-empreendimentos-de-geracao-distribuida,2
CE,Redenção,2311603,(redacted),Biogás-AGR,agricultural_residues,Rural,PF,Microgeracao,69.0,,-4.24,-38.77,electricity_gd,primary,ANEEL Geração Distribuída (Dados Abertos),https://dadosabertos.aneel.gov.br/dataset/relacao-de-empreendimentos-de-geracao-distribuida,1
ES,Cachoeiro de Itapemirim,3201209,TELEFONICA BRASIL S A,Biogás - RA,animal_manure_agro,Comercial,PJ,Minigeracao,2220.0,,-20.79,-41.17,electricity_gd,primary,ANEEL Geração Distribuída (Dados Abertos),https://dadosabertos.aneel.gov.br/dataset/relacao-de-empreendimentos-de-geracao-distribuida,1
ES,Cachoeiro de Itapemirim,3201209,(redacted),Biogás - RA,animal_manure_agro,Rural,PF,Minigeracao,259.0,,-20.7,-41.2,electricity_gd,primary,ANEEL Geração Distribuída (Dados Abertos),https://dadosabertos.aneel.gov.br/dataset/relacao-de-empreendimentos-de-geracao-distribuida,1
ES,Cachoeiro de Itapemirim,3201209,(redacted),Biogás - RA,animal_manure_agro,Rural,PF,Minigeracao,112.5,,-20.7,-41.18,electricity_gd,primary,ANEEL Geração Distribuída (Dados Abertos),https://dadosabertos.aneel.gov.br/dataset/relacao-de-empreendimentos-de-geracao-distribuida,1
ES,Cachoeiro de Itapemirim,3201209,(redacted),Biogás - RA,animal_manure_agro,Rural,PF,Microgeracao,75.0,,-20.67,-41.24,electricity_gd,primary,ANEEL Geração Distribuída (Dados Abertos),https://dadosabertos.aneel.gov.br/dataset/relacao-de-empreendimentos-de-geracao-distribuida,1
ES,Cariacica,3201308,CONSORCIO CARIACICA I,Biogás - RA,animal_manure_agro,Comercial,PJ,Minigeracao,1000.0,,-20.25,-40.39,electricity_gd,primary,ANEEL Geração Distribuída (Dados Abertos),https://dadosabertos.aneel.gov.br/dataset/relacao-de-empreendimentos-de-geracao-distribuida,2
ES,Cariacica,3201308,CONSORCIO CARIACICA III,Biogás - RA,animal_manure_agro,Comercial,PJ,Minigeracao,1000.0,,-20.25,-40.39,electricity_gd,primary,ANEEL Geração Distribuída (Dados Abertos),https://dadosabertos.aneel.gov.br/dataset/relacao-de-empreendimentos-de-geracao-distribuida,2
ES,Cariacica,3201308,CONSORCIO CARIACICA II,Biogás - RA,animal_manure_agro,Comercial,PJ,Minigeracao,999.0,,-20.25,-40.39,electricity_gd,primary,ANEEL Geração Distribuída (Dados Abertos),https://dadosabertos.aneel.gov.br/dataset/relacao-de-empreendimentos-de-geracao-distribuida,1
ES,Cariacica,3201308,CONSORCIO CARIACICA V,Biogás - RA,animal_manure_agro,Comercial,PJ,Minigeracao,999.0,,-20.24,-40.38,electricity_gd,primary,ANEEL Geração Distribuída (Dados Abertos),https://dadosabertos.aneel.gov.br/dataset/relacao-de-empreendimentos-de-geracao-distribuida,2
ES,Cariacica,3201308,CONSORCIO CARIACICA IV,Biogás - RA,animal_manure_agro,Comercial,PJ,Minigeracao,999.0,,-20.24,-40.38,electricity_gd,primary,ANEEL Geração Distribuída (Dados Abertos),https://dadosabertos.aneel.gov.br/dataset/relacao-de-empreendimentos-de-geracao-distribuida,2
ES,Muqui,3203809,(redacted),Biogás - RA,animal_manure_agro,Rural,PF,Minigeracao,78.0,,-20.93,-41.36,electricity_gd,primary,ANEEL Geração Distribuída (Dados Abertos),https://dadosabertos.aneel.gov.br/dataset/relacao-de-empreendimentos-de-geracao-distribuida,1
ES,Muqui,3203809,(redacted),Biogás - RA,animal_manure_agro,Industrial,PF,Minigeracao,77.6,,-20.07,-41.04,electricity_gd,primary,ANEEL Geração Distribuída (Dados Abertos),https://dadosabertos.aneel.gov.br/dataset/relacao-de-empreendimentos-de-geracao-distribuida,1
ES,Muqui,3203809,(redacted),Biogás - RA,animal_manure_agro,Rural,PF,Microgeracao,75.0,,-20.87,-41.27,electricity_gd,primary,ANEEL Geração Distribuída (Dados Abertos),https://dadosabertos.aneel.gov.br/dataset/relacao-de-empreendimentos-de-geracao-distribuida,1
ES,Muqui,3203809,(redacted),Biogás - RA,animal_manure_agro,Rural,PF,Microgeracao,75.0,,-20.89,-41.29,electricity_gd,primary,ANEEL Geração Distribuída (Dados Abertos),https://dadosabertos.aneel.gov.br/dataset/relacao-de-empreendimentos-de-geracao-distribuida,1
ES,Viana,3205101,(redacted),Biogás - Floresta,forestry_residues,Rural,PF,Minigeracao,150.0,,-20.64,-40.51,electricity_gd,primary,ANEEL Geração Distribuída (Dados Abertos),https://dadosabertos.aneel.gov.br/dataset/relacao-de-empreendimentos-de-geracao-distribuida,1
GO,Cachoeira Alta,5204102,(redacted),Biogás - RA,animal_manure_agro,Residencial,PF,Minigeracao,134.4,,-18.53,-51.0,electricity_gd,primary,ANEEL Geração Distribuída (Dados Abertos),https://dadosabertos.aneel.gov.br/dataset/relacao-de-empreendimentos-de-geracao-distribuida,1
GO,Cachoeira Alta,5204102,(redacted),Biogás - RA,animal_manure_agro,Rural,PF,Microgeracao,2.1,,-18.55,-51.1,electricity_gd,primary,ANEEL Geração Distribuída (Dados Abertos),https://dadosabertos.aneel.gov.br/dataset/relacao-de-empreendimentos-de-geracao-distribuida,1
GO,Cristalina,5206206,AGROPECUÁRIA SORGATTO LTDA,Biogás-AGR,agricultural_residues,Rural,PJ,Minigeracao,3000.0,,-16.39,-47.54,electricity_gd,primary,ANEEL Geração Distribuída (Dados Abertos),https://dadosabertos.aneel.gov.br/dataset/relacao-de-empreendimentos-de-geracao-distribuida,1
GO,Gameleira de Goiás,5208152,Granja Leiteira Sol Dourado LTDA,Biogás - RA,animal_manure_agro,Rural,PJ,Minigeracao,211.0,,-16.41,-48.72,electricity_gd,primary,ANEEL Geração Distribuída (Dados Abertos),https://dadosabertos.aneel.gov.br/dataset/relacao-de-empreendimentos-de-geracao-distribuida,1
GO,Inhumas,5210000,(redacted),Biogás - RU,msw_landfill,Rural,PF,Minigeracao,192.0,,-16.31,-49.51,electricity_gd,primary,ANEEL Geração Distribuída (Dados Abertos),https://dadosabertos.aneel.gov.br/dataset/relacao-de-empreendimentos-de-geracao-distribuida,1
GO,Inhumas,5210000,(redacted),Biogás-AGR,agricultural_residues,Comercial,PF,Minigeracao,135.63,,-16.31,-49.51,electricity_gd,primary,ANEEL Geração Distribuída (Dados Abertos),https://dadosabertos.aneel.gov.br/dataset/relacao-de-empreendimentos-de-geracao-distribuida,1
GO,Inhumas,5210000,(redacted),Biogás - RA,animal_manure_agro,Rural,PF,Microgeracao,62.5,,-16.25,-49.48,electricity_gd,primary,ANEEL Geração Distribuída (Dados Abertos),https://dadosabertos.aneel.gov.br/dataset/relacao-de-empreendimentos-de-geracao-distribuida,1
GO,Morrinhos,5213806,(redacted),Biogás - RU,msw_landfill,Industrial,PF,Microgeracao,52.25,,-17.71,-48.96,electricity_gd,primary,ANEEL Geração Distribuída (Dados Abertos),https://dadosabertos.aneel.gov.br/dataset/relacao-de-empreendimentos-de-geracao-distribuida,1
GO,Orizona,5215306,(redacted),Biogás - RA,animal_manure_agro,Rural,PF,Microgeracao,75.0,,-17.03,-48.34,electricity_gd,primary,ANEEL Geração Distribuída (Dados Abertos),https://dadosabertos.aneel.gov.br/dataset/relacao-de-empreendimentos-de-geracao-distribuida,1
GO,Piracanjuba,5217104,(redacted),Biogás - RA,animal_manure_agro,Rural,PF,Minigeracao,85.32,,-17.18,-48.99,electricity_gd,primary,ANEEL Geração Distribuída (Dados Abertos),https://dadosabertos.aneel.gov.br/dataset/relacao-de-empreendimentos-de-geracao-distribuida,1
GO,Pontalina,5217708,(redacted),Biogás - RA,animal_manure_agro,Rural,PF,Microgeracao,29.6,,-17.58,-49.39,electricity_gd,primary,ANEEL Geração Distribuída (Dados Abertos),https://dadosabertos.aneel.gov.br/dataset/relacao-de-empreendimentos-de-geracao-distribuida,1
GO,Rio Verde,5218805,(redacted),Biogás - RA,animal_manure_agro,Rural,PF,Minigeracao,249.0,,-17.88,-51.18,electricity_gd,primary,ANEEL Geração Distribuída (Dados Abertos),https://dadosabertos.aneel.gov.br/dataset/relacao-de-empreendimentos-de-geracao-distribuida,1
GO,Rio Verde,5218805,(redacted),Biogás - RA,animal_manure_agro,Rural,PF,Minigeracao,211.2,,-18.1,-50.73,electricity_gd,primary,ANEEL Geração Distribuída (Dados Abertos),https://dadosabertos.aneel.gov.br/dataset/relacao-de-empreendimentos-de-geracao-distribuida,1
GO,Rio Verde,5218805,(redacted),Biogás - RA,animal_manure_agro,Rural,PF,Minigeracao,210.0,,-18.1,-50.73,electricity_gd,primary,ANEEL Geração Distribuída (Dados Abertos),https://dadosabertos.aneel.gov.br/dataset/relacao-de-empreendimentos-de-geracao-distribuida,1
GO,Rio Verde,5218805,(redacted),Biogás - RA,animal_manure_agro,Rural,PF,Minigeracao,201.6,,-18.1,-50.73,electricity_gd,primary,ANEEL Geração Distribuída (Dados Abertos),https://dadosabertos.aneel.gov.br/dataset/relacao-de-empreendimentos-de-geracao-distribuida,1
GO,Rio Verde,5218805,(redacted),Biogás - RA,animal_manure_agro,Rural,PF,Minigeracao,160.0,,-18.1,-50.73,electricity_gd,primary,ANEEL Geração Distribuída (Dados Abertos),https://dadosabertos.aneel.gov.br/dataset/relacao-de-empreendimentos-de-geracao-distribuida,1
GO,Rio Verde,5218805,(redacted),Biogás - RA,animal_manure_agro,Rural,PF,Minigeracao,120.0,,-18.1,-50.73,electricity_gd,primary,ANEEL Geração Distribuída (Dados Abertos),https://dadosabertos.aneel.gov.br/dataset/relacao-de-empreendimentos-de-geracao-distribuida,1
GO,Rio Verde,5218805,(redacted),Biogás - RA,animal_manure_agro,Rural,PF,Minigeracao,77.0,,-18.15,-50.99,electricity_gd,primary,ANEEL Geração Distribuída (Dados Abertos),https://dadosabertos.aneel.gov.br/dataset/relacao-de-empreendimentos-de-geracao-distribuida,1
GO,Rio Verde,5218805,Soagro Sociedade Agropecuaria,Biogás - RA,animal_manure_agro,Rural,PJ,Minigeracao,75.6,,-18.1,-50.73,electricity_gd,primary,ANEEL Geração Distribuída (Dados Abertos),https://dadosabertos.aneel.gov.br/dataset/relacao-de-empreendimentos-de-geracao-distribuida,1
GO,Rio Verde,5218805,(redacted),Biogás - Floresta,forestry_residues,Rural,PF,Microgeracao,75.0,,-17.72,-50.95,electricity_gd,primary,ANEEL Geração Distribuída (Dados Abertos),https://dadosabertos.aneel.gov.br/dataset/relacao-de-empreendimentos-de-geracao-distribuida,1
GO,Rio Verde,5218805,(redacted),Biogás - RA,animal_manure_agro,Rural,PF,Microgeracao,65.0,,-18.1,-50.73,electricity_gd,primary,ANEEL Geração Distribuída (Dados Abertos),https://dadosabertos.aneel.gov.br/dataset/relacao-de-empreendimentos-de-geracao-distribuida,1
GO,Santa Helena de Goiás,5219308,SEMPRE SEMENTES EIRELI,Biogás - Floresta,forestry_residues,Comercial,PJ,Minigeracao,1000.0,,-17.76,-50.57,electricity_gd,primary,ANEEL Geração Distribuída (Dados Abertos),https://dadosabertos.aneel.gov.br/dataset/relacao-de-empreendimentos-de-geracao-distribuida,1
MA,Rosário,2109601,CONSORCIO VALORGAS ENERGIA SUSTENTAVEL,Biogás - RA,animal_manure_agro,Comercial,PJ,Minigeracao,1056.0,,-3.02,-44.19,electricity_gd,primary,ANEEL Geração Distribuída (Dados Abertos),https://dadosabertos.aneel.gov.br/dataset/relacao-de-empreendimentos-de-geracao-distribuida,1
MA,Rosário,2109601,CONSORCIO VALORGAS ENERGIA SUST III,Biogás - RA,animal_manure_agro,Comercial,PJ,Minigeracao,1056.0,,-2.93,-44.28,electricity_gd,primary,ANEEL Geração Distribuída (Dados Abertos),https://dadosabertos.aneel.gov.br/dataset/relacao-de-empreendimentos-de-geracao-distribuida,1
MA,Rosário,2109601,CONSORCIO VALORGAS ENERGIA SUSTENTAVEL M,Biogás - RA,animal_manure_agro,Comercial,PJ,Minigeracao,971.52,,-3.02,-44.19,electricity_gd,primary,ANEEL Geração Distribuída (Dados Abertos),https://dadosabertos.aneel.gov.br/dataset/relacao-de-empreendimentos-de-geracao-distribuida,1
MG,Abre Campo,3100302,(redacted),Biogás - RA,animal_manure_agro,Rural,PF,Microgeracao,75.0,,-20.32,-42.51,electricity_gd,primary,ANEEL Geração Distribuída (Dados Abertos),https://dadosabertos.aneel.gov.br/dataset/relacao-de-empreendimentos-de-geracao-distribuida,1
MG,Abre Campo,3100302,(redacted),Biogás - RU,msw_landfill,Rural,PF,Microgeracao,75.0,,-20.28,-42.46,electricity_gd,primary,ANEEL Geração Distribuída (Dados Abertos),https://dadosabertos.aneel.gov.br/dataset/relacao-de-empreendimentos-de-geracao-distribuida,1
MG,Abre Campo,3100302,(redacted),Biogás - RA,animal_manure_agro,Rural,PF,Microgeracao,60.0,,-20.29,-42.47,electricity_gd,primary,ANEEL Geração Distribuída (Dados Abertos),https://dadosabertos.aneel.gov.br/dataset/relacao-de-empreendimentos-de-geracao-distribuida,1
MG,Alpinópolis,3101904,(redacted),Biogás - RA,animal_manure_agro,Rural,PF,Microgeracao,75.0,,-20.91,-46.45,electricity_gd,primary,ANEEL Geração Distribuída (Dados Abertos),https://dadosabertos.aneel.gov.br/dataset/relacao-de-empreendimentos-de-geracao-distribuida,1
MG,Araguari,3103504,(redacted),Biogás-AGR,agricultural_residues,Rural,PF,Minigeracao,264.0,,-18.64,-48.24,electricity_gd,primary,ANEEL Geração Distribuída (Dados Abertos),https://dadosabertos.aneel.gov.br/dataset/relacao-de-empreendimentos-de-geracao-distribuida,1
MG,Araguari,3103504,(redacted),Biogás - RA,animal_manure_agro,Rural,PF,Microgeracao,75.0,,-18.51,-48.46,electricity_gd,primary,ANEEL Geração Distribuída (Dados Abertos),https://dadosabertos.aneel.gov.br/dataset/relacao-de-empreendimentos-de-geracao-distribuida,1
MG,Araguari,3103504,INSTITUTO DE ADMINIST & GESTAO EDUC,Biogás - RA,animal_manure_agro,Rural,PJ,Microgeracao,75.0,,-18.59,-48.29,electricity_gd,primary,ANEEL Geração Distribuída (Dados Abertos),https://dadosabertos.aneel.gov.br/dataset/relacao-de-empreendimentos-de-geracao-distribuida,1
MG,Araguari,3103504,INSTITUTO DE ADMINIST & GESTAO EDUC,Biogás - RA,animal_manure_agro,Comercial,PJ,Microgeracao,75.0,,-18.59,-48.31,electricity_gd,primary,ANEEL Geração Distribuída (Dados Abertos),https://dadosabertos.aneel.gov.br/dataset/relacao-de-empreendimentos-de-geracao-distribuida,1
MG,Bambuí,3105103,(redacted),Biogás - RU,msw_landfill,Rural,PF,Microgeracao,67.2,,-20.1,-46.0,electricity_gd,primary,ANEEL Geração Distribuída (Dados Abertos),https://dadosabertos.aneel.gov.br/dataset/relacao-de-empreendimentos-de-geracao-distribuida,1
MG,Bambuí,3105103,ARAPE AGROINDUSTRIA LTDA,Biogás - RA,animal_manure_agro,Rural,PJ,Microgeracao,60.0,,-20.02,-45.83,electricity_gd,primary,ANEEL Geração Distribuída (Dados Abertos),https://dadosabertos.aneel.gov.br/dataset/relacao-de-empreendimentos-de-geracao-distribuida,1
MG,Belo Horizonte,3106200,(redacted),Biogás - RU,msw_landfill,Rural,PF,Microgeracao,75.0,,-20.01,-44.69,electricity_gd,primary,ANEEL Geração Distribuída (Dados Abertos),https://dadosabertos.aneel.gov.br/dataset/relacao-de-empreendimentos-de-geracao-distribuida,1
MG,Bom Despacho,3107406,(redacted),Biogás - RU,msw_landfill,Rural,PF,Minigeracao,150.0,,-19.71,-45.3,electricity_gd,primary,ANEEL Geração Distribuída (Dados Abertos),https://dadosabertos.aneel.gov.br/dataset/relacao-de-empreendimentos-de-geracao-distribuida,1
MG,Botelhos,3108404,FAZENDA SERTAOZINHO LTDA,Biogás - RA,animal_manure_agro,Rural,PJ,Microgeracao,75.0,,-21.63,-46.34,electricity_gd,primary,ANEEL Geração Distribuída (Dados Abertos),https://dadosabertos.aneel.gov.br/dataset/relacao-de-empreendimentos-de-geracao-distribuida,1
MG,Botelhos,3108404,(redacted),Biogás - RA,animal_manure_agro,Rural,PF,Microgeracao,75.0,,-21.59,-46.39,electricity_gd,primary,ANEEL Geração Distribuída (Dados Abertos),https://dadosabertos.aneel.gov.br/dataset/relacao-de-empreendimentos-de-geracao-distribuida,1
MG,Cabo Verde,3109501,(redacted),Biogás - RA,animal_manure_agro,Rural,PF,Microgeracao,75.0,,-21.47,-46.38,electricity_gd,primary,ANEEL Geração Distribuída (Dados Abertos),https://dadosabertos.aneel.gov.br/dataset/relacao-de-empreendimentos-de-geracao-distribuida,1
MG,Canápolis,3111804,(redacted),Biogás - RA,animal_manure_agro,Rural,PF,Microgeracao,75.0,,-18.78,-49.02,electricity_gd,primary,ANEEL Geração Distribuída (Dados Abertos),https://dadosabertos.aneel.gov.br/dataset/relacao-de-empreendimentos-de-geracao-distribuida,1
MG,Carmo do Paranaíba,3114303,(redacted),Biogás - RA,animal_manure_agro,Rural,PF,Minigeracao,264.0,,-18.88,-46.12,electricity_gd,primary,ANEEL Geração Distribuída (Dados Abertos),https://dadosabertos.aneel.gov.br/dataset/relacao-de-empreendimentos-de-geracao-distribuida,1
MG,Carmo do Paranaíba,3114303,(redacted),Biogás - RA,animal_manure_agro,Rural,PF,Microgeracao,75.0,,-18.95,-46.31,electricity_gd,primary,ANEEL Geração Distribuída (Dados Abertos),https://dadosabertos.aneel.gov.br/dataset/relacao-de-empreendimentos-de-geracao-distribuida,1
MG,Carmo do Rio Claro,3114402,(redacted),Biogás - RA,animal_manure_agro,Rural,PF,Microgeracao,75.0,,-20.95,-46.21,electricity_gd,primary,ANEEL Geração Distribuída (Dados Abertos),https://dadosabertos.aneel.gov.br/dataset/relacao-de-empreendimentos-de-geracao-distribuida,1
MG,Conceição do Pará,3117603,RIO RANCHO AGROPECUARIA SA,Biogás - RA,animal_manure_agro,Rural,PJ,Microgeracao,75.0,,-19.77,-44.82,electricity_gd,primary,ANEEL Geração Distribuída (Dados Abertos),https://dadosabertos.aneel.gov.br/dataset/relacao-de-empreendimentos-de-geracao-distribuida,1
MG,Conceição do Pará,3117603,(redacted),Biogás - RA,animal_manure_agro,Rural,PF,Microgeracao,60.0,,-19.83,-44.87,electricity_gd,primary,ANEEL Geração Distribuída (Dados Abertos),https://dadosabertos.aneel.gov.br/dataset/relacao-de-empreendimentos-de-geracao-distribuida,1
MG,Conselheiro Lafaiete,3118304,(redacted),Biogás - RA,animal_manure_agro,Rural,PF,Minigeracao,96.0,,-20.66,-43.83,electricity_gd,primary,ANEEL Geração Distribuída (Dados Abertos),https://dadosabertos.aneel.gov.br/dataset/relacao-de-empreendimentos-de-geracao-distribuida,1
MG,Corinto,3119104,(redacted),Biogás - RA,animal_manure_agro,Rural,PF,Minigeracao,96.0,,-18.34,-44.59,electricity_gd,primary,ANEEL Geração Distribuída (Dados Abertos),https://dadosabertos.aneel.gov.br/dataset/relacao-de-empreendimentos-de-geracao-distribuida,1
MG,Corinto,3119104,(redacted),Biogás - RA,animal_manure_agro,Rural,PF,Microgeracao,75.0,,-18.29,-44.37,electricity_gd,primary,ANEEL Geração Distribuída (Dados Abertos),https://dadosabertos.aneel.gov.br/dataset/relacao-de-empreendimentos-de-geracao-distribuida,1
MG,Coromandel,3119302,(redacted),Biogás - RA,animal_manure_agro,Rural,PF,Minigeracao,200.0,,-18.61,-47.06,electricity_gd,primary,ANEEL Geração Distribuída (Dados Abertos),https://dadosabertos.aneel.gov.br/dataset/relacao-de-empreendimentos-de-geracao-distribuida,2
MG,Coromandel,3119302,(redacted),Biogás - RA,animal_manure_agro,Rural,PF,Minigeracao,200.0,,-18.61,-47.06,electricity_gd,primary,ANEEL Geração Distribuída (Dados Abertos),https://dadosabertos.aneel.gov.br/dataset/relacao-de-empreendimentos-de-geracao-distribuida,2
MG,Coromandel,3119302,CONSORCIO DE GERACAO COMP ENERGIA VERDE,Biogás - RA,animal_manure_agro,Rural,PJ,Minigeracao,75.2,,-18.55,-47.14,electricity_gd,primary,ANEEL Geração Distribuída (Dados Abertos),https://dadosabertos.aneel.gov.br/dataset/relacao-de-empreendimentos-de-geracao-distribuida,1
MG,Coromandel,3119302,CONSORCIO DE GERACAO COMP ENERGIA VERDE,Biogás - RU,msw_landfill,Rural,PJ,Microgeracao,72.0,,-18.65,-47.03,electricity_gd,primary,ANEEL Geração Distribuída (Dados Abertos),https://dadosabertos.aneel.gov.br/dataset/relacao-de-empreendimentos-de-geracao-distribuida,1
MG,Curvelo,3120904,(redacted),Biogás - RA,animal_manure_agro,Rural,PF,Minigeracao,200.0,,-18.98,-44.27,electricity_gd,primary,ANEEL Geração Distribuída (Dados Abertos),https://dadosabertos.aneel.gov.br/dataset/relacao-de-empreendimentos-de-geracao-distribuida,1
MG,Elói Mendes,3123601,(redacted),Biogás - RA,animal_manure_agro,Rural,PF,Microgeracao,75.0,,-21.68,-45.57,electricity_gd,primary,ANEEL Geração Distribuída (Dados Abertos),https://dadosabertos.aneel.gov.br/dataset/relacao-de-empreendimentos-de-geracao-distribuida,1
MG,Esmeraldas,3124104,(redacted),Biogás - Floresta,forestry_residues,Rural,PF,Microgeracao,60.0,,-19.79,-44.31,electricity_gd,primary,ANEEL Geração Distribuída (Dados Abertos),https://dadosabertos.aneel.gov.br/dataset/relacao-de-empreendimentos-de-geracao-distribuida,1
MG,Formiga,3126109,(redacted),Biogás - RA,animal_manure_agro,Rural,PF,Microgeracao,75.0,,-20.55,-45.64,electricity_gd,primary,ANEEL Geração Distribuída (Dados Abertos),https://dadosabertos.aneel.gov.br/dataset/relacao-de-empreendimentos-de-geracao-distribuida,1
MG,Formiga,3126109,AMIDOS PADRE TRINDADE LTDA,Biogás - RA,animal_manure_agro,Rural,PJ,Microgeracao,75.0,,-20.42,-45.38,electricity_gd,primary,ANEEL Geração Distribuída (Dados Abertos),https://dadosabertos.aneel.gov.br/dataset/relacao-de-empreendimentos-de-geracao-distribuida,1
MG,Formiga,3126109,ATIVA GESTAO DE NEGOCIOS S A,Biogás - RA,animal_manure_agro,Rural,PJ,Microgeracao,69.76,,-20.35,-45.46,electricity_gd,primary,ANEEL Geração Distribuída (Dados Abertos),https://dadosabertos.aneel.gov.br/dataset/relacao-de-empreendimentos-de-geracao-distribuida,1
MG,Guarará,3128501,(redacted),Biogás - RA,animal_manure_agro,Rural,PF,Minigeracao,264.0,,-21.81,-43.01,electricity_gd,primary,ANEEL Geração Distribuída (Dados Abertos),https://dadosabertos.aneel.gov.br/dataset/relacao-de-empreendimentos-de-geracao-distribuida,1
MG,Inimutaba,3131109,(redacted),Biogás - RU,msw_landfill,Rural,PF,Microgeracao,75.0,,-18.65,-44.32,electricity_gd,primary,ANEEL Geração Distribuída (Dados Abertos),https://dadosabertos.aneel.gov.br/dataset/relacao-de-empreendimentos-de-geracao-distribuida,2
MG,Inimutaba,3131109,(redacted),Biogás - RU,msw_landfill,Rural,PF,Microgeracao,75.0,,-18.65,-44.32,electricity_gd,primary,ANEEL Geração Distribuída (Dados Abertos),https://dadosabertos.aneel.gov.br/dataset/relacao-de-empreendimentos-de-geracao-distribuida,2
MG,Iraí de Minas,3131604,(redacted),Biogás - RA,animal_manure_agro,Rural,PF,Minigeracao,75.2,,-19.05,-47.48,electricity_gd,primary,ANEEL Geração Distribuída (Dados Abertos),https://dadosabertos.aneel.gov.br/dataset/relacao-de-empreendimentos-de-geracao-distribuida,1
MG,Itaguara,3132206,(redacted),Biogás - RA,animal_manure_agro,Rural,PF,Microgeracao,75.0,,-20.38,-44.49,electricity_gd,primary,ANEEL Geração Distribuída (Dados Abertos),https://dadosabertos.aneel.gov.br/dataset/relacao-de-empreendimentos-de-geracao-distribuida,1
MG,Itapecerica,3133501,(redacted),Biogás - RA,animal_manure_agro,Rural,PF,Microgeracao,75.0,,-20.41,-45.07,electricity_gd,primary,ANEEL Geração Distribuída (Dados Abertos),https://dadosabertos.aneel.gov.br/dataset/relacao-de-empreendimentos-de-geracao-distribuida,1
MG,Ituiutaba,3134202,(redacted),Biogás - RA,animal_manure_agro,Rural,PF,Minigeracao,75.2,,-18.95,-49.5,electricity_gd,primary,ANEEL Geração Distribuída (Dados Abertos),https://dadosabertos.aneel.gov.br/dataset/relacao-de-empreendimentos-de-geracao-distribuida,1
MG,Jequeri,3135506,(redacted),Biogás-AGR,agricultural_residues,Rural,PF,Minigeracao,200.0,,-20.36,-42.68,electricity_gd,primary,ANEEL Geração Distribuída (Dados Abertos),https://dadosabertos.aneel.gov.br/dataset/relacao-de-empreendimentos-de-geracao-distribuida,1
MG,Jequeri,3135506,(redacted),Biogás - RA,animal_manure_agro,Rural,PF,Minigeracao,200.0,,-20.36,-42.67,electricity_gd,primary,ANEEL Geração Distribuída (Dados Abertos),https://dadosabertos.aneel.gov.br/dataset/relacao-de-empreendimentos-de-geracao-distribuida,1
MG,Jequeri,3135506,(redacted),Biogás - RA,animal_manure_agro,Rural,PF,Minigeracao,128.0,,-20.41,-42.66,electricity_gd,primary,ANEEL Geração Distribuída (Dados Abertos),https://dadosabertos.aneel.gov.br/dataset/relacao-de-empreendimentos-de-geracao-distribuida,1
MG,Jequeri,3135506,(redacted),Biogás - RA,animal_manure_agro,Rural,PF,Minigeracao,98.44,,-20.42,-42.66,electricity_gd,primary,ANEEL Geração Distribuída (Dados Abertos),https://dadosabertos.aneel.gov.br/dataset/relacao-de-empreendimentos-de-geracao-distribuida,1
MG,Jequeri,3135506,(redacted),Biogás-AGR,agricultural_residues,Rural,PF,Minigeracao,96.0,,-20.38,-42.67,electricity_gd,primary,ANEEL Geração Distribuída (Dados Abertos),https://dadosabertos.aneel.gov.br/dataset/relacao-de-empreendimentos-de-geracao-distribuida,1
MG,Jequeri,3135506,(redacted),Biogás - RA,animal_manure_agro,Rural,PF,Minigeracao,96.0,,-20.44,-42.61,electricity_gd,primary,ANEEL Geração Distribuída (Dados Abertos),https://dadosabertos.aneel.gov.br/dataset/relacao-de-empreendimentos-de-geracao-distribuida,1
MG,Jequeri,3135506,(redacted),Biogás-AGR,agricultural_residues,Rural,PF,Minigeracao,95.92,,-20.41,-42.66,electricity_gd,primary,ANEEL Geração Distribuída (Dados Abertos),https://dadosabertos.aneel.gov.br/dataset/relacao-de-empreendimentos-de-geracao-distribuida,1
MG,Jequeri,3135506,(redacted),Biogás - RA,animal_manure_agro,Rural,PF,Microgeracao,75.0,,-20.35,-42.68,electricity_gd,primary,ANEEL Geração Distribuída (Dados Abertos),https://dadosabertos.aneel.gov.br/dataset/relacao-de-empreendimentos-de-geracao-distribuida,1
MG,Jequeri,3135506,(redacted),Biogás - RA,animal_manure_agro,Rural,PF,Microgeracao,75.0,,-20.36,-42.69,electricity_gd,primary,ANEEL Geração Distribuída (Dados Abertos),https://dadosabertos.aneel.gov.br/dataset/relacao-de-empreendimentos-de-geracao-distribuida,1
MG,Jequeri,3135506,(redacted),Biogás - RA,animal_manure_agro,Rural,PF,Microgeracao,75.0,,-20.39,-42.84,electricity_gd,primary,ANEEL Geração Distribuída (Dados Abertos),https://dadosabertos.aneel.gov.br/dataset/relacao-de-empreendimentos-de-geracao-distribuida,1
MG,Jequeri,3135506,(redacted),Biogás - RA,animal_manure_agro,Rural,PF,Microgeracao,75.0,,-20.03,-43.07,electricity_gd,primary,ANEEL Geração Distribuída (Dados Abertos),https://dadosabertos.aneel.gov.br/dataset/relacao-de-empreendimentos-de-geracao-distribuida,1
MG,Jequeri,3135506,(redacted),Biogás - RA,animal_manure_agro,Rural,PF,Microgeracao,75.0,,-20.42,-42.68,electricity_gd,primary,ANEEL Geração Distribuída (Dados Abertos),https://dadosabertos.aneel.gov.br/dataset/relacao-de-empreendimentos-de-geracao-distribuida,1
MG,Jequeri,3135506,(redacted),Biogás - RA,animal_manure_agro,Rural,PF,Microgeracao,75.0,,-20.41,-42.66,electricity_gd,primary,ANEEL Geração Distribuída (Dados Abertos),https://dadosabertos.aneel.gov.br/dataset/relacao-de-empreendimentos-de-geracao-distribuida,1
MG,Jequeri,3135506,(redacted),Biogás - RA,animal_manure_agro,Rural,PF,Microgeracao,75.0,,-20.39,-42.67,electricity_gd,primary,ANEEL Geração Distribuída (Dados Abertos),https://dadosabertos.aneel.gov.br/dataset/relacao-de-empreendimentos-de-geracao-distribuida,1
MG,Jequeri,3135506,(redacted),Biogás - RU,msw_landfill,Rural,PF,Microgeracao,74.4,,-20.41,-42.66,electricity_gd,primary,ANEEL Geração Distribuída (Dados Abertos),https://dadosabertos.aneel.gov.br/dataset/relacao-de-empreendimentos-de-geracao-distribuida,1
MG,Jequeri,3135506,(redacted),Biogás - RA,animal_manure_agro,Rural,PF,Microgeracao,74.4,,-20.39,-42.71,electricity_gd,primary,ANEEL Geração Distribuída (Dados Abertos),https://dadosabertos.aneel.gov.br/dataset/relacao-de-empreendimentos-de-geracao-distribuida,1
MG,Jequeri,3135506,(redacted),Biogás - RA,animal_manure_agro,Rural,PF,Microgeracao,74.25,,-20.38,-42.67,electricity_gd,primary,ANEEL Geração Distribuída (Dados Abertos),https://dadosabertos.aneel.gov.br/dataset/relacao-de-empreendimentos-de-geracao-distribuida,1
MG,Jequeri,3135506,(redacted),Biogás - RA,animal_manure_agro,Rural,PF,Microgeracao,15.0,,-20.38,-42.67,electricity_gd,primary,ANEEL Geração Distribuída (Dados Abertos),https://dadosabertos.aneel.gov.br/dataset/relacao-de-empreendimentos-de-geracao-distribuida,1
MG,Juiz de Fora,3136702,(redacted),Biogás - RA,animal_manure_agro,Rural,PF,Minigeracao,672.0,,-21.76,-43.61,electricity_gd,primary,ANEEL Geração Distribuída (Dados Abertos),https://dadosabertos.aneel.gov.br/dataset/relacao-de-empreendimentos-de-geracao-distribuida,1
MG,Lagoa Dourada,3137403,(redacted),Biogás - RU,msw_landfill,Rural,PF,Minigeracao,264.0,,-20.89,-44.07,electricity_gd,primary,ANEEL Geração Distribuída (Dados Abertos),https://dadosabertos.aneel.gov.br/dataset/relacao-de-empreendimentos-de-geracao-distribuida,1
MG,Lajinha,3137700,NETZERO BRASIL BIOCHAR LTDA,Biogás - Floresta,forestry_residues,Industrial,PJ,Minigeracao,82.42,,-20.16,-41.65,electricity_gd,primary,ANEEL Geração Distribuída (Dados Abertos),https://dadosabertos.aneel.gov.br/dataset/relacao-de-empreendimentos-de-geracao-distribuida,1
MG,Leopoldina,3138401,UTE UNIAO RECICLAVEIS RIO NOVO LTDA,Biogás - RU,msw_landfill,Industrial,PJ,Minigeracao,2500.0,,-21.42,-42.51,electricity_gd,primary,ANEEL Geração Distribuída (Dados Abertos),https://dadosabertos.aneel.gov.br/dataset/relacao-de-empreendimentos-de-geracao-distribuida,1
MG,Lima Duarte,3138609,(redacted),Biogás-AGR,agricultural_residues,Rural,PF,Microgeracao,61.6,,-21.87,-43.89,electricity_gd,primary,ANEEL Geração Distribuída (Dados Abertos),https://dadosabertos.aneel.gov.br/dataset/relacao-de-empreendimentos-de-geracao-distribuida,1
MG,Luz,3138807,MARIO CLEBES SILVA,Biogás - Floresta,forestry_residues,Rural,PJ,Microgeracao,75.0,,-19.74,-45.8,electricity_gd,primary,ANEEL Geração Distribuída (Dados Abertos),https://dadosabertos.aneel.gov.br/dataset/relacao-de-empreendimentos-de-geracao-distribuida,1
MG,Machado,3139003,(redacted),Biogás - RU,msw_landfill,Rural,PF,Microgeracao,75.0,,-21.64,-46.03,electricity_gd,primary,ANEEL Geração Distribuída (Dados Abertos),https://dadosabertos.aneel.gov.br/dataset/relacao-de-empreendimentos-de-geracao-distribuida,1
MG,Manhuaçu,3139409,uniao bancaria atletica uba,Biogás - Floresta,forestry_residues,Comercial,PJ,Microgeracao,75.0,,-20.27,-42.07,electricity_gd,primary,ANEEL Geração Distribuída (Dados Abertos),https://dadosabertos.aneel.gov.br/dataset/relacao-de-empreendimentos-de-geracao-distribuida,1
MG,Maravilhas,3139706,(redacted),Biogás - RA,animal_manure_agro,Rural,PF,Microgeracao,75.0,,-19.47,-44.7,electricity_gd,primary,ANEEL Geração Distribuída (Dados Abertos),https://dadosabertos.aneel.gov.br/dataset/relacao-de-empreendimentos-de-geracao-distribuida,1
MG,Matipó,3140902,(redacted),Biogás - RA,animal_manure_agro,Rural,PF,Microgeracao,69.0,,-20.3,-42.3,electricity_gd,primary,ANEEL Geração Distribuída (Dados Abertos),https://dadosabertos.aneel.gov.br/dataset/relacao-de-empreendimentos-de-geracao-distribuida,1
MG,Monsenhor Paulo,3142601,(redacted),Biogás - RA,animal_manure_agro,Rural,PF,Microgeracao,75.0,,-21.76,-45.59,electricity_gd,primary,ANEEL Geração Distribuída (Dados Abertos),https://dadosabertos.aneel.gov.br/dataset/relacao-de-empreendimentos-de-geracao-distribuida,1
MG,Monte Belo,3143005,(redacted),Biogás - RA,animal_manure_agro,Rural,PF,Microgeracao,60.0,,-21.27,-46.36,electricity_gd,primary,ANEEL Geração Distribuída (Dados Abertos),https://dadosabertos.aneel.gov.br/dataset/relacao-de-empreendimentos-de-geracao-distribuida,1
MG,Monte Carmelo,3143104,(redacted),Biogás - RA,animal_manure_agro,Rural,PF,Minigeracao,108.0,,-18.76,-47.35,electricity_gd,primary,ANEEL Geração Distribuída (Dados Abertos),https://dadosabertos.aneel.gov.br/dataset/relacao-de-empreendimentos-de-geracao-distribuida,1
MG,Monte Carmelo,3143104,(redacted),Biogás - RA,animal_manure_agro,Rural,PF,Microgeracao,75.0,,-18.67,-47.47,electricity_gd,primary,ANEEL Geração Distribuída (Dados Abertos),https://dadosabertos.aneel.gov.br/dataset/relacao-de-empreendimentos-de-geracao-distribuida,1
MG,Morada Nova de Minas,3143500,(redacted),Biogás - RU,msw_landfill,Rural,PF,Minigeracao,130.0,,-18.86,-45.27,electricity_gd,primary,ANEEL Geração Distribuída (Dados Abertos),https://dadosabertos.aneel.gov.br/dataset/relacao-de-empreendimentos-de-geracao-distribuida,1
MG,Onça de Pitangui,3145802,(redacted),Biogás - RA,animal_manure_agro,Rural,PF,Minigeracao,96.0,,-19.7,-44.74,electricity_gd,primary,ANEEL Geração Distribuída (Dados Abertos),https://dadosabertos.aneel.gov.br/dataset/relacao-de-empreendimentos-de-geracao-distribuida,1
MG,Onça de Pitangui,3145802,(redacted),Biogás - RU,msw_landfill,Rural,PF,Microgeracao,67.5,,-19.77,-44.74,electricity_gd,primary,ANEEL Geração Distribuída (Dados Abertos),https://dadosabertos.aneel.gov.br/dataset/relacao-de-empreendimentos-de-geracao-distribuida,1
MG,Onça de Pitangui,3145802,(redacted),Biogás - RA,animal_manure_agro,Rural,PF,Microgeracao,64.8,,-19.79,-44.75,electricity_gd,primary,ANEEL Geração Distribuída (Dados Abertos),https://dadosabertos.aneel.gov.br/dataset/relacao-de-empreendimentos-de-geracao-distribuida,1
MG,Oratórios,3145851,(redacted),Biogás - RA,animal_manure_agro,Rural,PF,Minigeracao,96.0,,-20.41,-42.79,electricity_gd,primary,ANEEL Geração Distribuída (Dados Abertos),https://dadosabertos.aneel.gov.br/dataset/relacao-de-empreendimentos-de-geracao-distribuida,1
MG,Paiva,3146602,(redacted),Biogás - RU,msw_landfill,Rural,PF,Microgeracao,20.0,,-21.3,-43.4,electricity_gd,primary,ANEEL Geração Distribuída (Dados Abertos),https://dadosabertos.aneel.gov.br/dataset/relacao-de-empreendimentos-de-geracao-distribuida,1
MG,Pará de Minas,3147105,(redacted),Biogás - RA,animal_manure_agro,Rural,PF,Minigeracao,250.0,,-19.8,-44.64,electricity_gd,primary,ANEEL Geração Distribuída (Dados Abertos),https://dadosabertos.aneel.gov.br/dataset/relacao-de-empreendimentos-de-geracao-distribuida,1
MG,Pará de Minas,3147105,(redacted),Biogás - RA,animal_manure_agro,Rural,PF,Minigeracao,150.0,,-19.8,-44.64,electricity_gd,primary,ANEEL Geração Distribuída (Dados Abertos),https://dadosabertos.aneel.gov.br/dataset/relacao-de-empreendimentos-de-geracao-distribuida,1
MG,Pará de Minas,3147105,(redacted),Biogás - RU,msw_landfill,Rural,PF,Minigeracao,144.0,,-19.46,-45.0,electricity_gd,primary,ANEEL Geração Distribuída (Dados Abertos),https://dadosabertos.aneel.gov.br/dataset/relacao-de-empreendimentos-de-geracao-distribuida,1
MG,Pará de Minas,3147105,(redacted),Biogás - RA,animal_manure_agro,Rural,PF,Minigeracao,120.0,,-19.85,-44.56,electricity_gd,primary,ANEEL Geração Distribuída (Dados Abertos),https://dadosabertos.aneel.gov.br/dataset/relacao-de-empreendimentos-de-geracao-distribuida,1
MG,Pará de Minas,3147105,(redacted),Biogás - RA,animal_manure_agro,Rural,PF,Minigeracao,87.2,,-19.79,-44.63,electricity_gd,primary,ANEEL Geração Distribuída (Dados Abertos),https://dadosabertos.aneel.gov.br/dataset/relacao-de-empreendimentos-de-geracao-distribuida,1
MG,Pará de Minas,3147105,(redacted),Biogás - Floresta,forestry_residues,Rural,PF,Microgeracao,75.0,,-19.86,-44.51,electricity_gd,primary,ANEEL Geração Distribuída (Dados Abertos),https://dadosabertos.aneel.gov.br/dataset/relacao-de-empreendimentos-de-geracao-distribuida,1
MG,Pará de Minas,3147105,COOPERATIVA BRASILEIRA DE ACESSO,Biogás - RA,animal_manure_agro,Rural,PJ,Microgeracao,75.0,,-19.79,-44.71,electricity_gd,primary,ANEEL Geração Distribuída (Dados Abertos),https://dadosabertos.aneel.gov.br/dataset/relacao-de-empreendimentos-de-geracao-distribuida,1
MG,Pará de Minas,3147105,COOPERATIVA BRASILEIRA DE ACESSO,Biogás - RA,animal_manure_agro,Rural,PJ,Microgeracao,75.0,,-19.81,-44.64,electricity_gd,primary,ANEEL Geração Distribuída (Dados Abertos),https://dadosabertos.aneel.gov.br/dataset/relacao-de-empreendimentos-de-geracao-distribuida,2
MG,Pará de Minas,3147105,COOPERATIVA BRASILEIRA DE ACESSO,Biogás - RA,animal_manure_agro,Rural,PJ,Microgeracao,75.0,,-19.8,-44.64,electricity_gd,primary,ANEEL Geração Distribuída (Dados Abertos),https://dadosabertos.aneel.gov.br/dataset/relacao-de-empreendimentos-de-geracao-distribuida,1
MG,Pará de Minas,3147105,(redacted),Biogás - RU,msw_landfill,Rural,PF,Microgeracao,75.0,,-19.8,-44.64,electricity_gd,primary,ANEEL Geração Distribuída (Dados Abertos),https://dadosabertos.aneel.gov.br/dataset/relacao-de-empreendimentos-de-geracao-distribuida,3
MG,Pará de Minas,3147105,(redacted),Biogás - RU,msw_landfill,Rural,PF,Microgeracao,75.0,,-19.8,-44.64,electricity_gd,primary,ANEEL Geração Distribuída (Dados Abertos),https://dadosabertos.aneel.gov.br/dataset/relacao-de-empreendimentos-de-geracao-distribuida,3
MG,Pará de Minas,3147105,(redacted),Biogás - RU,msw_landfill,Rural,PF,Microgeracao,75.0,,-19.87,-44.73,electricity_gd,primary,ANEEL Geração Distribuída (Dados Abertos),https://dadosabertos.aneel.gov.br/dataset/relacao-de-empreendimentos-de-geracao-distribuida,1
MG,Pará de Minas,3147105,(redacted),Biogás - RU,msw_landfill,Rural,PF,Microgeracao,75.0,,-19.8,-44.64,electricity_gd,primary,ANEEL Geração Distribuída (Dados Abertos),https://dadosabertos.aneel.gov.br/dataset/relacao-de-empreendimentos-de-geracao-distribuida,3
MG,Pará de Minas,3147105,(redacted),Biogás - RU,msw_landfill,Rural,PF,Microgeracao,75.0,,-19.77,-44.69,electricity_gd,primary,ANEEL Geração Distribuída (Dados Abertos),https://dadosabertos.aneel.gov.br/dataset/relacao-de-empreendimentos-de-geracao-distribuida,1
MG,Pará de Minas,3147105,(redacted),Biogás - RU,msw_landfill,Rural,PF,Microgeracao,75.0,,-19.81,-44.64,electricity_gd,primary,ANEEL Geração Distribuída (Dados Abertos),https://dadosabertos.aneel.gov.br/dataset/relacao-de-empreendimentos-de-geracao-distribuida,1
MG,Pará de Minas,3147105,(redacted),Biogás - RU,msw_landfill,Rural,PF,Microgeracao,75.0,,-19.87,-44.56,electricity_gd,primary,ANEEL Geração Distribuída (Dados Abertos),https://dadosabertos.aneel.gov.br/dataset/relacao-de-empreendimentos-de-geracao-distribuida,1
MG,Pará de Minas,3147105,(redacted),Biogás - RA,animal_manure_agro,Rural,PF,Microgeracao,75.0,,-19.83,-44.77,electricity_gd,primary,ANEEL Geração Distribuída (Dados Abertos),https://dadosabertos.aneel.gov.br/dataset/relacao-de-empreendimentos-de-geracao-distribuida,1
MG,Pará de Minas,3147105,(redacted),Biogás - RU,msw_landfill,Rural,PF,Microgeracao,75.0,,-19.93,-44.76,electricity_gd,primary,ANEEL Geração Distribuída (Dados Abertos),https://dadosabertos.aneel.gov.br/dataset/relacao-de-empreendimentos-de-geracao-distribuida,1
MG,Pará de Minas,3147105,(redacted),Biogás - RA,animal_manure_agro,Rural,PF,Microgeracao,75.0,,-19.93,-44.58,electricity_gd,primary,ANEEL Geração Distribuída (Dados Abertos),https://dadosabertos.aneel.gov.br/dataset/relacao-de-empreendimentos-de-geracao-distribuida,1
MG,Pará de Minas,3147105,(redacted),Biogás - RA,animal_manure_agro,Rural,PF,Microgeracao,75.0,,-19.81,-44.64,electricity_gd,primary,ANEEL Geração Distribuída (Dados Abertos),https://dadosabertos.aneel.gov.br/dataset/relacao-de-empreendimentos-de-geracao-distribuida,2
MG,Pará de Minas,3147105,(redacted),Biogás - RA,animal_manure_agro,Rural,PF,Microgeracao,74.56,,-19.93,-44.58,electricity_gd,primary,ANEEL Geração Distribuída (Dados Abertos),https://dadosabertos.aneel.gov.br/dataset/relacao-de-empreendimentos-de-geracao-distribuida,1
MG,Pará de Minas,3147105,(redacted),Biogás - RU,msw_landfill,Rural,PF,Microgeracao,74.38,,-19.73,-44.63,electricity_gd,primary,ANEEL Geração Distribuída (Dados Abertos),https://dadosabertos.aneel.gov.br/dataset/relacao-de-empreendimentos-de-geracao-distribuida,1
MG,Pará de Minas,3147105,(redacted),Biogás - RA,animal_manure_agro,Rural,PF,Microgeracao,64.8,,-19.8,-44.69,electricity_gd,primary,ANEEL Geração Distribuída (Dados Abertos),https://dadosabertos.aneel.gov.br/dataset/relacao-de-empreendimentos-de-geracao-distribuida,1
MG,Pará de Minas,3147105,(redacted),Biogás - RA,animal_manure_agro,Rural,PF,Microgeracao,64.8,,-19.83,-44.77,electricity_gd,primary,ANEEL Geração Distribuída (Dados Abertos),https://dadosabertos.aneel.gov.br/dataset/relacao-de-empreendimentos-de-geracao-distribuida,1
MG,Pará de Minas,3147105,(redacted),Biogás - RA,animal_manure_agro,Rural,PF,Microgeracao,64.8,,-19.82,-44.65,electricity_gd,primary,ANEEL Geração Distribuída (Dados Abertos),https://dadosabertos.aneel.gov.br/dataset/relacao-de-empreendimentos-de-geracao-distribuida,1
MG,Pará de Minas,3147105,(redacted),Biogás-AGR,agricultural_residues,Rural,PF,Microgeracao,60.0,,-19.8,-44.64,electricity_gd,primary,ANEEL Geração Distribuída (Dados Abertos),https://dadosabertos.aneel.gov.br/dataset/relacao-de-empreendimentos-de-geracao-distribuida,1
MG,Pará de Minas,3147105,(redacted),Biogás - RU,msw_landfill,Rural,PF,Microgeracao,60.0,,-19.82,-44.65,electricity_gd,primary,ANEEL Geração Distribuída (Dados Abertos),https://dadosabertos.aneel.gov.br/dataset/relacao-de-empreendimentos-de-geracao-distribuida,1
MG,Pará de Minas,3147105,(redacted),Biogás - RA,animal_manure_agro,Rural,PF,Microgeracao,60.0,,-19.81,-44.66,electricity_gd,primary,ANEEL Geração Distribuída (Dados Abertos),https://dadosabertos.aneel.gov.br/dataset/relacao-de-empreendimentos-de-geracao-distribuida,1
MG,Pará de Minas,3147105,(redacted),Biogás - RA,animal_manure_agro,Rural,PF,Microgeracao,55.5,,-19.8,-44.69,electricity_gd,primary,ANEEL Geração Distribuída (Dados Abertos),https://dadosabertos.aneel.gov.br/dataset/relacao-de-empreendimentos-de-geracao-distribuida,1
MG,Pará de Minas,3147105,(redacted),Biogás - RU,msw_landfill,Rural,PF,Microgeracao,55.0,,-19.8,-44.67,electricity_gd,primary,ANEEL Geração Distribuída (Dados Abertos),https://dadosabertos.aneel.gov.br/dataset/relacao-de-empreendimentos-de-geracao-distribuida,1
MG,Passos,3147907,(redacted),Biogás - RA,animal_manure_agro,Residencial,PF,Microgeracao,75.0,,-20.64,-46.53,electricity_gd,primary,ANEEL Geração Distribuída (Dados Abertos),https://dadosabertos.aneel.gov.br/dataset/relacao-de-empreendimentos-de-geracao-distribuida,1
MG,Passos,3147907,(redacted),Biogás - RA,animal_manure_agro,Rural,PF,Microgeracao,75.0,,-20.72,-46.52,electricity_gd,primary,ANEEL Geração Distribuída (Dados Abertos),https://dadosabertos.aneel.gov.br/dataset/relacao-de-empreendimentos-de-geracao-distribuida,1
MG,Passos,3147907,(redacted),Biogás - RA,animal_manure_agro,Rural,PF,Microgeracao,75.0,,-20.73,-46.52,electricity_gd,primary,ANEEL Geração Distribuída (Dados Abertos),https://dadosabertos.aneel.gov.br/dataset/relacao-de-empreendimentos-de-geracao-distribuida,1
MG,Passos,3147907,(redacted),Biogás - RA,animal_manure_agro,Rural,PF,Microgeracao,74.25,,-20.73,-46.57,electricity_gd,primary,ANEEL Geração Distribuída (Dados Abertos),https://dadosabertos.aneel.gov.br/dataset/relacao-de-empreendimentos-de-geracao-distribuida,1
MG,Passos,3147907,(redacted),Biogás - RU,msw_landfill,Rural,PF,Microgeracao,48.0,,-20.75,-46.43,electricity_gd,primary,ANEEL Geração Distribuída (Dados Abertos),https://dadosabertos.aneel.gov.br/dataset/relacao-de-empreendimentos-de-geracao-distribuida,1
MG,Patos de Minas,3148004,(redacted),Biogás - RA,animal_manure_agro,Rural,PF,Minigeracao,75.2,,-18.64,-46.59,electricity_gd,primary,ANEEL Geração Distribuída (Dados Abertos),https://dadosabertos.aneel.gov.br/dataset/relacao-de-empreendimentos-de-geracao-distribuida,1
MG,Patos de Minas,3148004,(redacted),Biogás - RA,animal_manure_agro,Rural,PF,Microgeracao,75.0,,-18.7,-46.62,electricity_gd,primary,ANEEL Geração Distribuída (Dados Abertos),https://dadosabertos.aneel.gov.br/dataset/relacao-de-empreendimentos-de-geracao-distribuida,1
MG,Patos de Minas,3148004,(redacted),Biogás - RA,animal_manure_agro,Rural,PF,Microgeracao,60.0,,-18.72,-46.67,electricity_gd,primary,ANEEL Geração Distribuída (Dados Abertos),https://dadosabertos.aneel.gov.br/dataset/relacao-de-empreendimentos-de-geracao-distribuida,1
MG,Patos de Minas,3148004,(redacted),Biogás - RA,animal_manure_agro,Rural,PF,Microgeracao,50.0,,-18.79,-46.68,electricity_gd,primary,ANEEL Geração Distribuída (Dados Abertos),https://dadosabertos.aneel.gov.br/dataset/relacao-de-empreendimentos-de-geracao-distribuida,1
MG,Patrocínio,3148103,EMPRESA AGRICOLA FOLHADOS SA,Biogás - RA,animal_manure_agro,Rural,PJ,Minigeracao,208.0,,-18.94,-46.99,electricity_gd,primary,ANEEL Geração Distribuída (Dados Abertos),https://dadosabertos.aneel.gov.br/dataset/relacao-de-empreendimentos-de-geracao-distribuida,1
MG,Patrocínio,3148103,(redacted),Biogás - RA,animal_manure_agro,Rural,PF,Minigeracao,96.0,,-18.77,-46.94,electricity_gd,primary,ANEEL Geração Distribuída (Dados Abertos),https://dadosabertos.aneel.gov.br/dataset/relacao-de-empreendimentos-de-geracao-distribuida,1
MG,Pedrinópolis,3149200,(redacted),Biogás - RU,msw_landfill,Rural,PF,Microgeracao,75.0,,-19.26,-47.45,electricity_gd,primary,ANEEL Geração Distribuída (Dados Abertos),https://dadosabertos.aneel.gov.br/dataset/relacao-de-empreendimentos-de-geracao-distribuida,1
MG,Pequi,3149606,(redacted),Biogás - RU,msw_landfill,Rural,PF,Minigeracao,78.0,,-19.64,-44.6,electricity_gd,primary,ANEEL Geração Distribuída (Dados Abertos),https://dadosabertos.aneel.gov.br/dataset/relacao-de-empreendimentos-de-geracao-distribuida,1
MG,Pequi,3149606,(redacted),Biogás - RU,msw_landfill,Rural,PF,Microgeracao,75.0,,-19.64,-44.6,electricity_gd,primary,ANEEL Geração Distribuída (Dados Abertos),https://dadosabertos.aneel.gov.br/dataset/relacao-de-empreendimentos-de-geracao-distribuida,1
MG,Perdizes,3149804,(redacted),Biogás - RA,animal_manure_agro,Rural,PF,Minigeracao,225.0,,-19.43,-47.1,electricity_gd,primary,ANEEL Geração Distribuída (Dados Abertos),https://dadosabertos.aneel.gov.br/dataset/relacao-de-empreendimentos-de-geracao-distribuida,1
MG,Piedade de Ponte Nova,3150208,(redacted),Biogás - RA,animal_manure_agro,Rural,PF,Minigeracao,264.0,,-20.24,-42.72,electricity_gd,primary,ANEEL Geração Distribuída (Dados Abertos),https://dadosabertos.aneel.gov.br/dataset/relacao-de-empreendimentos-de-geracao-distribuida,1
MG,Piedade de Ponte Nova,3150208,(redacted),Biogás - RU,msw_landfill,Rural,PF,Microgeracao,75.0,,-20.24,-42.74,electricity_gd,primary,ANEEL Geração Distribuída (Dados Abertos),https://dadosabertos.aneel.gov.br/dataset/relacao-de-empreendimentos-de-geracao-distribuida,1
MG,Piedade de Ponte Nova,3150208,(redacted),Biogás - RA,animal_manure_agro,Rural,PF,Microgeracao,60.0,,-20.24,-42.74,electricity_gd,primary,ANEEL Geração Distribuída (Dados Abertos),https://dadosabertos.aneel.gov.br/dataset/relacao-de-empreendimentos-de-geracao-distribuida,1
MG,Piranga,3150802,(redacted),Biogás - RA,animal_manure_agro,Rural,PF,Minigeracao,264.0,,-20.71,-43.24,electricity_gd,primary,ANEEL Geração Distribuída (Dados Abertos),https://dadosabertos.aneel.gov.br/dataset/relacao-de-empreendimentos-de-geracao-distribuida,1
MG,Piranga,3150802,(redacted),Biogás - RA,animal_manure_agro,Rural,PF,Minigeracao,75.2,,-20.68,-43.19,electricity_gd,primary,ANEEL Geração Distribuída (Dados Abertos),https://dadosabertos.aneel.gov.br/dataset/relacao-de-empreendimentos-de-geracao-distribuida,1
MG,Piranga,3150802,(redacted),Biogás - RA,animal_manure_agro,Rural,PF,Microgeracao,75.0,,-20.69,-43.18,electricity_gd,primary,ANEEL Geração Distribuída (Dados Abertos),https://dadosabertos.aneel.gov.br/dataset/relacao-de-empreendimentos-de-geracao-distribuida,1
MG,Piranga,3150802,(redacted),Biogás - RA,animal_manure_agro,Rural,PF,Microgeracao,75.0,,-20.7,-43.23,electricity_gd,primary,ANEEL Geração Distribuída (Dados Abertos),https://dadosabertos.aneel.gov.br/dataset/relacao-de-empreendimentos-de-geracao-distribuida,1
MG,Piranga,3150802,(redacted),Biogás - RA,animal_manure_agro,Rural,PF,Microgeracao,75.0,,-20.71,-43.19,electricity_gd,primary,ANEEL Geração Distribuída (Dados Abertos),https://dadosabertos.aneel.gov.br/dataset/relacao-de-empreendimentos-de-geracao-distribuida,1
MG,Ponte Nova,3152105,(redacted),Biogás - RA,animal_manure_agro,Rural,PF,Minigeracao,250.0,,-20.32,-42.9,electricity_gd,primary,ANEEL Geração Distribuída (Dados Abertos),https://dadosabertos.aneel.gov.br/dataset/relacao-de-empreendimentos-de-geracao-distribuida,1
MG,Ponte Nova,3152105,(redacted),Biogás - RA,animal_manure_agro,Rural,PF,Minigeracao,75.2,,-20.44,-42.85,electricity_gd,primary,ANEEL Geração Distribuída (Dados Abertos),https://dadosabertos.aneel.gov.br/dataset/relacao-de-empreendimentos-de-geracao-distribuida,1
MG,Ponte Nova,3152105,(redacted),Biogás - RA,animal_manure_agro,Rural,PF,Microgeracao,75.0,,-20.42,-42.87,electricity_gd,primary,ANEEL Geração Distribuída (Dados Abertos),https://dadosabertos.aneel.gov.br/dataset/relacao-de-empreendimentos-de-geracao-distribuida,1
MG,Ponte Nova,3152105,(redacted),Biogás - RA,animal_manure_agro,Rural,PF,Microgeracao,75.0,,-20.35,-42.91,electricity_gd,primary,ANEEL Geração Distribuída (Dados Abertos),https://dadosabertos.aneel.gov.br/dataset/relacao-de-empreendimentos-de-geracao-distribuida,1
MG,Ponte Nova,3152105,CONSORCIO VALE VERDE ENERGIA LIMPA,Biogás - RA,animal_manure_agro,Rural,PJ,Microgeracao,75.0,,-20.44,-42.85,electricity_gd,primary,ANEEL Geração Distribuída (Dados Abertos),https://dadosabertos.aneel.gov.br/dataset/relacao-de-empreendimentos-de-geracao-distribuida,1
MG,Ponte Nova,3152105,(redacted),Biogás - RA,animal_manure_agro,Rural,PF,Microgeracao,75.0,,-20.35,-42.8,electricity_gd,primary,ANEEL Geração Distribuída (Dados Abertos),https://dadosabertos.aneel.gov.br/dataset/relacao-de-empreendimentos-de-geracao-distribuida,1
MG,Ponte Nova,3152105,(redacted),Biogás - RA,animal_manure_agro,Rural,PF,Microgeracao,75.0,,-20.36,-42.8,electricity_gd,primary,ANEEL Geração Distribuída (Dados Abertos),https://dadosabertos.aneel.gov.br/dataset/relacao-de-empreendimentos-de-geracao-distribuida,1
MG,Pouso Alto,3152600,(redacted),Biogás - RU,msw_landfill,Rural,PF,Minigeracao,264.0,,-22.23,-44.95,electricity_gd,primary,ANEEL Geração Distribuída (Dados Abertos),https://dadosabertos.aneel.gov.br/dataset/relacao-de-empreendimentos-de-geracao-distribuida,1
MG,Pouso Alto,3152600,(redacted),Biogás - RA,animal_manure_agro,Rural,PF,Minigeracao,200.0,,-22.18,-44.94,electricity_gd,primary,ANEEL Geração Distribuída (Dados Abertos),https://dadosabertos.aneel.gov.br/dataset/relacao-de-empreendimentos-de-geracao-distribuida,1
MG,Prata,3152808,(redacted),Biogás - RA,animal_manure_agro,Rural,PF,Microgeracao,75.0,,-19.27,-48.9,electricity_gd,primary,ANEEL Geração Distribuída (Dados Abertos),https://dadosabertos.aneel.gov.br/dataset/relacao-de-empreendimentos-de-geracao-distribuida,1
MG,Presidente Olegário,3153400,(redacted),Biogás - RA,animal_manure_agro,Comercial,PF,Minigeracao,264.0,,,,electricity_gd,primary,ANEEL Geração Distribuída (Dados Abertos),https://dadosabertos.aneel.gov.br/dataset/relacao-de-empreendimentos-de-geracao-distribuida,1
MG,Presidente Olegário,3153400,AGROCERES PIC SUINOS SA,Biogás - RA,animal_manure_agro,Rural,PJ,Minigeracao,200.0,,-18.18,-46.38,electricity_gd,primary,ANEEL Geração Distribuída (Dados Abertos),https://dadosabertos.aneel.gov.br/dataset/relacao-de-empreendimentos-de-geracao-distribuida,1
MG,Presidente Olegário,3153400,NOVO POMAR PRODUTOS ALIMENTICIOS,Biogás - RA,animal_manure_agro,Comercial,PJ,Microgeracao,60.0,,-18.4,-46.4,electricity_gd,primary,ANEEL Geração Distribuída (Dados Abertos),https://dadosabertos.aneel.gov.br/dataset/relacao-de-empreendimentos-de-geracao-distribuida,1
MG,Raul Soares,3154002,(redacted),Biogás - RA,animal_manure_agro,Rural,PF,Minigeracao,200.0,,-20.13,-42.47,electricity_gd,primary,ANEEL Geração Distribuída (Dados Abertos),https://dadosabertos.aneel.gov.br/dataset/relacao-de-empreendimentos-de-geracao-distribuida,1
MG,Raul Soares,3154002,(redacted),Biogás - RA,animal_manure_agro,Rural,PF,Microgeracao,75.0,,-20.11,-42.48,electricity_gd,primary,ANEEL Geração Distribuída (Dados Abertos),https://dadosabertos.aneel.gov.br/dataset/relacao-de-empreendimentos-de-geracao-distribuida,1
MG,Rio Casca,3154903,(redacted),Biogás - RA,animal_manure_agro,Rural,PF,Microgeracao,75.0,,-20.08,-42.69,electricity_gd,primary,ANEEL Geração Distribuída (Dados Abertos),https://dadosabertos.aneel.gov.br/dataset/relacao-de-empreendimentos-de-geracao-distribuida,1
MG,Rio Casca,3154903,(redacted),Biogás - RU,msw_landfill,Rural,PF,Microgeracao,75.0,,-20.23,-42.56,electricity_gd,primary,ANEEL Geração Distribuída (Dados Abertos),https://dadosabertos.aneel.gov.br/dataset/relacao-de-empreendimentos-de-geracao-distribuida,1
MG,Sabará,3156700,CONSORCIO ENERGIA LIVRE,Biogás - RU,msw_landfill,Comercial,PJ,Minigeracao,4997.6,,-19.85,-43.85,electricity_gd,primary,ANEEL Geração Distribuída (Dados Abertos),https://dadosabertos.aneel.gov.br/dataset/relacao-de-empreendimentos-de-geracao-distribuida,1
MG,Santa Cruz do Escalvado,3157401,(redacted),Biogás - RA,animal_manure_agro,Rural,PF,Microgeracao,75.0,,-20.3,-42.82,electricity_gd,primary,ANEEL Geração Distribuída (Dados Abertos),https://dadosabertos.aneel.gov.br/dataset/relacao-de-empreendimentos-de-geracao-distribuida,1
MG,Santa Juliana,3157708,(redacted),Biogás - RA,animal_manure_agro,Rural,PF,Microgeracao,75.0,,-19.28,-47.51,electricity_gd,primary,ANEEL Geração Distribuída (Dados Abertos),https://dadosabertos.aneel.gov.br/dataset/relacao-de-empreendimentos-de-geracao-distribuida,1
MG,Santa Juliana,3157708,(redacted),Biogás - Floresta,forestry_residues,Rural,PF,Microgeracao,75.0,,-19.31,-47.56,electricity_gd,primary,ANEEL Geração Distribuída (Dados Abertos),https://dadosabertos.aneel.gov.br/dataset/relacao-de-empreendimentos-de-geracao-distribuida,1
MG,Santa Juliana,3157708,(redacted),Biogás - RA,animal_manure_agro,Rural,PF,Microgeracao,75.0,,-19.25,-47.56,electricity_gd,primary,ANEEL Geração Distribuída (Dados Abertos),https://dadosabertos.aneel.gov.br/dataset/relacao-de-empreendimentos-de-geracao-distribuida,1
MG,Santa Vitória,3159803,(redacted),Biogás - RA,animal_manure_agro,Rural,PF,Minigeracao,500.0,,-18.98,-50.17,electricity_gd,primary,ANEEL Geração Distribuída (Dados Abertos),https://dadosabertos.aneel.gov.br/dataset/relacao-de-empreendimentos-de-geracao-distribuida,1
MG,Santana do Manhuaçu,3158904,(redacted),Biogás - RA,animal_manure_agro,Rural,PF,Microgeracao,75.0,,-20.14,-41.91,electricity_gd,primary,ANEEL Geração Distribuída (Dados Abertos),https://dadosabertos.aneel.gov.br/dataset/relacao-de-empreendimentos-de-geracao-distribuida,1
MG,Santana do Paraíso,3158953,CONSORCIO ORIGO ENERGIA SERRA DO CIPO,Biogás - RA,animal_manure_agro,Comercial,PJ,Minigeracao,1000.0,,-19.44,-42.51,electricity_gd,primary,ANEEL Geração Distribuída (Dados Abertos),https://dadosabertos.aneel.gov.br/dataset/relacao-de-empreendimentos-de-geracao-distribuida,1
MG,Santana do Paraíso,3158953,CONSORCIO VALORGAS ENERGIA SUSTENTAVEL MG II,Biogás - RA,animal_manure_agro,Comercial,PJ,Minigeracao,800.0,,-19.44,-42.51,electricity_gd,primary,ANEEL Geração Distribuída (Dados Abertos),https://dadosabertos.aneel.gov.br/dataset/relacao-de-empreendimentos-de-geracao-distribuida,1
MG,Santo Antônio do Aventureiro,3160009,(redacted),Biogás - RA,animal_manure_agro,Rural,PF,Microgeracao,75.0,,-21.7,-42.79,electricity_gd,primary,ANEEL Geração Distribuída (Dados Abertos),https://dadosabertos.aneel.gov.br/dataset/relacao-de-empreendimentos-de-geracao-distribuida,1
MG,Santo Antônio do Grama,3160108,(redacted),Biogás - RU,msw_landfill,Rural,PF,Microgeracao,75.0,,-20.33,-42.58,electricity_gd,primary,ANEEL Geração Distribuída (Dados Abertos),https://dadosabertos.aneel.gov.br/dataset/relacao-de-empreendimentos-de-geracao-distribuida,1
MG,Santo Antônio do Grama,3160108,(redacted),Biogás - RA,animal_manure_agro,Rural,PF,Microgeracao,60.0,,-20.34,-42.62,electricity_gd,primary,ANEEL Geração Distribuída (Dados Abertos),https://dadosabertos.aneel.gov.br/dataset/relacao-de-empreendimentos-de-geracao-distribuida,1
MG,Serra do Salitre,3166808,(redacted),Biogás-AGR,agricultural_residues,Rural,PF,Minigeracao,96.0,,-19.27,-46.73,electricity_gd,primary,ANEEL Geração Distribuída (Dados Abertos),https://dadosabertos.aneel.gov.br/dataset/relacao-de-empreendimentos-de-geracao-distribuida,1
MG,Sete Lagoas,3167202,(redacted),Biogás - RA,animal_manure_agro,Rural,PF,Minigeracao,83.84,,-19.39,-44.23,electricity_gd,primary,ANEEL Geração Distribuída (Dados Abertos),https://dadosabertos.aneel.gov.br/dataset/relacao-de-empreendimentos-de-geracao-distribuida,1
MG,São Gonçalo do Sapucaí,3162005,(redacted),Biogás - RA,animal_manure_agro,Rural,PF,Microgeracao,75.0,,-21.87,-45.67,electricity_gd,primary,ANEEL Geração Distribuída (Dados Abertos),https://dadosabertos.aneel.gov.br/dataset/relacao-de-empreendimentos-de-geracao-distribuida,1
MG,São José da Varginha,3163102,COOPERATIVA BRASILEIRA DE ACESSO,Biogás - RA,animal_manure_agro,Rural,PJ,Microgeracao,75.0,,-19.72,-44.57,electricity_gd,primary,ANEEL Geração Distribuída (Dados Abertos),https://dadosabertos.aneel.gov.br/dataset/relacao-de-empreendimentos-de-geracao-distribuida,1
MG,São José da Varginha,3163102,COOPERATIVA BRASILEIRA DE ACESSO,Biogás - RA,animal_manure_agro,Rural,PJ,Microgeracao,75.0,,-19.78,-44.58,electricity_gd,primary,ANEEL Geração Distribuída (Dados Abertos),https://dadosabertos.aneel.gov.br/dataset/relacao-de-empreendimentos-de-geracao-distribuida,1
MG,São José da Varginha,3163102,(redacted),Biogás - Floresta,forestry_residues,Rural,PF,Microgeracao,75.0,,-19.78,-44.58,electricity_gd,primary,ANEEL Geração Distribuída (Dados Abertos),https://dadosabertos.aneel.gov.br/dataset/relacao-de-empreendimentos-de-geracao-distribuida,1
MG,São José da Varginha,3163102,(redacted),Biogás - RU,msw_landfill,Rural,PF,Microgeracao,75.0,,-19.78,-44.59,electricity_gd,primary,ANEEL Geração Distribuída (Dados Abertos),https://dadosabertos.aneel.gov.br/dataset/relacao-de-empreendimentos-de-geracao-distribuida,1
MG,São José da Varginha,3163102,(redacted),Biogás - RU,msw_landfill,Rural,PF,Microgeracao,75.0,,-19.78,-44.58,electricity_gd,primary,ANEEL Geração Distribuída (Dados Abertos),https://dadosabertos.aneel.gov.br/dataset/relacao-de-empreendimentos-de-geracao-distribuida,1
MG,São José da Varginha,3163102,(redacted),Biogás - RU,msw_landfill,Rural,PF,Microgeracao,75.0,,-19.77,-44.58,electricity_gd,primary,ANEEL Geração Distribuída (Dados Abertos),https://dadosabertos.aneel.gov.br/dataset/relacao-de-empreendimentos-de-geracao-distribuida,1
MG,São José da Varginha,3163102,(redacted),Biogás - RU,msw_landfill,Rural,PF,Microgeracao,75.0,,-19.75,-44.54,electricity_gd,primary,ANEEL Geração Distribuída (Dados Abertos),https://dadosabertos.aneel.gov.br/dataset/relacao-de-empreendimentos-de-geracao-distribuida,1
MG,São José da Varginha,3163102,(redacted),Biogás - RU,msw_landfill,Rural,PF,Microgeracao,75.0,,-19.75,-44.53,electricity_gd,primary,ANEEL Geração Distribuída (Dados Abertos),https://dadosabertos.aneel.gov.br/dataset/relacao-de-empreendimentos-de-geracao-distribuida,1
MG,São José da Varginha,3163102,(redacted),Biogás - RU,msw_landfill,Rural,PF,Microgeracao,75.0,,-19.76,-44.56,electricity_gd,primary,ANEEL Geração Distribuída (Dados Abertos),https://dadosabertos.aneel.gov.br/dataset/relacao-de-empreendimentos-de-geracao-distribuida,1
MG,São José da Varginha,3163102,(redacted),Biogás - RA,animal_manure_agro,Rural,PF,Microgeracao,75.0,,-19.74,-44.55,electricity_gd,primary,ANEEL Geração Distribuída (Dados Abertos),https://dadosabertos.aneel.gov.br/dataset/relacao-de-empreendimentos-de-geracao-distribuida,1
MG,São José da Varginha,3163102,(redacted),Biogás-AGR,agricultural_residues,Rural,PF,Microgeracao,74.4,,-19.73,-44.57,electricity_gd,primary,ANEEL Geração Distribuída (Dados Abertos),https://dadosabertos.aneel.gov.br/dataset/relacao-de-empreendimentos-de-geracao-distribuida,1
MG,São José da Varginha,3163102,(redacted),Biogás - RU,msw_landfill,Rural,PF,Microgeracao,67.5,,-19.74,-44.55,electricity_gd,primary,ANEEL Geração Distribuída (Dados Abertos),https://dadosabertos.aneel.gov.br/dataset/relacao-de-empreendimentos-de-geracao-distribuida,1
MG,São João da Ponte,3162401,(redacted),Biogás - RU,msw_landfill,Rural,PF,Minigeracao,200.0,,-15.99,-43.69,electricity_gd,primary,ANEEL Geração Distribuída (Dados Abertos),https://dadosabertos.aneel.gov.br/dataset/relacao-de-empreendimentos-de-geracao-distribuida,1
MG,São João da Ponte,3162401,FORTALEZA STA TERESINHA AGRIC PEC S,Biogás - RU,msw_landfill,Rural,PJ,Minigeracao,200.0,,-16.0,-43.75,electricity_gd,primary,ANEEL Geração Distribuída (Dados Abertos),https://dadosabertos.aneel.gov.br/dataset/relacao-de-empreendimentos-de-geracao-distribuida,1
MG,São Sebastião do Oeste,3164605,RADIL ALIMENTOS LTDA,Biogás - RA,animal_manure_agro,Industrial,PJ,Microgeracao,75.0,,-20.2,-45.03,electricity_gd,primary,ANEEL Geração Distribuída (Dados Abertos),https://dadosabertos.aneel.gov.br/dataset/relacao-de-empreendimentos-de-geracao-distribuida,1
MG,Teixeiras,3168507,(redacted),Biogás - RA,animal_manure_agro,Rural,PF,Minigeracao,192.0,,-20.6,-42.91,electricity_gd,primary,ANEEL Geração Distribuída (Dados Abertos),https://dadosabertos.aneel.gov.br/dataset/relacao-de-empreendimentos-de-geracao-distribuida,1
MG,Teixeiras,3168507,(redacted),Biogás - RA,animal_manure_agro,Rural,PF,Minigeracao,192.0,,-20.57,-42.86,electricity_gd,primary,ANEEL Geração Distribuída (Dados Abertos),https://dadosabertos.aneel.gov.br/dataset/relacao-de-empreendimentos-de-geracao-distribuida,1
MG,Três Corações,3169307,(redacted),Biogás - RA,animal_manure_agro,Rural,PF,Microgeracao,75.0,,-21.7,-45.16,electricity_gd,primary,ANEEL Geração Distribuída (Dados Abertos),https://dadosabertos.aneel.gov.br/dataset/relacao-de-empreendimentos-de-geracao-distribuida,1
MG,Três Corações,3169307,(redacted),Biogás - RA,animal_manure_agro,Rural,PF,Microgeracao,60.0,,-21.72,-45.16,electricity_gd,primary,ANEEL Geração Distribuída (Dados Abertos),https://dadosabertos.aneel.gov.br/dataset/relacao-de-empreendimentos-de-geracao-distribuida,1
MG,Uberaba,3170107,(redacted),Biogás - RU,msw_landfill,Rural,PF,Microgeracao,74.4,,-19.41,-48.38,electricity_gd,primary,ANEEL Geração Distribuída (Dados Abertos),https://dadosabertos.aneel.gov.br/dataset/relacao-de-empreendimentos-de-geracao-distribuida,1
MG,Uberaba,3170107,(redacted),Biogás - RA,animal_manure_agro,Rural,PF,Microgeracao,74.4,,-19.39,-48.37,electricity_gd,primary,ANEEL Geração Distribuída (Dados Abertos),https://dadosabertos.aneel.gov.br/dataset/relacao-de-empreendimentos-de-geracao-distribuida,1
MG,Uberlândia,3170206,(redacted),Biogás-AGR,agricultural_residues,Rural,PF,Minigeracao,128.0,,-18.92,-48.28,electricity_gd,primary,ANEEL Geração Distribuída (Dados Abertos),https://dadosabertos.aneel.gov.br/dataset/relacao-de-empreendimentos-de-geracao-distribuida,1
MG,Uberlândia,3170206,FRIGORIFICO LUCIANA LTDA,Biogás - RA,animal_manure_agro,Rural,PJ,Minigeracao,99.22,,-18.72,-48.38,electricity_gd,primary,ANEEL Geração Distribuída (Dados Abertos),https://dadosabertos.aneel.gov.br/dataset/relacao-de-empreendimentos-de-geracao-distribuida,1
MG,Uberlândia,3170206,(redacted),Biogás - RA,animal_manure_agro,Rural,PF,Microgeracao,75.0,,-18.84,-48.58,electricity_gd,primary,ANEEL Geração Distribuída (Dados Abertos),https://dadosabertos.aneel.gov.br/dataset/relacao-de-empreendimentos-de-geracao-distribuida,1
MG,Uberlândia,3170206,(redacted),Biogás - RA,animal_manure_agro,Rural,PF,Microgeracao,75.0,,-19.1,-48.81,electricity_gd,primary,ANEEL Geração Distribuída (Dados Abertos),https://dadosabertos.aneel.gov.br/dataset/relacao-de-empreendimentos-de-geracao-distribuida,1
MG,Uberlândia,3170206,(redacted),Biogás - RU,msw_landfill,Rural,PF,Microgeracao,74.4,,-18.85,-48.58,electricity_gd,primary,ANEEL Geração Distribuída (Dados Abertos),https://dadosabertos.aneel.gov.br/dataset/relacao-de-empreendimentos-de-geracao-distribuida,1
MG,Uberlândia,3170206,SEAP INVESTIMENTOS RURAIS LTDA,Biogás-AGR,agricultural_residues,Rural,PJ,Microgeracao,69.76,,-19.17,-48.49,electricity_gd,primary,ANEEL Geração Distribuída (Dados Abertos),https://dadosabertos.aneel.gov.br/dataset/relacao-de-empreendimentos-de-geracao-distribuida,1
MG,Urucânia,3170503,(redacted),Biogás - RA,animal_manure_agro,Rural,PF,Minigeracao,144.0,,-20.33,-42.74,electricity_gd,primary,ANEEL Geração Distribuída (Dados Abertos),https://dadosabertos.aneel.gov.br/dataset/relacao-de-empreendimentos-de-geracao-distribuida,1
MG,Urucânia,3170503,(redacted),Biogás - RA,animal_manure_agro,Rural,PF,Minigeracao,96.0,,-20.37,-42.73,electricity_gd,primary,ANEEL Geração Distribuída (Dados Abertos),https://dadosabertos.aneel.gov.br/dataset/relacao-de-empreendimentos-de-geracao-distribuida,1
MG,Urucânia,3170503,(redacted),Biogás - RA,animal_manure_agro,Rural,PF,Minigeracao,96.0,,-20.36,-42.7,electricity_gd,primary,ANEEL Geração Distribuída (Dados Abertos),https://dadosabertos.aneel.gov.br/dataset/relacao-de-empreendimentos-de-geracao-distribuida,1
MG,Urucânia,3170503,(redacted),Biogás - RA,animal_manure_agro,Rural,PF,Minigeracao,96.0,,-20.35,-42.7,electricity_gd,primary,ANEEL Geração Distribuída (Dados Abertos),https://dadosabertos.aneel.gov.br/dataset/relacao-de-empreendimentos-de-geracao-distribuida,1
MG,Urucânia,3170503,(redacted),Biogás - RU,msw_landfill,Rural,PF,Microgeracao,75.0,,-20.36,-42.7,electricity_gd,primary,ANEEL Geração Distribuída (Dados Abertos),https://dadosabertos.aneel.gov.br/dataset/relacao-de-empreendimentos-de-geracao-distribuida,2
MG,Urucânia,3170503,(redacted),Biogás - RU,msw_landfill,Rural,PF,Microgeracao,75.0,,-20.36,-42.7,electricity_gd,primary,ANEEL Geração Distribuída (Dados Abertos),https://dadosabertos.aneel.gov.br/dataset/relacao-de-empreendimentos-de-geracao-distribuida,2
MG,Urucânia,3170503,(redacted),Biogás - RA,animal_manure_agro,Rural,PF,Microgeracao,75.0,,-20.32,-42.75,electricity_gd,primary,ANEEL Geração Distribuída (Dados Abertos),https://dadosabertos.aneel.gov.br/dataset/relacao-de-empreendimentos-de-geracao-distribuida,1
MG,Urucânia,3170503,(redacted),Biogás - RA,animal_manure_agro,Rural,PF,Microgeracao,75.0,,-20.36,-42.72,electricity_gd,primary,ANEEL Geração Distribuída (Dados Abertos),https://dadosabertos.aneel.gov.br/dataset/relacao-de-empreendimentos-de-geracao-distribuida,1
MG,Urucânia,3170503,(redacted),Biogás - RU,msw_landfill,Rural,PF,Microgeracao,75.0,,-20.37,-42.73,electricity_gd,primary,ANEEL Geração Distribuída (Dados Abertos),https://dadosabertos.aneel.gov.br/dataset/relacao-de-empreendimentos-de-geracao-distribuida,1
MG,Urucânia,3170503,(redacted),Biogás - RA,animal_manure_agro,Rural,PF,Microgeracao,75.0,,-20.36,-42.7,electricity_gd,primary,ANEEL Geração Distribuída (Dados Abertos),https://dadosabertos.aneel.gov.br/dataset/relacao-de-empreendimentos-de-geracao-distribuida,3
MG,Urucânia,3170503,(redacted),Biogás - RA,animal_manure_agro,Rural,PF,Microgeracao,75.0,,-20.36,-42.7,electricity_gd,primary,ANEEL Geração Distribuída (Dados Abertos),https://dadosabertos.aneel.gov.br/dataset/relacao-de-empreendimentos-de-geracao-distribuida,3
MG,Urucânia,3170503,(redacted),Biogás - Floresta,forestry_residues,Rural,PF,Microgeracao,75.0,,-20.37,-42.72,electricity_gd,primary,ANEEL Geração Distribuída (Dados Abertos),https://dadosabertos.aneel.gov.br/dataset/relacao-de-empreendimentos-de-geracao-distribuida,1
MG,Urucânia,3170503,(redacted),Biogás - RU,msw_landfill,Rural,PF,Microgeracao,75.0,,-20.32,-42.71,electricity_gd,primary,ANEEL Geração Distribuída (Dados Abertos),https://dadosabertos.aneel.gov.br/dataset/relacao-de-empreendimentos-de-geracao-distribuida,1
MG,Urucânia,3170503,(redacted),Biogás - RU,msw_landfill,Rural,PF,Microgeracao,75.0,,-20.35,-42.7,electricity_gd,primary,ANEEL Geração Distribuída (Dados Abertos),https://dadosabertos.aneel.gov.br/dataset/relacao-de-empreendimentos-de-geracao-distribuida,1
MG,Urucânia,3170503,(redacted),Biogás - RA,animal_manure_agro,Rural,PF,Microgeracao,75.0,,-20.36,-42.7,electricity_gd,primary,ANEEL Geração Distribuída (Dados Abertos),https://dadosabertos.aneel.gov.br/dataset/relacao-de-empreendimentos-de-geracao-distribuida,3
MG,Urucânia,3170503,(redacted),Biogás - RA,animal_manure_agro,Rural,PF,Microgeracao,75.0,,-20.35,-42.7,electricity_gd,primary,ANEEL Geração Distribuída (Dados Abertos),https://dadosabertos.aneel.gov.br/dataset/relacao-de-empreendimentos-de-geracao-distribuida,1
MG,Varjão de Minas,3170750,(redacted),Biogás - RU,msw_landfill,Rural,PF,Minigeracao,480.0,,-18.46,-45.94,electricity_gd,primary,ANEEL Geração Distribuída (Dados Abertos),https://dadosabertos.aneel.gov.br/dataset/relacao-de-empreendimentos-de-geracao-distribuida,1
MG,Varjão de Minas,3170750,(redacted),Biogás-AGR,agricultural_residues,Rural,PF,Minigeracao,96.0,,-18.46,-45.94,electricity_gd,primary,ANEEL Geração Distribuída (Dados Abertos),https://dadosabertos.aneel.gov.br/dataset/relacao-de-empreendimentos-de-geracao-distribuida,1
MS,Caarapó,5002407,(redacted),Biogás-AGR,agricultural_residues,Rural,PF,Minigeracao,111.38,,-22.64,-54.71,electricity_gd,primary,ANEEL Geração Distribuída (Dados Abertos),https://dadosabertos.aneel.gov.br/dataset/relacao-de-empreendimentos-de-geracao-distribuida,1
MS,Campo Grande,5002704,COOP DE ELET RURAL DA GRANDE CAMPO GRANDE CERCAMPO,Biogás - RU,msw_landfill,Rural,PJ,Minigeracao,500.06,,-20.99,-54.51,electricity_gd,primary,ANEEL Geração Distribuída (Dados Abertos),https://dadosabertos.aneel.gov.br/dataset/relacao-de-empreendimentos-de-geracao-distribuida,1
MS,Campo Grande,5002704,JEROÁ SUINOCULTURA LTDA,Biogás - RA,animal_manure_agro,Rural,PJ,Minigeracao,260.0,,-20.64,-54.57,electricity_gd,primary,ANEEL Geração Distribuída (Dados Abertos),https://dadosabertos.aneel.gov.br/dataset/relacao-de-empreendimentos-de-geracao-distribuida,1
MS,Deodápolis,5003454,LUA CLARA AGROINDUSTRIAL E TRANSPORTE LTDA,Biogás - RU,msw_landfill,Industrial,PJ,Minigeracao,95.0,,-22.29,-54.13,electricity_gd,primary,ANEEL Geração Distribuída (Dados Abertos),https://dadosabertos.aneel.gov.br/dataset/relacao-de-empreendimentos-de-geracao-distribuida,1
MS,Dois Irmãos do Buriti,5003488,EMPRESA DE RADIODIFUSÃO FM TUIUIU LTDA,Biogás - RU,msw_landfill,Industrial,PJ,Minigeracao,190.0,,-22.34,-53.84,electricity_gd,primary,ANEEL Geração Distribuída (Dados Abertos),https://dadosabertos.aneel.gov.br/dataset/relacao-de-empreendimentos-de-geracao-distribuida,1
MS,Dourados,5003702,AGROCERES PIC SUINOS LTDA,Biogás - RU,msw_landfill,Rural,PJ,Microgeracao,75.0,,-22.44,-55.46,electricity_gd,primary,ANEEL Geração Distribuída (Dados Abertos),https://dadosabertos.aneel.gov.br/dataset/relacao-de-empreendimentos-de-geracao-distribuida,1
MS,Glória de Dourados,5004007,(redacted),Biogás - RA,animal_manure_agro,Rural,PF,Microgeracao,67.16,,-22.51,-54.16,electricity_gd,primary,ANEEL Geração Distribuída (Dados Abertos),https://dadosabertos.aneel.gov.br/dataset/relacao-de-empreendimentos-de-geracao-distribuida,1
MS,Itaporã,5004502,(redacted),Biogás - RU,msw_landfill,Rural,PF,Microgeracao,74.75,,-22.02,-54.78,electricity_gd,primary,ANEEL Geração Distribuída (Dados Abertos),https://dadosabertos.aneel.gov.br/dataset/relacao-de-empreendimentos-de-geracao-distribuida,1
MS,Itaporã,5004502,(redacted),Biogás - RU,msw_landfill,Rural,PF,Microgeracao,74.25,,-22.02,-54.8,electricity_gd,primary,ANEEL Geração Distribuída (Dados Abertos),https://dadosabertos.aneel.gov.br/dataset/relacao-de-empreendimentos-de-geracao-distribuida,1
MS,Ivinhema,5004700,(redacted),Biogás - RA,animal_manure_agro,Rural,PF,Minigeracao,112.5,,-22.34,-53.81,electricity_gd,primary,ANEEL Geração Distribuída (Dados Abertos),https://dadosabertos.aneel.gov.br/dataset/relacao-de-empreendimentos-de-geracao-distribuida,1
MS,Ivinhema,5004700,(redacted),Biogás - RA,animal_manure_agro,Rural,PF,Minigeracao,110.0,,-22.24,-53.87,electricity_gd,primary,ANEEL Geração Distribuída (Dados Abertos),https://dadosabertos.aneel.gov.br/dataset/relacao-de-empreendimentos-de-geracao-distribuida,1
MS,Ivinhema,5004700,(redacted),Biogás - RU,msw_landfill,Rural,PF,Microgeracao,73.26,,-22.36,-53.88,electricity_gd,primary,ANEEL Geração Distribuída (Dados Abertos),https://dadosabertos.aneel.gov.br/dataset/relacao-de-empreendimentos-de-geracao-distribuida,1
MS,Jateí,5005103,(redacted),Biogás - RA,animal_manure_agro,Rural,PF,Minigeracao,190.0,,-22.48,-54.31,electricity_gd,primary,ANEEL Geração Distribuída (Dados Abertos),https://dadosabertos.aneel.gov.br/dataset/relacao-de-empreendimentos-de-geracao-distribuida,1
MS,Jateí,5005103,(redacted),Biogás - RU,msw_landfill,Rural,PF,Minigeracao,110.0,,-22.54,-54.14,electricity_gd,primary,ANEEL Geração Distribuída (Dados Abertos),https://dadosabertos.aneel.gov.br/dataset/relacao-de-empreendimentos-de-geracao-distribuida,1
MS,Jateí,5005103,(redacted),Biogás - RU,msw_landfill,Rural,PF,Minigeracao,95.0,,-22.47,-54.27,electricity_gd,primary,ANEEL Geração Distribuída (Dados Abertos),https://dadosabertos.aneel.gov.br/dataset/relacao-de-empreendimentos-de-geracao-distribuida,1
MS,Jateí,5005103,(redacted),Biogás - Floresta,forestry_residues,Rural,PF,Microgeracao,74.0,,-22.48,-54.27,electricity_gd,primary,ANEEL Geração Distribuída (Dados Abertos),https://dadosabertos.aneel.gov.br/dataset/relacao-de-empreendimentos-de-geracao-distribuida,1
MS,Laguna Carapã,5005251,(redacted),Biogás - RA,animal_manure_agro,Rural,PF,Minigeracao,193.0,,-22.73,-55.13,electricity_gd,primary,ANEEL Geração Distribuída (Dados Abertos),https://dadosabertos.aneel.gov.br/dataset/relacao-de-empreendimentos-de-geracao-distribuida,1
MS,Rio Brilhante,5007208,(redacted),Biogás - RA,animal_manure_agro,Rural,PF,Microgeracao,74.25,,-21.84,-54.51,electricity_gd,primary,ANEEL Geração Distribuída (Dados Abertos),https://dadosabertos.aneel.gov.br/dataset/relacao-de-empreendimentos-de-geracao-distribuida,1
MS,Rio Brilhante,5007208,(redacted),Biogás - RU,msw_landfill,Comercial,PF,Microgeracao,61.8,,-20.46,-54.64,electricity_gd,primary,ANEEL Geração Distribuída (Dados Abertos),https://dadosabertos.aneel.gov.br/dataset/relacao-de-empreendimentos-de-geracao-distribuida,1
MS,Rio Negro,5007307,(redacted),Biogás - RU,msw_landfill,Rural,PF,Minigeracao,95.58,,-19.55,-54.96,electricity_gd,primary,ANEEL Geração Distribuída (Dados Abertos),https://dadosabertos.aneel.gov.br/dataset/relacao-de-empreendimentos-de-geracao-distribuida,1
MS,Rio Negro,5007307,(redacted),Biogás - RU,msw_landfill,Rural,PF,Minigeracao,95.0,,-18.56,-53.12,electricity_gd,primary,ANEEL Geração Distribuída (Dados Abertos),https://dadosabertos.aneel.gov.br/dataset/relacao-de-empreendimentos-de-geracao-distribuida,1
MS,São Gabriel do Oeste,5007695,PRODUZIR AGROPECUARIA LTDA,Biogás - RA,animal_manure_agro,Rural,PJ,Minigeracao,112.5,,-19.27,-54.5,electricity_gd,primary,ANEEL Geração Distribuída (Dados Abertos),https://dadosabertos.aneel.gov.br/dataset/relacao-de-empreendimentos-de-geracao-distribuida,1
MS,São Gabriel do Oeste,5007695,(redacted),Biogás - RA,animal_manure_agro,Rural,PF,Minigeracao,95.0,,-19.28,-54.62,electricity_gd,primary,ANEEL Geração Distribuída (Dados Abertos),https://dadosabertos.aneel.gov.br/dataset/relacao-de-empreendimentos-de-geracao-distribuida,1
MT,Campo Verde,5102678,(redacted),Biogás-AGR,agricultural_residues,Rural,PF,Minigeracao,103.5,,-15.43,-55.26,electricity_gd,primary,ANEEL Geração Distribuída (Dados Abertos),https://dadosabertos.aneel.gov.br/dataset/relacao-de-empreendimentos-de-geracao-distribuida,1
MT,Ipiranga do Norte,5104526,(redacted),Biogás - RA,animal_manure_agro,Rural,PF,Minigeracao,1932.0,,-12.04,-56.05,electricity_gd,primary,ANEEL Geração Distribuída (Dados Abertos),https://dadosabertos.aneel.gov.br/dataset/relacao-de-empreendimentos-de-geracao-distribuida,1
MT,Ipiranga do Norte,5104526,(redacted),Biogás - RA,animal_manure_agro,Industrial,PF,Microgeracao,69.0,,-11.65,-56.06,electricity_gd,primary,ANEEL Geração Distribuída (Dados Abertos),https://dadosabertos.aneel.gov.br/dataset/relacao-de-empreendimentos-de-geracao-distribuida,1
MT,Itiquira,5104609,AGRO INVESTIMENTOS SACHETTI LTDA,Biogás - RA,animal_manure_agro,Rural,PJ,Minigeracao,460.0,,-17.0,-54.0,electricity_gd,primary,ANEEL Geração Distribuída (Dados Abertos),https://dadosabertos.aneel.gov.br/dataset/relacao-de-empreendimentos-de-geracao-distribuida,1
MT,Lucas do Rio Verde,5105259,(redacted),Biogás - RA,animal_manure_agro,Rural,PF,Minigeracao,276.0,,-12.75,-56.22,electricity_gd,primary,ANEEL Geração Distribuída (Dados Abertos),https://dadosabertos.aneel.gov.br/dataset/relacao-de-empreendimentos-de-geracao-distribuida,1
MT,Lucas do Rio Verde,5105259,(redacted),Biogás - RA,animal_manure_agro,Rural,PF,Minigeracao,276.0,,-12.79,-56.16,electricity_gd,primary,ANEEL Geração Distribuída (Dados Abertos),https://dadosabertos.aneel.gov.br/dataset/relacao-de-empreendimentos-de-geracao-distribuida,1
MT,Lucas do Rio Verde,5105259,(redacted),Biogás - RA,animal_manure_agro,Rural,PF,Minigeracao,276.0,,-13.06,-55.92,electricity_gd,primary,ANEEL Geração Distribuída (Dados Abertos),https://dadosabertos.aneel.gov.br/dataset/relacao-de-empreendimentos-de-geracao-distribuida,1
MT,Lucas do Rio Verde,5105259,(redacted),Biogás-AGR,agricultural_residues,Rural,PF,Minigeracao,100.0,,-12.69,-56.12,electricity_gd,primary,ANEEL Geração Distribuída (Dados Abertos),https://dadosabertos.aneel.gov.br/dataset/relacao-de-empreendimentos-de-geracao-distribuida,1
MT,Lucas do Rio Verde,5105259,(redacted),Biogás - RA,animal_manure_agro,Rural,PF,Microgeracao,69.0,,-13.0,-56.0,electricity_gd,primary,ANEEL Geração Distribuída (Dados Abertos),https://dadosabertos.aneel.gov.br/dataset/relacao-de-empreendimentos-de-geracao-distribuida,2
MT,Lucas do Rio Verde,5105259,ASSOCIAÇÃO BOM PRINCÍPIO SOLAR,Biogás - RA,animal_manure_agro,Comercial,PJ,Microgeracao,69.0,,-13.0,-56.0,electricity_gd,primary,ANEEL Geração Distribuída (Dados Abertos),https://dadosabertos.aneel.gov.br/dataset/relacao-de-empreendimentos-de-geracao-distribuida,2
MT,Lucas do Rio Verde,5105259,(redacted),Biogás - RA,animal_manure_agro,Rural,PF,Microgeracao,31.5,,-12.73,-56.15,electricity_gd,primary,ANEEL Geração Distribuída (Dados Abertos),https://dadosabertos.aneel.gov.br/dataset/relacao-de-empreendimentos-de-geracao-distribuida,1
MT,Lucas do Rio Verde,5105259,(redacted),Biogás - RU,msw_landfill,Rural,PF,Microgeracao,10.13,,-12.73,-56.15,electricity_gd,primary,ANEEL Geração Distribuída (Dados Abertos),https://dadosabertos.aneel.gov.br/dataset/relacao-de-empreendimentos-de-geracao-distribuida,1
MT,Nova Mutum,5106224,IDEAL PORK S.A,Biogás - RA,animal_manure_agro,Rural,PJ,Minigeracao,1000.0,,-13.52,-56.08,electricity_gd,primary,ANEEL Geração Distribuída (Dados Abertos),https://dadosabertos.aneel.gov.br/dataset/relacao-de-empreendimentos-de-geracao-distribuida,1
MT,Nova Mutum,5106224,COOPERATIVA AGROPECUARIA MISTA NOVA MUTUM,Biogás - RA,animal_manure_agro,Rural,PJ,Minigeracao,276.0,,-13.75,-56.06,electricity_gd,primary,ANEEL Geração Distribuída (Dados Abertos),https://dadosabertos.aneel.gov.br/dataset/relacao-de-empreendimentos-de-geracao-distribuida,1
MT,Nova Mutum,5106224,(redacted),Biogás - RA,animal_manure_agro,Rural,PF,Minigeracao,276.0,,-13.52,-56.08,electricity_gd,primary,ANEEL Geração Distribuída (Dados Abertos),https://dadosabertos.aneel.gov.br/dataset/relacao-de-empreendimentos-de-geracao-distribuida,1
MT,Nova Mutum,5106224,(redacted),Biogás - RA,animal_manure_agro,Rural,PF,Microgeracao,75.0,,-13.89,-55.61,electricity_gd,primary,ANEEL Geração Distribuída (Dados Abertos),https://dadosabertos.aneel.gov.br/dataset/relacao-de-empreendimentos-de-geracao-distribuida,1
MT,Primavera do Leste,5107040,IBF AGROPECUARIA SA,Biogás - RA,animal_manure_agro,Rural,PJ,Minigeracao,475.0,,-15.0,-54.0,electricity_gd,primary,ANEEL Geração Distribuída (Dados Abertos),https://dadosabertos.aneel.gov.br/dataset/relacao-de-empreendimentos-de-geracao-distribuida,1
MT,Santa Rita do Trivelato,5107768,(redacted),Biogás-AGR,agricultural_residues,Rural,PF,Minigeracao,252.0,,-13.82,-55.27,electricity_gd,primary,ANEEL Geração Distribuída (Dados Abertos),https://dadosabertos.aneel.gov.br/dataset/relacao-de-empreendimentos-de-geracao-distribuida,1
MT,Sorriso,5107925,Consórcio Urca MT Energia de Geração Compartilhada,Biogás - RA,animal_manure_agro,Industrial,PJ,Minigeracao,1000.0,,-12.53,-55.82,electricity_gd,primary,ANEEL Geração Distribuída (Dados Abertos),https://dadosabertos.aneel.gov.br/dataset/relacao-de-empreendimentos-de-geracao-distribuida,1
MT,Sorriso,5107925,(redacted),Biogás-AGR,agricultural_residues,Rural,PF,Minigeracao,276.0,,-12.53,-55.82,electricity_gd,primary,ANEEL Geração Distribuída (Dados Abertos),https://dadosabertos.aneel.gov.br/dataset/relacao-de-empreendimentos-de-geracao-distribuida,1
MT,Sorriso,5107925,(redacted),Biogás-AGR,agricultural_residues,Rural,PF,Minigeracao,276.0,,-13.38,-55.21,electricity_gd,primary,ANEEL Geração Distribuída (Dados Abertos),https://dadosabertos.aneel.gov.br/dataset/relacao-de-empreendimentos-de-geracao-distribuida,1
MT,Sorriso,5107925,(redacted),Biogás - RA,animal_manure_agro,Rural,PF,Minigeracao,103.5,,-12.6,-55.67,electricity_gd,primary,ANEEL Geração Distribuída (Dados Abertos),https://dadosabertos.aneel.gov.br/dataset/relacao-de-empreendimentos-de-geracao-distribuida,1
MT,Sorriso,5107925,(redacted),Biogás - RA,animal_manure_agro,Rural,PF,Microgeracao,75.0,,-12.62,-55.82,electricity_gd,primary,ANEEL Geração Distribuída (Dados Abertos),https://dadosabertos.aneel.gov.br/dataset/relacao-de-empreendimentos-de-geracao-distribuida,1
MT,Sorriso,5107925,(redacted),Biogás - RA,animal_manure_agro,Rural,PF,Microgeracao,75.0,,-12.79,-55.84,electricity_gd,primary,ANEEL Geração Distribuída (Dados Abertos),https://dadosabertos.aneel.gov.br/dataset/relacao-de-empreendimentos-de-geracao-distribuida,1
MT,Sorriso,5107925,(redacted),Biogás-AGR,agricultural_residues,Rural,PF,Microgeracao,60.0,,-12.59,-55.68,electricity_gd,primary,ANEEL Geração Distribuída (Dados Abertos),https://dadosabertos.aneel.gov.br/dataset/relacao-de-empreendimentos-de-geracao-distribuida,1
MT,Tapurah,5108006,(redacted),Biogás - RA,animal_manure_agro,Rural,PF,Minigeracao,2865.8,,-12.58,-56.49,electricity_gd,primary,ANEEL Geração Distribuída (Dados Abertos),https://dadosabertos.aneel.gov.br/dataset/relacao-de-empreendimentos-de-geracao-distribuida,1
MT,Tapurah,5108006,(redacted),Biogás-AGR,agricultural_residues,Rural,PF,Minigeracao,276.0,,-12.62,-56.29,electricity_gd,primary,ANEEL Geração Distribuída (Dados Abertos),https://dadosabertos.aneel.gov.br/dataset/relacao-de-empreendimentos-de-geracao-distribuida,1
MT,Tapurah,5108006,(redacted),Biogás - RA,animal_manure_agro,Rural,PF,Minigeracao,276.0,,-12.8,-56.51,electricity_gd,primary,ANEEL Geração Distribuída (Dados Abertos),https://dadosabertos.aneel.gov.br/dataset/relacao-de-empreendimentos-de-geracao-distribuida,1
MT,Tapurah,5108006,(redacted),Biogás - RA,animal_manure_agro,Rural,PF,Minigeracao,270.48,,-12.58,-56.49,electricity_gd,primary,ANEEL Geração Distribuída (Dados Abertos),https://dadosabertos.aneel.gov.br/dataset/relacao-de-empreendimentos-de-geracao-distribuida,1
MT,Tapurah,5108006,Consórcio Urca MT Energia de Geração Compartilhada,Biogás - RU,msw_landfill,Rural,PJ,Minigeracao,250.0,,-12.25,-56.41,electricity_gd,primary,ANEEL Geração Distribuída (Dados Abertos),https://dadosabertos.aneel.gov.br/dataset/relacao-de-empreendimentos-de-geracao-distribuida,1
MT,Tapurah,5108006,(redacted),Biogás - RA,animal_manure_agro,Rural,PF,Minigeracao,230.0,,-12.74,-56.51,electricity_gd,primary,ANEEL Geração Distribuída (Dados Abertos),https://dadosabertos.aneel.gov.br/dataset/relacao-de-empreendimentos-de-geracao-distribuida,1
MT,Vera,5108501,FRIGORIFICO NUTRIBRAS LTDA,Biogás - RA,animal_manure_agro,Industrial,PJ,Minigeracao,690.0,,-12.27,-55.4,electricity_gd,primary,ANEEL Geração Distribuída (Dados Abertos),https://dadosabertos.aneel.gov.br/dataset/relacao-de-empreendimentos-de-geracao-distribuida,1
MT,Vera,5108501,FRIGORIFICO NUTRIBRAS LTDA,Biogás - RA,animal_manure_agro,Industrial,PJ,Minigeracao,103.5,,-12.27,-55.4,electricity_gd,primary,ANEEL Geração Distribuída (Dados Abertos),https://dadosabertos.aneel.gov.br/dataset/relacao-de-empreendimentos-de-geracao-distribuida,1
PB,Campina Grande,2504009,CONSORCIO ENERGIA LIVRE,Biogás - RU,msw_landfill,Comercial,PJ,Minigeracao,2500.0,,-8.1,-36.1,electricity_gd,primary,ANEEL Geração Distribuída (Dados Abertos),https://dadosabertos.aneel.gov.br/dataset/relacao-de-empreendimentos-de-geracao-distribuida,1
PB,Guarabira,2506301,ASJA PARAIBA GERACAO DISTRIBUIDA LIMITADA,Biogás - Floresta,forestry_residues,Industrial,PJ,Minigeracao,2500.0,,-3.28,-60.3,electricity_gd,primary,ANEEL Geração Distribuída (Dados Abertos),https://dadosabertos.aneel.gov.br/dataset/relacao-de-empreendimentos-de-geracao-distribuida,1
PB,Santa Rita,2513703,COMPANHIA USINA SÃO JOÃO,Biogás - Floresta,forestry_residues,Industrial,PJ,Minigeracao,1563.0,,-7.19,-34.15,electricity_gd,primary,ANEEL Geração Distribuída (Dados Abertos),https://dadosabertos.aneel.gov.br/dataset/relacao-de-empreendimentos-de-geracao-distribuida,1
PE,Camaragibe,2603454,Incorporadora Camaragibe SPE Ltda,Biogás - RU,msw_landfill,Comercial,PJ,Microgeracao,28.38,,-8.02,-34.99,electricity_gd,primary,ANEEL Geração Distribuída (Dados Abertos),https://dadosabertos.aneel.gov.br/dataset/relacao-de-empreendimentos-de-geracao-distribuida,1
PE,Petrolina,2611101,BANCO SANTANDER BRASIL S A,Biogás - RU,msw_landfill,Comercial,PJ,Minigeracao,980.8,,-9.39,-40.51,electricity_gd,primary,ANEEL Geração Distribuída (Dados Abertos),https://dadosabertos.aneel.gov.br/dataset/relacao-de-empreendimentos-de-geracao-distribuida,1
PR,Arapoti,4101606,(redacted),Biogás - RA,animal_manure_agro,Industrial,PF,Minigeracao,223.56,,-24.18,-49.93,electricity_gd,primary,ANEEL Geração Distribuída (Dados Abertos),https://dadosabertos.aneel.gov.br/dataset/relacao-de-empreendimentos-de-geracao-distribuida,1
PR,Arapoti,4101606,COOPERATIVA BRASILEIRA DE GERACAO DISTRIBUIDA,Biogás - RA,animal_manure_agro,Comercial,PJ,Microgeracao,73.5,,-24.2,-49.92,electricity_gd,primary,ANEEL Geração Distribuída (Dados Abertos),https://dadosabertos.aneel.gov.br/dataset/relacao-de-empreendimentos-de-geracao-distribuida,1
PR,Arapoti,4101606,COOPERATIVA BRASILEIRA DE GERACAO DISTRIBUIDA,Biogás - RA,animal_manure_agro,Comercial,PJ,Microgeracao,73.5,,-24.2,-75.82,electricity_gd,primary,ANEEL Geração Distribuída (Dados Abertos),https://dadosabertos.aneel.gov.br/dataset/relacao-de-empreendimentos-de-geracao-distribuida,1
PR,Assis Chateaubriand,4102000,CIA LATINO AMERICANA DE MEDICAMENTOS,Biogás - RA,animal_manure_agro,Comercial,PJ,Microgeracao,74.12,,-24.6,-53.63,electricity_gd,primary,ANEEL Geração Distribuída (Dados Abertos),https://dadosabertos.aneel.gov.br/dataset/relacao-de-empreendimentos-de-geracao-distribuida,1
PR,Boa Esperança do Iguaçu,4103024,COOPERATIVA DE ENERGIAS RENOVAVEIS DO PARANA,Biogás - RA,animal_manure_agro,Rural,PJ,Microgeracao,75.0,,-25.65,-53.18,electricity_gd,primary,ANEEL Geração Distribuída (Dados Abertos),https://dadosabertos.aneel.gov.br/dataset/relacao-de-empreendimentos-de-geracao-distribuida,1
PR,Cafelândia,4103453,COPACOL COOPERATIVA AGROINDUSTRIAL CONSOLATA,Biogás - RA,animal_manure_agro,Industrial,PJ,Minigeracao,154.0,,-24.66,-53.35,electricity_gd,primary,ANEEL Geração Distribuída (Dados Abertos),https://dadosabertos.aneel.gov.br/dataset/relacao-de-empreendimentos-de-geracao-distribuida,1
PR,Cafelândia,4103453,(redacted),Biogás - RA,animal_manure_agro,Residencial,PF,Microgeracao,74.4,,-24.64,-53.36,electricity_gd,primary,ANEEL Geração Distribuída (Dados Abertos),https://dadosabertos.aneel.gov.br/dataset/relacao-de-empreendimentos-de-geracao-distribuida,1
PR,Cafelândia,4103453,RG ENERGIA LTDA,Biogás - RA,animal_manure_agro,Industrial,PJ,Microgeracao,74.24,,-24.6,-53.35,electricity_gd,primary,ANEEL Geração Distribuída (Dados Abertos),https://dadosabertos.aneel.gov.br/dataset/relacao-de-empreendimentos-de-geracao-distribuida,1
PR,Cafezal do Sul,4103479,JAIRSON GOULARTE AGROINDUSTRIA,Biogás-AGR,agricultural_residues,Industrial,PJ,Microgeracao,74.0,,-23.96,-53.57,electricity_gd,primary,ANEEL Geração Distribuída (Dados Abertos),https://dadosabertos.aneel.gov.br/dataset/relacao-de-empreendimentos-de-geracao-distribuida,1
PR,Cascavel,4104808,MUNICIPIO DE CASCAVEL,Biogás - RU,msw_landfill,Poder Público,PJ,Minigeracao,300.0,,-24.85,-53.49,electricity_gd,primary,ANEEL Geração Distribuída (Dados Abertos),https://dadosabertos.aneel.gov.br/dataset/relacao-de-empreendimentos-de-geracao-distribuida,1
PR,Cascavel,4104808,ASSOCIACAO NET ZERO,Biogás - RA,animal_manure_agro,Comercial,PJ,Minigeracao,300.0,,-24.98,-53.29,electricity_gd,primary,ANEEL Geração Distribuída (Dados Abertos),https://dadosabertos.aneel.gov.br/dataset/relacao-de-empreendimentos-de-geracao-distribuida,1
PR,Cascavel,4104808,J. G. COMBATE COMERCIO VAREJISTA DE MOVEIS LTDA,Biogás - RA,animal_manure_agro,Comercial,PJ,Microgeracao,74.7,,-25.14,-54.71,electricity_gd,primary,ANEEL Geração Distribuída (Dados Abertos),https://dadosabertos.aneel.gov.br/dataset/relacao-de-empreendimentos-de-geracao-distribuida,1
PR,Castro,4104907,COOPERATIVA DE GERACAO COMPARTILHADA COGECOM,Biogás-AGR,agricultural_residues,Comercial,PJ,Minigeracao,1200.0,,-24.72,-49.99,electricity_gd,primary,ANEEL Geração Distribuída (Dados Abertos),https://dadosabertos.aneel.gov.br/dataset/relacao-de-empreendimentos-de-geracao-distribuida,1
PR,Castro,4104907,(redacted),Biogás - RA,animal_manure_agro,Rural,PF,Minigeracao,96.0,,-24.8,-49.89,electricity_gd,primary,ANEEL Geração Distribuída (Dados Abertos),https://dadosabertos.aneel.gov.br/dataset/relacao-de-empreendimentos-de-geracao-distribuida,1
PR,Castro,4104907,(redacted),Biogás - RA,animal_manure_agro,Rural,PF,Microgeracao,75.0,,-24.88,-49.82,electricity_gd,primary,ANEEL Geração Distribuída (Dados Abertos),https://dadosabertos.aneel.gov.br/dataset/relacao-de-empreendimentos-de-geracao-distribuida,1
PR,Castro,4104907,(redacted),Biogás - RA,animal_manure_agro,Rural,PF,Microgeracao,72.0,,-24.8,-49.89,electricity_gd,primary,ANEEL Geração Distribuída (Dados Abertos),https://dadosabertos.aneel.gov.br/dataset/relacao-de-empreendimentos-de-geracao-distribuida,1
PR,Catanduvas,4105003,(redacted),Biogás - RA,animal_manure_agro,Rural,PF,Microgeracao,75.0,,-25.21,-53.17,electricity_gd,primary,ANEEL Geração Distribuída (Dados Abertos),https://dadosabertos.aneel.gov.br/dataset/relacao-de-empreendimentos-de-geracao-distribuida,1
PR,Clevelândia,4105706,Siviero Cereais Insumos Agrícolas e Transportes LTDA,Biogás - RA,animal_manure_agro,Comercial,PJ,Minigeracao,192.0,,-26.41,-52.35,electricity_gd,primary,ANEEL Geração Distribuída (Dados Abertos),https://dadosabertos.aneel.gov.br/dataset/relacao-de-empreendimentos-de-geracao-distribuida,1
PR,Corbélia,4106308,(redacted),Biogás - RA,animal_manure_agro,Rural,PF,Microgeracao,75.0,,-25.26,-54.76,electricity_gd,primary,ANEEL Geração Distribuída (Dados Abertos),https://dadosabertos.aneel.gov.br/dataset/relacao-de-empreendimentos-de-geracao-distribuida,1
PR,Curitiba,4106902,COMPANHIA DE SANEAMENTO DO PARANA SANEPAR,Biogás - RA,animal_manure_agro,Poder Público,PJ,Minigeracao,1770.0,,-25.51,-49.22,electricity_gd,primary,ANEEL Geração Distribuída (Dados Abertos),https://dadosabertos.aneel.gov.br/dataset/relacao-de-empreendimentos-de-geracao-distribuida,1
PR,Dois Vizinhos,4107207,(redacted),Biogás - RA,animal_manure_agro,Rural,PF,Microgeracao,75.0,,-25.78,-53.1,electricity_gd,primary,ANEEL Geração Distribuída (Dados Abertos),https://dadosabertos.aneel.gov.br/dataset/relacao-de-empreendimentos-de-geracao-distribuida,1
PR,Dois Vizinhos,4107207,(redacted),Biogás - RA,animal_manure_agro,Rural,PF,Microgeracao,74.12,,-25.72,-53.2,electricity_gd,primary,ANEEL Geração Distribuída (Dados Abertos),https://dadosabertos.aneel.gov.br/dataset/relacao-de-empreendimentos-de-geracao-distribuida,1
PR,Entre Rios do Oeste,4107538,SINERGIA SOLUÇÕES ENERGETICAS ADMNISTRADORA DE CONSORCIOS LT,Biogás - Floresta,forestry_residues,Comercial,PJ,Microgeracao,75.0,,-24.7,-54.2,electricity_gd,primary,ANEEL Geração Distribuída (Dados Abertos),https://dadosabertos.aneel.gov.br/dataset/relacao-de-empreendimentos-de-geracao-distribuida,1
PR,Entre Rios do Oeste,4107538,(redacted),Biogás - RA,animal_manure_agro,Rural,PF,Microgeracao,75.0,,-24.72,-54.24,electricity_gd,primary,ANEEL Geração Distribuída (Dados Abertos),https://dadosabertos.aneel.gov.br/dataset/relacao-de-empreendimentos-de-geracao-distribuida,1
PR,Enéas Marques,4107405,(redacted),Biogás - RA,animal_manure_agro,Rural,PF,Microgeracao,74.2,,-25.94,-53.1,electricity_gd,primary,ANEEL Geração Distribuída (Dados Abertos),https://dadosabertos.aneel.gov.br/dataset/relacao-de-empreendimentos-de-geracao-distribuida,1
PR,Farol,4107553,AGROPECUARIA AGUA AZUL LTDA,Biogás - RA,animal_manure_agro,Rural,PJ,Microgeracao,74.12,,-24.11,-52.56,electricity_gd,primary,ANEEL Geração Distribuída (Dados Abertos),https://dadosabertos.aneel.gov.br/dataset/relacao-de-empreendimentos-de-geracao-distribuida,1
PR,Floraí,4107801,FRIGORIFICO FLORAI LTDA,Biogás - RA,animal_manure_agro,Industrial,PJ,Microgeracao,74.25,,-23.31,-52.36,electricity_gd,primary,ANEEL Geração Distribuída (Dados Abertos),https://dadosabertos.aneel.gov.br/dataset/relacao-de-empreendimentos-de-geracao-distribuida,1
PR,Formosa do Oeste,4108205,COPACOL COOPERATIVA AGROINDUSTRIAL CONSOLATA,Biogás-AGR,agricultural_residues,Industrial,PJ,Minigeracao,260.0,,-24.3,-53.36,electricity_gd,primary,ANEEL Geração Distribuída (Dados Abertos),https://dadosabertos.aneel.gov.br/dataset/relacao-de-empreendimentos-de-geracao-distribuida,1
PR,Foz do Iguaçu,4108304,COMPANHIA DE SANEAMENTO DO PARANA SANEPAR,Biogás - RU,msw_landfill,Serviço Público,PJ,Microgeracao,52.8,,-25.56,-54.59,electricity_gd,primary,ANEEL Geração Distribuída (Dados Abertos),https://dadosabertos.aneel.gov.br/dataset/relacao-de-empreendimentos-de-geracao-distribuida,1
PR,Francisco Beltrão,4108403,COOPERATIVA DE GERACAO COMPARTILHADA COGECOM,Biogás - RA,animal_manure_agro,Industrial,PJ,Microgeracao,74.25,,-25.99,-53.03,electricity_gd,primary,ANEEL Geração Distribuída (Dados Abertos),https://dadosabertos.aneel.gov.br/dataset/relacao-de-empreendimentos-de-geracao-distribuida,1
PR,Honório Serpa,4109658,COOPERATIVA DE GERACAO COMPARTILHADA COGECOM,Biogás - RA,animal_manure_agro,Residencial,PJ,Microgeracao,74.25,,-26.11,-52.44,electricity_gd,primary,ANEEL Geração Distribuída (Dados Abertos),https://dadosabertos.aneel.gov.br/dataset/relacao-de-empreendimentos-de-geracao-distribuida,1
PR,Itaipulândia,4110953,(redacted),Biogás - RA,animal_manure_agro,Rural,PF,Microgeracao,73.92,,-25.19,-54.31,electricity_gd,primary,ANEEL Geração Distribuída (Dados Abertos),https://dadosabertos.aneel.gov.br/dataset/relacao-de-empreendimentos-de-geracao-distribuida,1
PR,Itaipulândia,4110953,(redacted),Biogás - RA,animal_manure_agro,Rural,PF,Microgeracao,73.92,,-25.08,-54.42,electricity_gd,primary,ANEEL Geração Distribuída (Dados Abertos),https://dadosabertos.aneel.gov.br/dataset/relacao-de-empreendimentos-de-geracao-distribuida,1
PR,Jesuítas,4112751,COPACOL COOPERATIVA AGROINDUSTRIAL CONSOLATA,Biogás - RA,animal_manure_agro,Rural,PJ,Minigeracao,998.4,,-24.51,-53.41,electricity_gd,primary,ANEEL Geração Distribuída (Dados Abertos),https://dadosabertos.aneel.gov.br/dataset/relacao-de-empreendimentos-de-geracao-distribuida,1
PR,Jesuítas,4112751,COPACOL COOPERATIVA AGROINDUSTRIAL CONSOLATA,Biogás - RA,animal_manure_agro,Rural,PJ,Minigeracao,499.2,,-24.49,-53.39,electricity_gd,primary,ANEEL Geração Distribuída (Dados Abertos),https://dadosabertos.aneel.gov.br/dataset/relacao-de-empreendimentos-de-geracao-distribuida,1
PR,Leópolis,4113403,(redacted),Biogás - RA,animal_manure_agro,Rural,PF,Microgeracao,60.0,,-23.02,-50.67,electricity_gd,primary,ANEEL Geração Distribuída (Dados Abertos),https://dadosabertos.aneel.gov.br/dataset/relacao-de-empreendimentos-de-geracao-distribuida,1
PR,Luiziana,4113734,AGROPECUARIA IPE LTDA,Biogás-AGR,agricultural_residues,Rural,PJ,Microgeracao,64.8,,-24.32,-52.37,electricity_gd,primary,ANEEL Geração Distribuída (Dados Abertos),https://dadosabertos.aneel.gov.br/dataset/relacao-de-empreendimentos-de-geracao-distribuida,1
PR,Mamborê,4114005,(redacted),Biogás - RA,animal_manure_agro,Rural,PF,Minigeracao,220.0,,-24.31,-51.53,electricity_gd,primary,ANEEL Geração Distribuída (Dados Abertos),https://dadosabertos.aneel.gov.br/dataset/relacao-de-empreendimentos-de-geracao-distribuida,1
PR,Mangueirinha,4114401,(redacted),Biogás - RA,animal_manure_agro,Rural,PF,Microgeracao,74.2,,-25.99,-52.2,electricity_gd,primary,ANEEL Geração Distribuída (Dados Abertos),https://dadosabertos.aneel.gov.br/dataset/relacao-de-empreendimentos-de-geracao-distribuida,1
PR,Marechal Cândido Rondon,4114609,BIO4 GERADORA DE ENERGIA LTDA,Biogás - Floresta,forestry_residues,Rural,PJ,Minigeracao,336.0,,-24.65,-54.14,electricity_gd,primary,ANEEL Geração Distribuída (Dados Abertos),https://dadosabertos.aneel.gov.br/dataset/relacao-de-empreendimentos-de-geracao-distribuida,1
PR,Marechal Cândido Rondon,4114609,EDB COOPERATIVA ENERGIA DO BRASIL,Biogás - Floresta,forestry_residues,Rural,PJ,Minigeracao,260.0,,-24.65,-54.14,electricity_gd,primary,ANEEL Geração Distribuída (Dados Abertos),https://dadosabertos.aneel.gov.br/dataset/relacao-de-empreendimentos-de-geracao-distribuida,1
PR,Marechal Cândido Rondon,4114609,(redacted),Biogás - RA,animal_manure_agro,Rural,PF,Microgeracao,75.0,,-24.58,-54.23,electricity_gd,primary,ANEEL Geração Distribuída (Dados Abertos),https://dadosabertos.aneel.gov.br/dataset/relacao-de-empreendimentos-de-geracao-distribuida,1
PR,Marechal Cândido Rondon,4114609,(redacted),Biogás - RA,animal_manure_agro,Rural,PF,Microgeracao,75.0,,-24.68,-54.08,electricity_gd,primary,ANEEL Geração Distribuída (Dados Abertos),https://dadosabertos.aneel.gov.br/dataset/relacao-de-empreendimentos-de-geracao-distribuida,1
PR,Marechal Cândido Rondon,4114609,COOPERATIVA DE ENERGIAS RENOVAVEIS DO PARANA,Biogás - RA,animal_manure_agro,Rural,PJ,Microgeracao,74.8,,-24.67,-54.12,electricity_gd,primary,ANEEL Geração Distribuída (Dados Abertos),https://dadosabertos.aneel.gov.br/dataset/relacao-de-empreendimentos-de-geracao-distribuida,1
PR,Marechal Cândido Rondon,4114609,(redacted),Biogás - RA,animal_manure_agro,Rural,PF,Microgeracao,74.12,,-24.65,-54.18,electricity_gd,primary,ANEEL Geração Distribuída (Dados Abertos),https://dadosabertos.aneel.gov.br/dataset/relacao-de-empreendimentos-de-geracao-distribuida,1
PR,Marechal Cândido Rondon,4114609,SS RACOES LTDA,Biogás - RA,animal_manure_agro,Industrial,PJ,Microgeracao,74.12,,-24.69,-54.06,electricity_gd,primary,ANEEL Geração Distribuída (Dados Abertos),https://dadosabertos.aneel.gov.br/dataset/relacao-de-empreendimentos-de-geracao-distribuida,1
PR,Marechal Cândido Rondon,4114609,MUNICIPIO DE MARECHAL CANDIDO RONDON,Biogás - RA,animal_manure_agro,Poder Público,PJ,Microgeracao,35.0,,-24.58,-54.11,electricity_gd,primary,ANEEL Geração Distribuída (Dados Abertos),https://dadosabertos.aneel.gov.br/dataset/relacao-de-empreendimentos-de-geracao-distribuida,1
PR,Marechal Cândido Rondon,4114609,(redacted),Biogás - RA,animal_manure_agro,Rural,PF,Microgeracao,0.74,,-25.39,-54.13,electricity_gd,primary,ANEEL Geração Distribuída (Dados Abertos),https://dadosabertos.aneel.gov.br/dataset/relacao-de-empreendimentos-de-geracao-distribuida,1
PR,Marilena,4115002,(redacted),Biogás - RU,msw_landfill,Rural,PF,Minigeracao,210.0,,-22.74,-53.05,electricity_gd,primary,ANEEL Geração Distribuída (Dados Abertos),https://dadosabertos.aneel.gov.br/dataset/relacao-de-empreendimentos-de-geracao-distribuida,1
PR,Maripá,4115358,C.VALE - COOPERATIVA AGROINDUSTRIAL,Biogás - RA,animal_manure_agro,Rural,PJ,Microgeracao,75.0,,-24.37,-53.76,electricity_gd,primary,ANEEL Geração Distribuída (Dados Abertos),https://dadosabertos.aneel.gov.br/dataset/relacao-de-empreendimentos-de-geracao-distribuida,1
PR,Maripá,4115358,(redacted),Biogás - RA,animal_manure_agro,Rural,PF,Microgeracao,62.3,,-24.47,-53.89,electricity_gd,primary,ANEEL Geração Distribuída (Dados Abertos),https://dadosabertos.aneel.gov.br/dataset/relacao-de-empreendimentos-de-geracao-distribuida,1
PR,Maripá,4115358,COOPERATIVA DE INFRAESTRUTURA E ELETRIFICACAO RURAL DE PALOTINA,Biogás - RA,animal_manure_agro,Rural,PJ,Microgeracao,59.36,,-24.4,-53.87,electricity_gd,primary,ANEEL Geração Distribuída (Dados Abertos),https://dadosabertos.aneel.gov.br/dataset/relacao-de-empreendimentos-de-geracao-distribuida,1
PR,Mercedes,4115853,(redacted),Biogás - RA,animal_manure_agro,Rural,PF,Microgeracao,75.0,,-24.39,-54.19,electricity_gd,primary,ANEEL Geração Distribuída (Dados Abertos),https://dadosabertos.aneel.gov.br/dataset/relacao-de-empreendimentos-de-geracao-distribuida,1
PR,Mercedes,4115853,COOPERATIVA BRASILEIRA DE GERACAO DISTRIBUIDA,Biogás - RA,animal_manure_agro,Comercial,PJ,Microgeracao,74.12,,-24.45,-54.1,electricity_gd,primary,ANEEL Geração Distribuída (Dados Abertos),https://dadosabertos.aneel.gov.br/dataset/relacao-de-empreendimentos-de-geracao-distribuida,1
PR,Missal,4116059,COOPERATIVA DE GERACAO COMPARTILHADA COGECOM,Biogás - RA,animal_manure_agro,Rural,PJ,Microgeracao,74.69,,-25.15,-54.18,electricity_gd,primary,ANEEL Geração Distribuída (Dados Abertos),https://dadosabertos.aneel.gov.br/dataset/relacao-de-empreendimentos-de-geracao-distribuida,1
PR,Nova Esperança,4116901,J.A.PASQUINI & CIA.LTDA.,Biogás - RA,animal_manure_agro,Industrial,PJ,Minigeracao,500.0,,-23.16,-52.18,electricity_gd,primary,ANEEL Geração Distribuída (Dados Abertos),https://dadosabertos.aneel.gov.br/dataset/relacao-de-empreendimentos-de-geracao-distribuida,1
PR,Nova Santa Rosa,4117222,(redacted),Biogás - RA,animal_manure_agro,Residencial,PF,Microgeracao,74.12,,-24.49,-53.89,electricity_gd,primary,ANEEL Geração Distribuída (Dados Abertos),https://dadosabertos.aneel.gov.br/dataset/relacao-de-empreendimentos-de-geracao-distribuida,1
PR,Nova Santa Rosa,4117222,(redacted),Biogás - RA,animal_manure_agro,Rural,PF,Microgeracao,73.6,,-24.5,-53.93,electricity_gd,primary,ANEEL Geração Distribuída (Dados Abertos),https://dadosabertos.aneel.gov.br/dataset/relacao-de-empreendimentos-de-geracao-distribuida,1
PR,Nova Santa Rosa,4117222,(redacted),Biogás - RA,animal_manure_agro,Rural,PF,Microgeracao,67.2,,-24.5,-53.93,electricity_gd,primary,ANEEL Geração Distribuída (Dados Abertos),https://dadosabertos.aneel.gov.br/dataset/relacao-de-empreendimentos-de-geracao-distribuida,1
PR,Ouro Verde do Oeste,4117453,EDB COOPERATIVA ENERGIA DO BRASIL,Biogás - RU,msw_landfill,Comercial,PJ,Minigeracao,1000.0,,-24.75,-53.9,electricity_gd,primary,ANEEL Geração Distribuída (Dados Abertos),https://dadosabertos.aneel.gov.br/dataset/relacao-de-empreendimentos-de-geracao-distribuida,1
PR,Ouro Verde do Oeste,4117453,COOPERATIVA DE ENERGIAS RENOVAVEIS DO PARANA,Biogás - RA,animal_manure_agro,Rural,PJ,Microgeracao,74.67,,-24.79,-53.84,electricity_gd,primary,ANEEL Geração Distribuída (Dados Abertos),https://dadosabertos.aneel.gov.br/dataset/relacao-de-empreendimentos-de-geracao-distribuida,1
PR,Ouro Verde do Oeste,4117453,(redacted),Biogás - RA,animal_manure_agro,Rural,PF,Microgeracao,39.68,,-24.75,-53.86,electricity_gd,primary,ANEEL Geração Distribuída (Dados Abertos),https://dadosabertos.aneel.gov.br/dataset/relacao-de-empreendimentos-de-geracao-distribuida,1
PR,Palotina,4117909,COOPERATIVA DE INFRAESTRUTURA E ELETRIFICACAO RURAL DE PALOTINA,Biogás - RU,msw_landfill,Rural,PJ,Minigeracao,87.2,,-24.31,-53.86,electricity_gd,primary,ANEEL Geração Distribuída (Dados Abertos),https://dadosabertos.aneel.gov.br/dataset/relacao-de-empreendimentos-de-geracao-distribuida,1
PR,Pato Bragado,4118451,(redacted),Biogás - RA,animal_manure_agro,Rural,PF,Microgeracao,75.0,,-24.63,-54.19,electricity_gd,primary,ANEEL Geração Distribuída (Dados Abertos),https://dadosabertos.aneel.gov.br/dataset/relacao-de-empreendimentos-de-geracao-distribuida,1
PR,Pato Bragado,4118451,(redacted),Biogás - RA,animal_manure_agro,Residencial,PF,Microgeracao,74.57,,-24.64,-54.18,electricity_gd,primary,ANEEL Geração Distribuída (Dados Abertos),https://dadosabertos.aneel.gov.br/dataset/relacao-de-empreendimentos-de-geracao-distribuida,1
PR,Pato Bragado,4118451,(redacted),Biogás - RA,animal_manure_agro,Comercial,PF,Microgeracao,74.12,,-24.6,-54.23,electricity_gd,primary,ANEEL Geração Distribuída (Dados Abertos),https://dadosabertos.aneel.gov.br/dataset/relacao-de-empreendimentos-de-geracao-distribuida,1
PR,Pato Bragado,4118451,(redacted),Biogás - RA,animal_manure_agro,Industrial,PF,Microgeracao,74.12,,-24.63,-54.21,electricity_gd,primary,ANEEL Geração Distribuída (Dados Abertos),https://dadosabertos.aneel.gov.br/dataset/relacao-de-empreendimentos-de-geracao-distribuida,1
PR,Pinhalão,4119202,(redacted),Biogás - RU,msw_landfill,Rural,PF,Microgeracao,59.2,,-23.88,-50.07,electricity_gd,primary,ANEEL Geração Distribuída (Dados Abertos),https://dadosabertos.aneel.gov.br/dataset/relacao-de-empreendimentos-de-geracao-distribuida,1
PR,Piraí do Sul,4119400,CASTROLANDA - COOPERATIVA AGROINDUSTRIAL LTDA,Biogás-AGR,agricultural_residues,Comercial,PJ,Minigeracao,233.0,,-24.49,-49.85,electricity_gd,primary,ANEEL Geração Distribuída (Dados Abertos),https://dadosabertos.aneel.gov.br/dataset/relacao-de-empreendimentos-de-geracao-distribuida,1
PR,Pitangueiras,4119657,(redacted),Biogás - RA,animal_manure_agro,Rural,PF,Microgeracao,75.0,,-23.22,-51.56,electricity_gd,primary,ANEEL Geração Distribuída (Dados Abertos),https://dadosabertos.aneel.gov.br/dataset/relacao-de-empreendimentos-de-geracao-distribuida,1
PR,Ponta Grossa,4119905,Cargill PGO,Biogás - Floresta,forestry_residues,Comercial,PJ,Minigeracao,2296.0,,-25.19,-50.08,electricity_gd,primary,ANEEL Geração Distribuída (Dados Abertos),https://dadosabertos.aneel.gov.br/dataset/relacao-de-empreendimentos-de-geracao-distribuida,1
PR,Ponta Grossa,4119905,MUNICIPIO DE PONTA GROSSA,Biogás - RU,msw_landfill,Poder Público,PJ,Minigeracao,520.8,,-25.18,-50.09,electricity_gd,primary,ANEEL Geração Distribuída (Dados Abertos),https://dadosabertos.aneel.gov.br/dataset/relacao-de-empreendimentos-de-geracao-distribuida,1
PR,Presidente Castelo Branco,4120408,COCAMAR COOPERATIVA AGROINDUSTRIAL,Biogás-AGR,agricultural_residues,Industrial,PJ,Minigeracao,422.1,,-23.28,-52.16,electricity_gd,primary,ANEEL Geração Distribuída (Dados Abertos),https://dadosabertos.aneel.gov.br/dataset/relacao-de-empreendimentos-de-geracao-distribuida,1
PR,Quatro Pontes,4120853,(redacted),Biogás - RA,animal_manure_agro,Rural,PF,Minigeracao,490.4,,-24.6,-53.99,electricity_gd,primary,ANEEL Geração Distribuída (Dados Abertos),https://dadosabertos.aneel.gov.br/dataset/relacao-de-empreendimentos-de-geracao-distribuida,1
PR,Realeza,4121406,(redacted),Biogás - RA,animal_manure_agro,Rural,PF,Microgeracao,75.0,,-25.82,-53.51,electricity_gd,primary,ANEEL Geração Distribuída (Dados Abertos),https://dadosabertos.aneel.gov.br/dataset/relacao-de-empreendimentos-de-geracao-distribuida,1
PR,Rebouças,4121505,FAMACHIQ LTDA,Biogás - RA,animal_manure_agro,Industrial,PJ,Minigeracao,525.0,,-25.63,-50.69,electricity_gd,primary,ANEEL Geração Distribuída (Dados Abertos),https://dadosabertos.aneel.gov.br/dataset/relacao-de-empreendimentos-de-geracao-distribuida,1
PR,Rebouças,4121505,(redacted),Biogás - RA,animal_manure_agro,Rural,PF,Microgeracao,75.0,,-25.71,-50.49,electricity_gd,primary,ANEEL Geração Distribuída (Dados Abertos),https://dadosabertos.aneel.gov.br/dataset/relacao-de-empreendimentos-de-geracao-distribuida,1
PR,Rolândia,4122404,(redacted),Biogás - Floresta,forestry_residues,Rural,PF,Minigeracao,136.0,,-20.33,-51.33,electricity_gd,primary,ANEEL Geração Distribuída (Dados Abertos),https://dadosabertos.aneel.gov.br/dataset/relacao-de-empreendimentos-de-geracao-distribuida,1
PR,Salgado Filho,4122800,COOPERATIVA DOS PRODUTORES DE ENERGIA E ADUBO - COOPENAD,Biogás - RU,msw_landfill,Industrial,PJ,Minigeracao,1040.0,,-26.17,-53.38,electricity_gd,primary,ANEEL Geração Distribuída (Dados Abertos),https://dadosabertos.aneel.gov.br/dataset/relacao-de-empreendimentos-de-geracao-distribuida,1
PR,Salto do Lontra,4123006,(redacted),Biogás - RA,animal_manure_agro,Rural,PF,Microgeracao,74.99,,-25.87,-53.32,electricity_gd,primary,ANEEL Geração Distribuída (Dados Abertos),https://dadosabertos.aneel.gov.br/dataset/relacao-de-empreendimentos-de-geracao-distribuida,1
PR,Santa Cruz de Monte Castelo,4123303,STARKEN ALIMENTOS EIRELI,Biogás - RU,msw_landfill,Industrial,PJ,Minigeracao,250.1,,-23.0,-53.31,electricity_gd,primary,ANEEL Geração Distribuída (Dados Abertos),https://dadosabertos.aneel.gov.br/dataset/relacao-de-empreendimentos-de-geracao-distribuida,1
PR,Santa Helena,4123501,DAJU LTDA,Biogás - RA,animal_manure_agro,Comercial,PJ,Microgeracao,75.0,,-24.78,-54.31,electricity_gd,primary,ANEEL Geração Distribuída (Dados Abertos),https://dadosabertos.aneel.gov.br/dataset/relacao-de-empreendimentos-de-geracao-distribuida,1
PR,Santa Helena,4123501,(redacted),Biogás - RA,animal_manure_agro,Rural,PF,Microgeracao,75.0,,-25.27,-55.74,electricity_gd,primary,ANEEL Geração Distribuída (Dados Abertos),https://dadosabertos.aneel.gov.br/dataset/relacao-de-empreendimentos-de-geracao-distribuida,1
PR,Santa Helena,4123501,CEDIMED CENTRO DE DIAGNOSTICO MEDICO DE CASCAVEL LTDA,Biogás - RA,animal_manure_agro,Industrial,PJ,Microgeracao,74.88,,-25.01,-54.37,electricity_gd,primary,ANEEL Geração Distribuída (Dados Abertos),https://dadosabertos.aneel.gov.br/dataset/relacao-de-empreendimentos-de-geracao-distribuida,1
PR,Santa Helena,4123501,(redacted),Biogás - RA,animal_manure_agro,Rural,PF,Microgeracao,74.2,,-24.8,-54.3,electricity_gd,primary,ANEEL Geração Distribuída (Dados Abertos),https://dadosabertos.aneel.gov.br/dataset/relacao-de-empreendimentos-de-geracao-distribuida,1
PR,Santa Helena,4123501,(redacted),Biogás - RA,animal_manure_agro,Rural,PF,Microgeracao,74.12,,-24.97,-54.23,electricity_gd,primary,ANEEL Geração Distribuída (Dados Abertos),https://dadosabertos.aneel.gov.br/dataset/relacao-de-empreendimentos-de-geracao-distribuida,1
PR,Santa Helena,4123501,(redacted),Biogás - RA,animal_manure_agro,Industrial,PF,Microgeracao,74.12,,-25.01,-54.25,electricity_gd,primary,ANEEL Geração Distribuída (Dados Abertos),https://dadosabertos.aneel.gov.br/dataset/relacao-de-empreendimentos-de-geracao-distribuida,1
PR,Santa Helena,4123501,EMPRESA HOTELEIRA PORTO MADERO LTDA,Biogás - RA,animal_manure_agro,Comercial,PJ,Microgeracao,73.92,,-25.01,-54.36,electricity_gd,primary,ANEEL Geração Distribuída (Dados Abertos),https://dadosabertos.aneel.gov.br/dataset/relacao-de-empreendimentos-de-geracao-distribuida,1
PR,Santa Helena,4123501,RG ENERGIA LTDA,Biogás - RA,animal_manure_agro,Rural,PJ,Microgeracao,73.6,,-24.92,-54.27,electricity_gd,primary,ANEEL Geração Distribuída (Dados Abertos),https://dadosabertos.aneel.gov.br/dataset/relacao-de-empreendimentos-de-geracao-distribuida,1
PR,Santa Helena,4123501,COOPERATIVA DE ENERGIAS RENOVAVEIS DO PARANA,Biogás - RA,animal_manure_agro,Industrial,PJ,Microgeracao,68.3,,-24.8,-54.3,electricity_gd,primary,ANEEL Geração Distribuída (Dados Abertos),https://dadosabertos.aneel.gov.br/dataset/relacao-de-empreendimentos-de-geracao-distribuida,1
PR,Santa Isabel do Ivaí,4123709,TERRAFEC INDUSTRIA E COMERCIO DE ALIMENTOS LTDA,Biogás-AGR,agricultural_residues,Industrial,PJ,Minigeracao,235.0,,-22.98,-53.22,electricity_gd,primary,ANEEL Geração Distribuída (Dados Abertos),https://dadosabertos.aneel.gov.br/dataset/relacao-de-empreendimentos-de-geracao-distribuida,1
PR,Santa Izabel do Oeste,4123808,(redacted),Biogás - RA,animal_manure_agro,Rural,PF,Microgeracao,57.0,,-25.79,-53.5,electricity_gd,primary,ANEEL Geração Distribuída (Dados Abertos),https://dadosabertos.aneel.gov.br/dataset/relacao-de-empreendimentos-de-geracao-distribuida,1
PR,São Jorge D'Oeste,4125209,MIOLATINA DO BRASIL EMBUTIDOS LTDA,Biogás - RA,animal_manure_agro,Rural,PJ,Microgeracao,74.0,,-25.73,-52.86,electricity_gd,primary,ANEEL Geração Distribuída (Dados Abertos),https://dadosabertos.aneel.gov.br/dataset/relacao-de-empreendimentos-de-geracao-distribuida,2
PR,São Jorge D'Oeste,4125209,MIOLAR ALIMENTOS LTDA,Biogás - RA,animal_manure_agro,Industrial,PJ,Microgeracao,74.0,,-25.73,-52.86,electricity_gd,primary,ANEEL Geração Distribuída (Dados Abertos),https://dadosabertos.aneel.gov.br/dataset/relacao-de-empreendimentos-de-geracao-distribuida,2
PR,São Miguel do Iguaçu,4125704,(redacted),Biogás - RA,animal_manure_agro,Rural,PF,Microgeracao,75.0,,-25.5,-54.23,electricity_gd,primary,ANEEL Geração Distribuída (Dados Abertos),https://dadosabertos.aneel.gov.br/dataset/relacao-de-empreendimentos-de-geracao-distribuida,1
PR,São Miguel do Iguaçu,4125704,(redacted),Biogás - RA,animal_manure_agro,Rural,PF,Microgeracao,74.75,,-25.38,-54.16,electricity_gd,primary,ANEEL Geração Distribuída (Dados Abertos),https://dadosabertos.aneel.gov.br/dataset/relacao-de-empreendimentos-de-geracao-distribuida,1
PR,São Miguel do Iguaçu,4125704,(redacted),Biogás - RA,animal_manure_agro,Rural,PF,Microgeracao,72.0,,-25.36,-54.16,electricity_gd,primary,ANEEL Geração Distribuída (Dados Abertos),https://dadosabertos.aneel.gov.br/dataset/relacao-de-empreendimentos-de-geracao-distribuida,1
PR,São Miguel do Iguaçu,4125704,(redacted),Biogás - RA,animal_manure_agro,Rural,PF,Microgeracao,60.0,,-25.47,-54.19,electricity_gd,primary,ANEEL Geração Distribuída (Dados Abertos),https://dadosabertos.aneel.gov.br/dataset/relacao-de-empreendimentos-de-geracao-distribuida,1
PR,Toledo,4127700,Centro Internacional de Energias Renováveis-Biogás,Biogás - RA,animal_manure_agro,Industrial,PJ,Minigeracao,500.0,,-24.6,-53.74,electricity_gd,primary,ANEEL Geração Distribuída (Dados Abertos),https://dadosabertos.aneel.gov.br/dataset/relacao-de-empreendimentos-de-geracao-distribuida,1
PR,Toledo,4127700,CONSORCIO ENLIV ENERGIA,Biogás - Floresta,forestry_residues,Industrial,PJ,Minigeracao,500.0,,-24.36,-53.44,electricity_gd,primary,ANEEL Geração Distribuída (Dados Abertos),https://dadosabertos.aneel.gov.br/dataset/relacao-de-empreendimentos-de-geracao-distribuida,1
PR,Toledo,4127700,CIA LATINO AMERICANA DE MEDICAMENTOS,Biogás - RA,animal_manure_agro,Comercial,PJ,Microgeracao,75.0,,-24.7,-53.82,electricity_gd,primary,ANEEL Geração Distribuída (Dados Abertos),https://dadosabertos.aneel.gov.br/dataset/relacao-de-empreendimentos-de-geracao-distribuida,1
PR,Toledo,4127700,RG ENERGIA LTDA,Biogás - RA,animal_manure_agro,Rural,PJ,Microgeracao,75.0,,-24.69,-53.84,electricity_gd,primary,ANEEL Geração Distribuída (Dados Abertos),https://dadosabertos.aneel.gov.br/dataset/relacao-de-empreendimentos-de-geracao-distribuida,1
PR,Toledo,4127700,COOPERATIVA DE ENERGIAS RENOVAVEIS DO PARANA,Biogás - RA,animal_manure_agro,Industrial,PJ,Microgeracao,75.0,,-24.64,-53.69,electricity_gd,primary,ANEEL Geração Distribuída (Dados Abertos),https://dadosabertos.aneel.gov.br/dataset/relacao-de-empreendimentos-de-geracao-distribuida,1
PR,Toledo,4127700,COOPERATIVA DE ENERGIAS RENOVAVEIS DO PARANA,Biogás - RA,animal_manure_agro,Industrial,PJ,Microgeracao,75.0,,-24.7,-53.91,electricity_gd,primary,ANEEL Geração Distribuída (Dados Abertos),https://dadosabertos.aneel.gov.br/dataset/relacao-de-empreendimentos-de-geracao-distribuida,1
PR,Toledo,4127700,CIA LATINO AMERICANA DE MEDICAMENTOS,Biogás - RA,animal_manure_agro,Comercial,PJ,Microgeracao,75.0,,-24.66,-53.88,electricity_gd,primary,ANEEL Geração Distribuída (Dados Abertos),https://dadosabertos.aneel.gov.br/dataset/relacao-de-empreendimentos-de-geracao-distribuida,1
PR,Toledo,4127700,COOPERATIVA DE ENERGIAS RENOVAVEIS DO PARANA,Biogás - RA,animal_manure_agro,Industrial,PJ,Microgeracao,75.0,,-24.7,-53.84,electricity_gd,primary,ANEEL Geração Distribuída (Dados Abertos),https://dadosabertos.aneel.gov.br/dataset/relacao-de-empreendimentos-de-geracao-distribuida,1
PR,Toledo,4127700,CIA LATINO AMERICANA DE MEDICAMENTOS,Biogás - RA,animal_manure_agro,Comercial,PJ,Microgeracao,74.99,,-24.72,-53.9,electricity_gd,primary,ANEEL Geração Distribuída (Dados Abertos),https://dadosabertos.aneel.gov.br/dataset/relacao-de-empreendimentos-de-geracao-distribuida,1
PR,Toledo,4127700,COOPERATIVA DE ENERGIAS RENOVAVEIS DO PARANA,Biogás - RA,animal_manure_agro,Rural,PJ,Microgeracao,74.98,,-24.81,-53.76,electricity_gd,primary,ANEEL Geração Distribuída (Dados Abertos),https://dadosabertos.aneel.gov.br/dataset/relacao-de-empreendimentos-de-geracao-distribuida,1
PR,Toledo,4127700,(redacted),Biogás - RA,animal_manure_agro,Rural,PF,Microgeracao,74.93,,-24.67,-53.98,electricity_gd,primary,ANEEL Geração Distribuída (Dados Abertos),https://dadosabertos.aneel.gov.br/dataset/relacao-de-empreendimentos-de-geracao-distribuida,1
PR,Toledo,4127700,"Cooperativa De Crédito, Poupança E Investimento Aliança Sicredi Aliança Pr/Sp",Biogás - RA,animal_manure_agro,Comercial,PJ,Microgeracao,74.82,,-24.58,-53.92,electricity_gd,primary,ANEEL Geração Distribuída (Dados Abertos),https://dadosabertos.aneel.gov.br/dataset/relacao-de-empreendimentos-de-geracao-distribuida,1
PR,Toledo,4127700,(redacted),Biogás - RA,animal_manure_agro,Industrial,PF,Microgeracao,73.92,,-24.77,-53.65,electricity_gd,primary,ANEEL Geração Distribuída (Dados Abertos),https://dadosabertos.aneel.gov.br/dataset/relacao-de-empreendimentos-de-geracao-distribuida,1
PR,Toledo,4127700,SINERGI COOPERATIVA DE GERACAO DISTRIBUIDA DE ENERGIAS RENOVAVEIS,Biogás - RA,animal_manure_agro,Industrial,PJ,Microgeracao,73.92,,-24.81,-53.77,electricity_gd,primary,ANEEL Geração Distribuída (Dados Abertos),https://dadosabertos.aneel.gov.br/dataset/relacao-de-empreendimentos-de-geracao-distribuida,1
PR,Toledo,4127700,(redacted),Biogás - RA,animal_manure_agro,Residencial,PF,Microgeracao,68.26,,-24.74,-53.86,electricity_gd,primary,ANEEL Geração Distribuída (Dados Abertos),https://dadosabertos.aneel.gov.br/dataset/relacao-de-empreendimentos-de-geracao-distribuida,1
PR,Toledo,4127700,(redacted),Biogás - RA,animal_manure_agro,Rural,PF,Microgeracao,68.26,,-24.58,-53.77,electricity_gd,primary,ANEEL Geração Distribuída (Dados Abertos),https://dadosabertos.aneel.gov.br/dataset/relacao-de-empreendimentos-de-geracao-distribuida,1
PR,Toledo,4127700,CIA LATINO AMERICANA DE MEDICAMENTOS,Biogás - RA,animal_manure_agro,Residencial,PJ,Microgeracao,57.67,,-24.66,-53.88,electricity_gd,primary,ANEEL Geração Distribuída (Dados Abertos),https://dadosabertos.aneel.gov.br/dataset/relacao-de-empreendimentos-de-geracao-distribuida,1
PR,Tunas do Paraná,4127882,COOPERATIVA DE GERACAO DISTRIBUIDA NOVA ENERGIA,Biogás - Floresta,forestry_residues,Comercial,PJ,Minigeracao,4500.0,,-25.43,-49.3,electricity_gd,primary,ANEEL Geração Distribuída (Dados Abertos),https://dadosabertos.aneel.gov.br/dataset/relacao-de-empreendimentos-de-geracao-distribuida,1
PR,Umuarama,4128104,CIA LATINO AMERICANA DE MEDICAMENTOS,Biogás - RA,animal_manure_agro,Rural,PJ,Microgeracao,69.0,,-23.85,-53.28,electricity_gd,primary,ANEEL Geração Distribuída (Dados Abertos),https://dadosabertos.aneel.gov.br/dataset/relacao-de-empreendimentos-de-geracao-distribuida,1
PR,Vera Cruz do Oeste,4128559,(redacted),Biogás - RA,animal_manure_agro,Rural,PF,Microgeracao,74.7,,-25.07,-56.0,electricity_gd,primary,ANEEL Geração Distribuída (Dados Abertos),https://dadosabertos.aneel.gov.br/dataset/relacao-de-empreendimentos-de-geracao-distribuida,1
RJ,Barra Mansa,3300407,BANCO SANTANDER BRASIL S A,Biogás - RU,msw_landfill,Comercial,PJ,Minigeracao,1000.0,,-22.56,-44.19,electricity_gd,primary,ANEEL Geração Distribuída (Dados Abertos),https://dadosabertos.aneel.gov.br/dataset/relacao-de-empreendimentos-de-geracao-distribuida,1
RJ,Barra Mansa,3300407,Hortigil Hortifruti S.A,Biogás - RU,msw_landfill,Comercial,PJ,Minigeracao,1000.0,,-22.45,-44.3,electricity_gd,primary,ANEEL Geração Distribuída (Dados Abertos),https://dadosabertos.aneel.gov.br/dataset/relacao-de-empreendimentos-de-geracao-distribuida,1
RJ,Paracambi,3303609,TELEFONICA BRASIL S A,Biogás - RU,msw_landfill,Comercial,PJ,Minigeracao,270.0,,-22.63,-43.68,electricity_gd,primary,ANEEL Geração Distribuída (Dados Abertos),https://dadosabertos.aneel.gov.br/dataset/relacao-de-empreendimentos-de-geracao-distribuida,1
RJ,Rio de Janeiro,3304557,Claro S.A - We Trust In Sustainable Energy,Biogás - RU,msw_landfill,Comercial,PJ,Minigeracao,4998.4,,-22.96,-43.2,electricity_gd,primary,ANEEL Geração Distribuída (Dados Abertos),https://dadosabertos.aneel.gov.br/dataset/relacao-de-empreendimentos-de-geracao-distribuida,1
RJ,Rio de Janeiro,3304557,LOJAS AMERICANAS S A,Biogás - RU,msw_landfill,Comercial,PJ,Minigeracao,1000.0,,-22.96,-43.2,electricity_gd,primary,ANEEL Geração Distribuída (Dados Abertos),https://dadosabertos.aneel.gov.br/dataset/relacao-de-empreendimentos-de-geracao-distribuida,1
RJ,Rio de Janeiro,3304557,BANCO SANTANDER BRASIL S A,Biogás - RU,msw_landfill,Comercial,PJ,Minigeracao,1000.0,,-22.82,-43.19,electricity_gd,primary,ANEEL Geração Distribuída (Dados Abertos),https://dadosabertos.aneel.gov.br/dataset/relacao-de-empreendimentos-de-geracao-distribuida,1
RJ,Seropédica,3305554,CONSORCIO EVA SEROPEDICA ENERGIA DE GERAÇÃO,Biogás - RU,msw_landfill,Industrial,PJ,Minigeracao,4999.28,,-22.79,-43.76,electricity_gd,primary,ANEEL Geração Distribuída (Dados Abertos),https://dadosabertos.aneel.gov.br/dataset/relacao-de-empreendimentos-de-geracao-distribuida,1
RJ,São Pedro da Aldeia,3305208,TELEFONICA BRASIL S A,Biogás - RU,msw_landfill,Industrial,PJ,Minigeracao,1429.2,,-22.75,-42.14,electricity_gd,primary,ANEEL Geração Distribuída (Dados Abertos),https://dadosabertos.aneel.gov.br/dataset/relacao-de-empreendimentos-de-geracao-distribuida,1
RO,Cacoal,1100049,(redacted),Biogás-AGR,agricultural_residues,Rural,PF,Minigeracao,90.0,,-11.29,-61.33,electricity_gd,primary,ANEEL Geração Distribuída (Dados Abertos),https://dadosabertos.aneel.gov.br/dataset/relacao-de-empreendimentos-de-geracao-distribuida,1
RO,Ji-Paraná,1100122,IRMAOS GONCALVES COMERCIO E INDUSTRIA LTDA,Biogás-AGR,agricultural_residues,Comercial,PJ,Minigeracao,2400.0,,-10.87,-61.96,electricity_gd,primary,ANEEL Geração Distribuída (Dados Abertos),https://dadosabertos.aneel.gov.br/dataset/relacao-de-empreendimentos-de-geracao-distribuida,1
RO,São Miguel do Guaporé,1100320,(redacted),Biogás - RA,animal_manure_agro,Rural,PF,Microgeracao,75.0,,-11.68,-62.66,electricity_gd,primary,ANEEL Geração Distribuída (Dados Abertos),https://dadosabertos.aneel.gov.br/dataset/relacao-de-empreendimentos-de-geracao-distribuida,1
RS,Bom Jesus,4302303,PINUS BOM JESUS INDUSTRIA E,Biogás - Floresta,forestry_residues,Comercial,PJ,Minigeracao,2850.4,,-28.55,-50.39,electricity_gd,primary,ANEEL Geração Distribuída (Dados Abertos),https://dadosabertos.aneel.gov.br/dataset/relacao-de-empreendimentos-de-geracao-distribuida,1
RS,Candiota,4304358,BANCO SANTANDER BRASIL S A,Biogás - RU,msw_landfill,Comercial,PJ,Minigeracao,999.0,,-31.49,-53.74,electricity_gd,primary,ANEEL Geração Distribuída (Dados Abertos),https://dadosabertos.aneel.gov.br/dataset/relacao-de-empreendimentos-de-geracao-distribuida,2
RS,Candiota,4304358,SIM REDE DE POSTOS LTDA,Biogás - RU,msw_landfill,Comercial,PJ,Minigeracao,999.0,,-31.49,-53.74,electricity_gd,primary,ANEEL Geração Distribuída (Dados Abertos),https://dadosabertos.aneel.gov.br/dataset/relacao-de-empreendimentos-de-geracao-distribuida,2
RS,Canguçu,4304507,(redacted),Biogás-AGR,agricultural_residues,Rural,PF,Microgeracao,72.0,,-31.23,-52.62,electricity_gd,primary,ANEEL Geração Distribuída (Dados Abertos),https://dadosabertos.aneel.gov.br/dataset/relacao-de-empreendimentos-de-geracao-distribuida,1
RS,Catuípe,4305009,(redacted),Biogás-AGR,agricultural_residues,Rural,PF,Minigeracao,77.0,,-28.15,-54.14,electricity_gd,primary,ANEEL Geração Distribuída (Dados Abertos),https://dadosabertos.aneel.gov.br/dataset/relacao-de-empreendimentos-de-geracao-distribuida,1
RS,Cerro Largo,4305207,(redacted),Biogás-AGR,agricultural_residues,Rural,PF,Microgeracao,69.0,,-28.06,-54.76,electricity_gd,primary,ANEEL Geração Distribuída (Dados Abertos),https://dadosabertos.aneel.gov.br/dataset/relacao-de-empreendimentos-de-geracao-distribuida,1
RS,Charrua,4305371,(redacted),Biogás - RA,animal_manure_agro,Rural,PF,Microgeracao,74.25,,-27.94,-51.98,electricity_gd,primary,ANEEL Geração Distribuída (Dados Abertos),https://dadosabertos.aneel.gov.br/dataset/relacao-de-empreendimentos-de-geracao-distribuida,1
RS,Cristal do Sul,4306072,(redacted),Biogás - RA,animal_manure_agro,Rural,PF,Microgeracao,74.26,,-27.43,-53.25,electricity_gd,primary,ANEEL Geração Distribuída (Dados Abertos),https://dadosabertos.aneel.gov.br/dataset/relacao-de-empreendimentos-de-geracao-distribuida,1
RS,Frederico Westphalen,4308508,(redacted),Biogás - RA,animal_manure_agro,Rural,PF,Microgeracao,48.0,,-27.3,-53.34,electricity_gd,primary,ANEEL Geração Distribuída (Dados Abertos),https://dadosabertos.aneel.gov.br/dataset/relacao-de-empreendimentos-de-geracao-distribuida,1
RS,Giruá,4309001,(redacted),Biogás - RA,animal_manure_agro,Rural,PF,Microgeracao,54.4,,-27.92,-54.4,electricity_gd,primary,ANEEL Geração Distribuída (Dados Abertos),https://dadosabertos.aneel.gov.br/dataset/relacao-de-empreendimentos-de-geracao-distribuida,1
RS,Montenegro,4312401,Coop. dos Citr. Ecol. Do Vale do Caí LTDA,Biogás-AGR,agricultural_residues,Industrial,PJ,Minigeracao,294.0,,-29.69,-51.54,electricity_gd,primary,ANEEL Geração Distribuída (Dados Abertos),https://dadosabertos.aneel.gov.br/dataset/relacao-de-empreendimentos-de-geracao-distribuida,1
RS,Paverama,4314159,(redacted),Biogás - RA,animal_manure_agro,Rural,PF,Microgeracao,52.0,,-29.52,-51.77,electricity_gd,primary,ANEEL Geração Distribuída (Dados Abertos),https://dadosabertos.aneel.gov.br/dataset/relacao-de-empreendimentos-de-geracao-distribuida,1
RS,Pinhal,4314456,(redacted),Biogás - RA,animal_manure_agro,Rural,PF,Microgeracao,74.26,,-27.53,-53.22,electricity_gd,primary,ANEEL Geração Distribuída (Dados Abertos),https://dadosabertos.aneel.gov.br/dataset/relacao-de-empreendimentos-de-geracao-distribuida,1
RS,Rodeio Bonito,4315909,(redacted),Biogás - RA,animal_manure_agro,Rural,PF,Minigeracao,87.2,,-27.46,-53.19,electricity_gd,primary,ANEEL Geração Distribuída (Dados Abertos),https://dadosabertos.aneel.gov.br/dataset/relacao-de-empreendimentos-de-geracao-distribuida,1
RS,Salvador do Sul,4316501,(redacted),Biogás - RA,animal_manure_agro,Rural,PF,Minigeracao,90.0,,-29.46,-51.51,electricity_gd,primary,ANEEL Geração Distribuída (Dados Abertos),https://dadosabertos.aneel.gov.br/dataset/relacao-de-empreendimentos-de-geracao-distribuida,1
RS,Santa Rosa,4317202,(redacted),Biogás - RA,animal_manure_agro,Rural,PF,Microgeracao,74.24,,-28.15,-55.45,electricity_gd,primary,ANEEL Geração Distribuída (Dados Abertos),https://dadosabertos.aneel.gov.br/dataset/relacao-de-empreendimentos-de-geracao-distribuida,1
RS,Santo Cristo,4317905,(redacted),Biogás - RA,animal_manure_agro,Rural,PF,Microgeracao,74.4,,-27.86,-54.61,electricity_gd,primary,ANEEL Geração Distribuída (Dados Abertos),https://dadosabertos.aneel.gov.br/dataset/relacao-de-empreendimentos-de-geracao-distribuida,1
RS,Santo Cristo,4317905,(redacted),Biogás - RA,animal_manure_agro,Rural,PF,Microgeracao,74.25,,-27.82,-54.74,electricity_gd,primary,ANEEL Geração Distribuída (Dados Abertos),https://dadosabertos.aneel.gov.br/dataset/relacao-de-empreendimentos-de-geracao-distribuida,1
RS,Santo Cristo,4317905,(redacted),Biogás - RA,animal_manure_agro,Rural,PF,Microgeracao,73.26,,-27.81,-54.61,electricity_gd,primary,ANEEL Geração Distribuída (Dados Abertos),https://dadosabertos.aneel.gov.br/dataset/relacao-de-empreendimentos-de-geracao-distribuida,1
RS,Santo Cristo,4317905,(redacted),Biogás - RA,animal_manure_agro,Rural,PF,Microgeracao,73.26,,-27.98,-54.65,electricity_gd,primary,ANEEL Geração Distribuída (Dados Abertos),https://dadosabertos.aneel.gov.br/dataset/relacao-de-empreendimentos-de-geracao-distribuida,1
RS,Seberi,4320206,(redacted),Biogás - RA,animal_manure_agro,Rural,PF,Minigeracao,77.6,,-27.5,-53.38,electricity_gd,primary,ANEEL Geração Distribuída (Dados Abertos),https://dadosabertos.aneel.gov.br/dataset/relacao-de-empreendimentos-de-geracao-distribuida,1
RS,São Leopoldo,4318705,BIOTERMICA ENERGIA S.A.,Biogás - RU,msw_landfill,Comercial,PJ,Minigeracao,920.0,,-30.26,-52.81,electricity_gd,primary,ANEEL Geração Distribuída (Dados Abertos),https://dadosabertos.aneel.gov.br/dataset/relacao-de-empreendimentos-de-geracao-distribuida,1
RS,Tapera,4321006,COOPERATIVA BRASILEIRA DE GERACAO DISTRIBUIDA,Biogás - RA,animal_manure_agro,Comercial,PJ,Minigeracao,460.8,,-28.64,-52.78,electricity_gd,primary,ANEEL Geração Distribuída (Dados Abertos),https://dadosabertos.aneel.gov.br/dataset/relacao-de-empreendimentos-de-geracao-distribuida,1
RS,Teutônia,4321451,(redacted),Biogás - RA,animal_manure_agro,Rural,PF,Minigeracao,84.15,,-29.45,-51.67,electricity_gd,primary,ANEEL Geração Distribuída (Dados Abertos),https://dadosabertos.aneel.gov.br/dataset/relacao-de-empreendimentos-de-geracao-distribuida,1
RS,Água Santa,4300059,(redacted),Biogás - RA,animal_manure_agro,Rural,PF,Minigeracao,190.4,,-28.13,-52.07,electricity_gd,primary,ANEEL Geração Distribuída (Dados Abertos),https://dadosabertos.aneel.gov.br/dataset/relacao-de-empreendimentos-de-geracao-distribuida,1
SC,Arabutã,4201273,(redacted),Biogás - RA,animal_manure_agro,Industrial,PF,Minigeracao,287.1,,-27.14,-52.12,electricity_gd,primary,ANEEL Geração Distribuída (Dados Abertos),https://dadosabertos.aneel.gov.br/dataset/relacao-de-empreendimentos-de-geracao-distribuida,1
SC,Barra Bonita,4202099,(redacted),Biogás - RA,animal_manure_agro,Rural,PF,Microgeracao,73.26,,-26.66,-53.42,electricity_gd,primary,ANEEL Geração Distribuída (Dados Abertos),https://dadosabertos.aneel.gov.br/dataset/relacao-de-empreendimentos-de-geracao-distribuida,1
SC,Blumenau,4202404,(redacted),Biogás - RA,animal_manure_agro,Industrial,PF,Minigeracao,183.6,,-26.76,-49.1,electricity_gd,primary,ANEEL Geração Distribuída (Dados Abertos),https://dadosabertos.aneel.gov.br/dataset/relacao-de-empreendimentos-de-geracao-distribuida,1
SC,Braço do Norte,4202800,(redacted),Biogás - RU,msw_landfill,Rural,PF,Microgeracao,11.04,,-28.21,-49.09,electricity_gd,primary,ANEEL Geração Distribuída (Dados Abertos),https://dadosabertos.aneel.gov.br/dataset/relacao-de-empreendimentos-de-geracao-distribuida,1
SC,Caibi,4203105,(redacted),Biogás - RA,animal_manure_agro,Rural,PF,Minigeracao,115.2,,-26.96,-53.22,electricity_gd,primary,ANEEL Geração Distribuída (Dados Abertos),https://dadosabertos.aneel.gov.br/dataset/relacao-de-empreendimentos-de-geracao-distribuida,1
SC,Campos Novos,4203600,AGRIC ADUBOS E GESTAO DE RESIDUOS INDUSTRIAIS E COMERCIAIS S.A.,Biogás-AGR,agricultural_residues,Industrial,PJ,Minigeracao,1141.6,,-27.35,-51.34,electricity_gd,primary,ANEEL Geração Distribuída (Dados Abertos),https://dadosabertos.aneel.gov.br/dataset/relacao-de-empreendimentos-de-geracao-distribuida,1
SC,Campos Novos,4203600,COOPERATIVA REGIONAL AGROPECUARIA DE CAMPOS NOVOS,Biogás - RA,animal_manure_agro,Rural,PJ,Minigeracao,176.0,,-27.47,-51.22,electricity_gd,primary,ANEEL Geração Distribuída (Dados Abertos),https://dadosabertos.aneel.gov.br/dataset/relacao-de-empreendimentos-de-geracao-distribuida,1
SC,Chapecó,4204202,Maiale Carnes Suínas,Biogás - RA,animal_manure_agro,Industrial,PJ,Minigeracao,90.0,,-27.08,-52.64,electricity_gd,primary,ANEEL Geração Distribuída (Dados Abertos),https://dadosabertos.aneel.gov.br/dataset/relacao-de-empreendimentos-de-geracao-distribuida,1
SC,Chapecó,4204202,(redacted),Biogás - RA,animal_manure_agro,Industrial,PF,Microgeracao,60.0,,-27.08,-52.64,electricity_gd,primary,ANEEL Geração Distribuída (Dados Abertos),https://dadosabertos.aneel.gov.br/dataset/relacao-de-empreendimentos-de-geracao-distribuida,1
SC,Coronel Freitas,4204400,(redacted),Biogás - RA,animal_manure_agro,Residencial,PF,Microgeracao,35.2,,-26.9,-52.73,electricity_gd,primary,ANEEL Geração Distribuída (Dados Abertos),https://dadosabertos.aneel.gov.br/dataset/relacao-de-empreendimentos-de-geracao-distribuida,1
SC,Cunha Porã,4204707,(redacted),Biogás - RA,animal_manure_agro,Rural,PF,Minigeracao,75.2,,-26.9,-53.13,electricity_gd,primary,ANEEL Geração Distribuída (Dados Abertos),https://dadosabertos.aneel.gov.br/dataset/relacao-de-empreendimentos-de-geracao-distribuida,1
SC,Cunha Porã,4204707,(redacted),Biogás - RA,animal_manure_agro,Rural,PF,Microgeracao,39.6,,-26.88,-53.17,electricity_gd,primary,ANEEL Geração Distribuída (Dados Abertos),https://dadosabertos.aneel.gov.br/dataset/relacao-de-empreendimentos-de-geracao-distribuida,1
SC,Cunhataí,4204756,(redacted),Biogás - RA,animal_manure_agro,Rural,PF,Microgeracao,64.0,,-26.98,-53.1,electricity_gd,primary,ANEEL Geração Distribuída (Dados Abertos),https://dadosabertos.aneel.gov.br/dataset/relacao-de-empreendimentos-de-geracao-distribuida,1
SC,Descanso,4204905,(redacted),Biogás - RA,animal_manure_agro,Rural,PF,Minigeracao,85.0,,-26.8,-53.52,electricity_gd,primary,ANEEL Geração Distribuída (Dados Abertos),https://dadosabertos.aneel.gov.br/dataset/relacao-de-empreendimentos-de-geracao-distribuida,1
SC,Entre Rios,4205175,(redacted),Biogás - RA,animal_manure_agro,Rural,PF,Microgeracao,62.4,,-26.7,-52.57,electricity_gd,primary,ANEEL Geração Distribuída (Dados Abertos),https://dadosabertos.aneel.gov.br/dataset/relacao-de-empreendimentos-de-geracao-distribuida,1
SC,Faxinal dos Guedes,4205308,(redacted),Biogás - RA,animal_manure_agro,Rural,PF,Microgeracao,74.4,,-26.85,-52.21,electricity_gd,primary,ANEEL Geração Distribuída (Dados Abertos),https://dadosabertos.aneel.gov.br/dataset/relacao-de-empreendimentos-de-geracao-distribuida,1
SC,Faxinal dos Guedes,4205308,(redacted),Biogás - RA,animal_manure_agro,Rural,PF,Microgeracao,73.26,,-26.87,-52.25,electricity_gd,primary,ANEEL Geração Distribuída (Dados Abertos),https://dadosabertos.aneel.gov.br/dataset/relacao-de-empreendimentos-de-geracao-distribuida,1
SC,Guaraciaba,4206405,(redacted),Biogás - RA,animal_manure_agro,Rural,PF,Microgeracao,75.0,,-26.54,-53.58,electricity_gd,primary,ANEEL Geração Distribuída (Dados Abertos),https://dadosabertos.aneel.gov.br/dataset/relacao-de-empreendimentos-de-geracao-distribuida,1
SC,Guaraciaba,4206405,(redacted),Biogás - RA,animal_manure_agro,Rural,PF,Microgeracao,74.8,,-26.55,-53.58,electricity_gd,primary,ANEEL Geração Distribuída (Dados Abertos),https://dadosabertos.aneel.gov.br/dataset/relacao-de-empreendimentos-de-geracao-distribuida,1
SC,Guaraciaba,4206405,(redacted),Biogás - RA,animal_manure_agro,Rural,PF,Microgeracao,74.4,,-26.62,-53.52,electricity_gd,primary,ANEEL Geração Distribuída (Dados Abertos),https://dadosabertos.aneel.gov.br/dataset/relacao-de-empreendimentos-de-geracao-distribuida,1
SC,Ipuaçu,4207684,(redacted),Biogás - RA,animal_manure_agro,Rural,PF,Microgeracao,39.6,,-26.6,-52.44,electricity_gd,primary,ANEEL Geração Distribuída (Dados Abertos),https://dadosabertos.aneel.gov.br/dataset/relacao-de-empreendimentos-de-geracao-distribuida,1
SC,Itapiranga,4208401,(redacted),Biogás - RA,animal_manure_agro,Rural,PF,Microgeracao,75.0,,-27.17,-53.57,electricity_gd,primary,ANEEL Geração Distribuída (Dados Abertos),https://dadosabertos.aneel.gov.br/dataset/relacao-de-empreendimentos-de-geracao-distribuida,1
SC,Jaguaruna,4208807,(redacted),Biogás - Floresta,forestry_residues,Comercial,PF,Microgeracao,75.0,,-28.63,-49.03,electricity_gd,primary,ANEEL Geração Distribuída (Dados Abertos),https://dadosabertos.aneel.gov.br/dataset/relacao-de-empreendimentos-de-geracao-distribuida,1
SC,Jaguaruna,4208807,COOPERATIVA SUSTENTAVEL DE ENERGIAS RENOVAVEIS - COOPER SUSTENTAVEL,Biogás - RA,animal_manure_agro,Comercial,PJ,Microgeracao,75.0,,-28.65,-49.05,electricity_gd,primary,ANEEL Geração Distribuída (Dados Abertos),https://dadosabertos.aneel.gov.br/dataset/relacao-de-empreendimentos-de-geracao-distribuida,1
SC,Mafra,4210100,COOPERATIVA DE GERACAO DISTRIBUIDA ENERGIA,Biogás - Floresta,forestry_residues,Comercial,PJ,Minigeracao,2200.0,,-26.18,-49.88,electricity_gd,primary,ANEEL Geração Distribuída (Dados Abertos),https://dadosabertos.aneel.gov.br/dataset/relacao-de-empreendimentos-de-geracao-distribuida,1
SC,Marema,4210555,Agroter Agropecuária & Ferragem Ltda,Biogás - RA,animal_manure_agro,Rural,PJ,Microgeracao,75.0,,-26.83,-52.62,electricity_gd,primary,ANEEL Geração Distribuída (Dados Abertos),https://dadosabertos.aneel.gov.br/dataset/relacao-de-empreendimentos-de-geracao-distribuida,1
SC,Palma Sola,4212007,(redacted),Biogás - RA,animal_manure_agro,Rural,PF,Microgeracao,75.0,,-26.34,-53.29,electricity_gd,primary,ANEEL Geração Distribuída (Dados Abertos),https://dadosabertos.aneel.gov.br/dataset/relacao-de-empreendimentos-de-geracao-distribuida,1
SC,Pouso Redondo,4213708,(redacted),Biogás-AGR,agricultural_residues,Rural,PF,Microgeracao,74.4,,-27.31,-49.91,electricity_gd,primary,ANEEL Geração Distribuída (Dados Abertos),https://dadosabertos.aneel.gov.br/dataset/relacao-de-empreendimentos-de-geracao-distribuida,1
SC,Pouso Redondo,4213708,(redacted),Biogás-AGR,agricultural_residues,Rural,PF,Microgeracao,74.4,,-27.21,-49.97,electricity_gd,primary,ANEEL Geração Distribuída (Dados Abertos),https://dadosabertos.aneel.gov.br/dataset/relacao-de-empreendimentos-de-geracao-distribuida,1
SC,Santa Cecília,4215505,COOPERATIVA REGIONAL AGROPECUARIA DE CAMPOS NOVOS COPERCAMPOS,Biogás - RA,animal_manure_agro,Rural,PJ,Microgeracao,67.2,,-26.91,-50.46,electricity_gd,primary,ANEEL Geração Distribuída (Dados Abertos),https://dadosabertos.aneel.gov.br/dataset/relacao-de-empreendimentos-de-geracao-distribuida,1
SC,Seara,4217501,(redacted),Biogás - RA,animal_manure_agro,Rural,PF,Microgeracao,75.0,,-27.13,-52.37,electricity_gd,primary,ANEEL Geração Distribuída (Dados Abertos),https://dadosabertos.aneel.gov.br/dataset/relacao-de-empreendimentos-de-geracao-distribuida,1
SC,Sul Brasil,4217758,(redacted),Biogás - RA,animal_manure_agro,Rural,PF,Microgeracao,24.75,,-26.67,-52.97,electricity_gd,primary,ANEEL Geração Distribuída (Dados Abertos),https://dadosabertos.aneel.gov.br/dataset/relacao-de-empreendimentos-de-geracao-distribuida,1
SC,São Carlos,4216008,(redacted),Biogás - RA,animal_manure_agro,Rural,PF,Microgeracao,74.25,,-27.0,-53.07,electricity_gd,primary,ANEEL Geração Distribuída (Dados Abertos),https://dadosabertos.aneel.gov.br/dataset/relacao-de-empreendimentos-de-geracao-distribuida,1
SC,São Carlos,4216008,(redacted),Biogás - RA,animal_manure_agro,Rural,PF,Microgeracao,34.0,,-27.01,-53.06,electricity_gd,primary,ANEEL Geração Distribuída (Dados Abertos),https://dadosabertos.aneel.gov.br/dataset/relacao-de-empreendimentos-de-geracao-distribuida,1
SC,Três Barras,4218301,COMPENSADOS FUCK LTDA,Biogás - RA,animal_manure_agro,Industrial,PJ,Minigeracao,500.0,,-26.15,-50.32,electricity_gd,primary,ANEEL Geração Distribuída (Dados Abertos),https://dadosabertos.aneel.gov.br/dataset/relacao-de-empreendimentos-de-geracao-distribuida,1
SC,Tunápolis,4218756,(redacted),Biogás - RA,animal_manure_agro,Rural,PF,Microgeracao,74.8,,-27.03,-53.64,electricity_gd,primary,ANEEL Geração Distribuída (Dados Abertos),https://dadosabertos.aneel.gov.br/dataset/relacao-de-empreendimentos-de-geracao-distribuida,1
SC,Vargeão,4219101,(redacted),Biogás - RA,animal_manure_agro,Rural,PF,Microgeracao,75.0,,-26.83,-52.13,electricity_gd,primary,ANEEL Geração Distribuída (Dados Abertos),https://dadosabertos.aneel.gov.br/dataset/relacao-de-empreendimentos-de-geracao-distribuida,1
SC,Videira,4219309,MASTER AGROINDUSTRIAL LTDA,Biogás - RA,animal_manure_agro,Industrial,PJ,Minigeracao,400.0,,-27.04,-51.11,electricity_gd,primary,ANEEL Geração Distribuída (Dados Abertos),https://dadosabertos.aneel.gov.br/dataset/relacao-de-empreendimentos-de-geracao-distribuida,1
SC,Xanxerê,4219507,(redacted),Biogás - RU,msw_landfill,Rural,PF,Minigeracao,168.0,,-26.15,-52.62,electricity_gd,primary,ANEEL Geração Distribuída (Dados Abertos),https://dadosabertos.aneel.gov.br/dataset/relacao-de-empreendimentos-de-geracao-distribuida,1
SC,Xanxerê,4219507,(redacted),Biogás - RA,animal_manure_agro,Rural,PF,Microgeracao,75.0,,-26.92,-52.45,electricity_gd,primary,ANEEL Geração Distribuída (Dados Abertos),https://dadosabertos.aneel.gov.br/dataset/relacao-de-empreendimentos-de-geracao-distribuida,1
SC,Xanxerê,4219507,(redacted),Biogás - RA,animal_manure_agro,Rural,PF,Microgeracao,74.69,,-26.85,-52.35,electricity_gd,primary,ANEEL Geração Distribuída (Dados Abertos),https://dadosabertos.aneel.gov.br/dataset/relacao-de-empreendimentos-de-geracao-distribuida,1
SC,Xanxerê,4219507,(redacted),Biogás - RA,animal_manure_agro,Rural,PF,Microgeracao,73.6,,-26.9,-52.42,electricity_gd,primary,ANEEL Geração Distribuída (Dados Abertos),https://dadosabertos.aneel.gov.br/dataset/relacao-de-empreendimentos-de-geracao-distribuida,1
SC,Xanxerê,4219507,(redacted),Biogás - RA,animal_manure_agro,Rural,PF,Microgeracao,60.0,,-26.88,-52.46,electricity_gd,primary,ANEEL Geração Distribuída (Dados Abertos),https://dadosabertos.aneel.gov.br/dataset/relacao-de-empreendimentos-de-geracao-distribuida,1
SC,Xavantina,4219606,(redacted),Biogás - RA,animal_manure_agro,Rural,PF,Minigeracao,75.6,,-27.07,-52.32,electricity_gd,primary,ANEEL Geração Distribuída (Dados Abertos),https://dadosabertos.aneel.gov.br/dataset/relacao-de-empreendimentos-de-geracao-distribuida,1
SP,Andradina,3502101,SOLAR SANTANA DO PARNAIBA SPE LTDA,Biogás-AGR,agricultural_residues,Industrial,PJ,Minigeracao,300.0,,-20.87,-51.35,electricity_gd,primary,ANEEL Geração Distribuída (Dados Abertos),https://dadosabertos.aneel.gov.br/dataset/relacao-de-empreendimentos-de-geracao-distribuida,1
SP,Bauru,3506003,PAULO PEREIRA RANGEL FILHO,Biogás - RA,animal_manure_agro,Rural,PJ,Microgeracao,53.76,,-22.33,-49.07,electricity_gd,primary,ANEEL Geração Distribuída (Dados Abertos),https://dadosabertos.aneel.gov.br/dataset/relacao-de-empreendimentos-de-geracao-distribuida,1
SP,Colina,3512001,FENIX COLINA PARTICIPACOES,Biogás - RA,animal_manure_agro,Rural,PJ,Minigeracao,75.2,,-20.73,-48.6,electricity_gd,primary,ANEEL Geração Distribuída (Dados Abertos),https://dadosabertos.aneel.gov.br/dataset/relacao-de-empreendimentos-de-geracao-distribuida,1
SP,Colina,3512001,FENIX COLINA PARTICIPACOES E EMPREENDIMENTOS LTDA.,Biogás - RA,animal_manure_agro,Rural,PJ,Microgeracao,74.26,,-20.67,-48.5,electricity_gd,primary,ANEEL Geração Distribuída (Dados Abertos),https://dadosabertos.aneel.gov.br/dataset/relacao-de-empreendimentos-de-geracao-distribuida,1
SP,Colina,3512001,FENIX COLINA PARTICIPACOES E EMPREENDIMENTOS LTDA.,Biogás - RA,animal_manure_agro,Rural,PJ,Microgeracao,53.76,,-20.73,-48.6,electricity_gd,primary,ANEEL Geração Distribuída (Dados Abertos),https://dadosabertos.aneel.gov.br/dataset/relacao-de-empreendimentos-de-geracao-distribuida,1
SP,Cordeirópolis,3512407,13.228.387/0001-80,Biogás - RA,animal_manure_agro,Rural,PJ,Microgeracao,69.0,,-22.45,-47.44,electricity_gd,primary,ANEEL Geração Distribuída (Dados Abertos),https://dadosabertos.aneel.gov.br/dataset/relacao-de-empreendimentos-de-geracao-distribuida,1
SP,Coronel Macedo,3512605,Eliano Antunes de Oliveira,Biogás - RA,animal_manure_agro,Rural,PJ,Microgeracao,74.26,,-23.66,-49.25,electricity_gd,primary,ANEEL Geração Distribuída (Dados Abertos),https://dadosabertos.aneel.gov.br/dataset/relacao-de-empreendimentos-de-geracao-distribuida,1
SP,Elias Fausto,3514908,CRI GEO BIOGAS S.A,Biogás - RA,animal_manure_agro,Comercial,PJ,Minigeracao,1143.2,,-24.93,-48.6,electricity_gd,primary,ANEEL Geração Distribuída (Dados Abertos),https://dadosabertos.aneel.gov.br/dataset/relacao-de-empreendimentos-de-geracao-distribuida,1
SP,Elias Fausto,3514908,DAISE APARECIDA CANCIAN BRESSIANI E OUTR,Biogás - RA,animal_manure_agro,Rural,PJ,Microgeracao,74.0,,-23.07,-47.37,electricity_gd,primary,ANEEL Geração Distribuída (Dados Abertos),https://dadosabertos.aneel.gov.br/dataset/relacao-de-empreendimentos-de-geracao-distribuida,1
SP,Franca,3516200,RENATO MAURICIO DE PAULA E OUTROS,Biogás - RA,animal_manure_agro,Rural,PJ,Minigeracao,336.0,,-20.46,-47.39,electricity_gd,primary,ANEEL Geração Distribuída (Dados Abertos),https://dadosabertos.aneel.gov.br/dataset/relacao-de-empreendimentos-de-geracao-distribuida,1
SP,Gália,3516606,LUIZ ANTONIO RODRIGUES,Biogás - RA,animal_manure_agro,Residencial,PJ,Microgeracao,69.0,,-22.32,-49.56,electricity_gd,primary,ANEEL Geração Distribuída (Dados Abertos),https://dadosabertos.aneel.gov.br/dataset/relacao-de-empreendimentos-de-geracao-distribuida,1
SP,Indaiatuba,3520509,CORPUS SANEAMENTO E OBRAS LTDA,Biogás - RU,msw_landfill,Comercial,PJ,Minigeracao,199.84,,-23.1,-47.45,electricity_gd,primary,ANEEL Geração Distribuída (Dados Abertos),https://dadosabertos.aneel.gov.br/dataset/relacao-de-empreendimentos-de-geracao-distribuida,1
SP,Indiana,3520608,FARINHEIRA VO JORGE LTDA,Biogás - RA,animal_manure_agro,Industrial,PJ,Minigeracao,250.0,,-22.14,-51.25,electricity_gd,primary,ANEEL Geração Distribuída (Dados Abertos),https://dadosabertos.aneel.gov.br/dataset/relacao-de-empreendimentos-de-geracao-distribuida,1
SP,Itatiba,3523404,RENATO RAPPA,Biogás - RU,msw_landfill,Rural,PJ,Minigeracao,96.0,,-23.0,-46.84,electricity_gd,primary,ANEEL Geração Distribuída (Dados Abertos),https://dadosabertos.aneel.gov.br/dataset/relacao-de-empreendimentos-de-geracao-distribuida,1
SP,Limeira,3526902,ARUALDO BALLONI,Biogás - RA,animal_manure_agro,Rural,PJ,Microgeracao,69.0,,-22.67,-47.41,electricity_gd,primary,ANEEL Geração Distribuída (Dados Abertos),https://dadosabertos.aneel.gov.br/dataset/relacao-de-empreendimentos-de-geracao-distribuida,1
SP,Limeira,3526902,ARUALDO BALLONI,Biogás - RA,animal_manure_agro,Rural,PJ,Microgeracao,42.75,,-22.67,-47.41,electricity_gd,primary,ANEEL Geração Distribuída (Dados Abertos),https://dadosabertos.aneel.gov.br/dataset/relacao-de-empreendimentos-de-geracao-distribuida,1
SP,Mococa,3530508,JOSE FLAVIO NETO,Biogás - RA,animal_manure_agro,Rural,PJ,Microgeracao,74.4,,-21.53,-47.01,electricity_gd,primary,ANEEL Geração Distribuída (Dados Abertos),https://dadosabertos.aneel.gov.br/dataset/relacao-de-empreendimentos-de-geracao-distribuida,1
SP,Mogi das Cruzes,3530607,CONDOMINIO RESIDENCIAL ARTS GARDEN N N,Biogás - RU,msw_landfill,Comercial,PJ,Microgeracao,28.44,,-23.52,-46.18,electricity_gd,primary,ANEEL Geração Distribuída (Dados Abertos),https://dadosabertos.aneel.gov.br/dataset/relacao-de-empreendimentos-de-geracao-distribuida,1
SP,Mogi das Cruzes,3530607,CONDOMINIO RESIDENCIAL ARTS GARDEN N N,Biogás - RU,msw_landfill,Comercial,PJ,Microgeracao,23.7,,-23.52,-46.18,electricity_gd,primary,ANEEL Geração Distribuída (Dados Abertos),https://dadosabertos.aneel.gov.br/dataset/relacao-de-empreendimentos-de-geracao-distribuida,1
SP,Monte Azul Paulista,3531506,JOSE LEMO,Biogás - RA,animal_manure_agro,Rural,PJ,Microgeracao,75.0,,-20.93,-48.7,electricity_gd,primary,ANEEL Geração Distribuída (Dados Abertos),https://dadosabertos.aneel.gov.br/dataset/relacao-de-empreendimentos-de-geracao-distribuida,1
SP,Narandiba,3532207,CONSORCIO RZ SP IV,Biogás-AGR,agricultural_residues,Comercial,PJ,Minigeracao,4971.68,,-22.56,-51.54,electricity_gd,primary,ANEEL Geração Distribuída (Dados Abertos),https://dadosabertos.aneel.gov.br/dataset/relacao-de-empreendimentos-de-geracao-distribuida,1
SP,Olímpia,3533908,TEREOS ACUCAR E ENERGIA BRASIL S.A.,Biogás - RA,animal_manure_agro,Industrial,PJ,Minigeracao,464.0,,-20.7,-49.1,electricity_gd,primary,ANEEL Geração Distribuída (Dados Abertos),https://dadosabertos.aneel.gov.br/dataset/relacao-de-empreendimentos-de-geracao-distribuida,1
SP,Paraguaçu Paulista,3535507,FIGUEIRA INDUSTRIA E COMERCIO DE ALIMENTOS LTDA,Biogás - Floresta,forestry_residues,Industrial,PJ,Minigeracao,460.0,,-22.43,-50.56,electricity_gd,primary,ANEEL Geração Distribuída (Dados Abertos),https://dadosabertos.aneel.gov.br/dataset/relacao-de-empreendimentos-de-geracao-distribuida,1
SP,Piracicaba,3538709,JOSE VALENTIM CASARIN,Biogás - RA,animal_manure_agro,Rural,PJ,Microgeracao,74.4,,-22.86,-47.78,electricity_gd,primary,ANEEL Geração Distribuída (Dados Abertos),https://dadosabertos.aneel.gov.br/dataset/relacao-de-empreendimentos-de-geracao-distribuida,1
SP,Piracicaba,3538709,ELAINE DE FATIMA DIEHL MARCIO ME,Biogás - RA,animal_manure_agro,Rural,PJ,Microgeracao,74.25,,-22.79,-47.72,electricity_gd,primary,ANEEL Geração Distribuída (Dados Abertos),https://dadosabertos.aneel.gov.br/dataset/relacao-de-empreendimentos-de-geracao-distribuida,1
SP,Quatá,3541703,REVITA ENGENHARIA SA,Biogás - RU,msw_landfill,Comercial,PJ,Minigeracao,1000.0,,-22.18,-50.7,electricity_gd,primary,ANEEL Geração Distribuída (Dados Abertos),https://dadosabertos.aneel.gov.br/dataset/relacao-de-empreendimentos-de-geracao-distribuida,1
SP,Rafard,3542107,FLAVIO VERONEZ E OUTROS,Biogás - RA,animal_manure_agro,Rural,PJ,Microgeracao,60.72,,-23.04,-47.59,electricity_gd,primary,ANEEL Geração Distribuída (Dados Abertos),https://dadosabertos.aneel.gov.br/dataset/relacao-de-empreendimentos-de-geracao-distribuida,1
SP,São José do Rio Pardo,3549706,MARCO ANTONIO GUARDABAXO,Biogás - RA,animal_manure_agro,Rural,PJ,Minigeracao,200.0,,-21.56,-46.88,electricity_gd,primary,ANEEL Geração Distribuída (Dados Abertos),https://dadosabertos.aneel.gov.br/dataset/relacao-de-empreendimentos-de-geracao-distribuida,1
SP,São José do Rio Pardo,3549706,MARCO ANTONIO GUARDABAXO,Biogás - RA,animal_manure_agro,Rural,PJ,Minigeracao,96.0,,-21.55,-46.83,electricity_gd,primary,ANEEL Geração Distribuída (Dados Abertos),https://dadosabertos.aneel.gov.br/dataset/relacao-de-empreendimentos-de-geracao-distribuida,1
SP,São José dos Campos,3549904,MUNICIPIO DE SAO JOSE DOS CAMPOS,Biogás - RU,msw_landfill,Comercial,PJ,Minigeracao,1560.0,,-23.25,-45.86,electricity_gd,primary,ANEEL Geração Distribuída (Dados Abertos),https://dadosabertos.aneel.gov.br/dataset/relacao-de-empreendimentos-de-geracao-distribuida,1
SP,São Manuel,3550100,PAULO PELLICCI E OUTROS,Biogás - RA,animal_manure_agro,Comercial,PJ,Minigeracao,87.2,,-22.72,-48.55,electricity_gd,primary,ANEEL Geração Distribuída (Dados Abertos),https://dadosabertos.aneel.gov.br/dataset/relacao-de-empreendimentos-de-geracao-distribuida,1
SP,São Paulo,3550308,CLARO S/A,Biogás - RU,msw_landfill,Comercial,PJ,Minigeracao,4950.0,,-23.64,-46.42,electricity_gd,primary,ANEEL Geração Distribuída (Dados Abertos),https://dadosabertos.aneel.gov.br/dataset/relacao-de-empreendimentos-de-geracao-distribuida,1
SP,São Paulo,3550308,Gaswatt Energi,Biogás - RU,msw_landfill,Comercial,PJ,Minigeracao,3150.0,,-23.63,-46.46,electricity_gd,primary,ANEEL Geração Distribuída (Dados Abertos),https://dadosabertos.aneel.gov.br/dataset/relacao-de-empreendimentos-de-geracao-distribuida,1
SP,Torrinha,3554706,WALDOMIRO APARECIDO PASTORI,Biogás - RA,animal_manure_agro,Rural,PJ,Minigeracao,150.4,,-22.45,-48.16,electricity_gd,primary,ANEEL Geração Distribuída (Dados Abertos),https://dadosabertos.aneel.gov.br/dataset/relacao-de-empreendimentos-de-geracao-distribuida,1
TO,Palmeiras do Tocantins,1713809,(redacted),Biogás-AGR,agricultural_residues,Rural,PF,Minigeracao,85.0,,-6.61,-47.54,electricity_gd,primary,ANEEL Geração Distribuída (Dados Abertos),https://dadosabertos.aneel.gov.br/dataset/relacao-de-empreendimentos-de-geracao-distribuida,1
