CD_GEOCODI,cod_rgint,nome_rgint,area_ha_Algodão_herbáceo_em_caroço,area_ha_Amendoim_em_casca,area_ha_Arroz_em_casca,area_ha_Banana_cacho,area_ha_Batata_doce,area_ha_Batata_inglesa,area_ha_Café_em_grão_Total,area_ha_Cana_de_açúcar,area_ha_Cebola,area_ha_Feijão_em_grão,area_ha_Laranja,area_ha_Mandioca,area_ha_Milho_em_grão,area_ha_Soja_em_grão,area_ha_Sorgo_em_grão,area_ha_Tomate,area_ha_Trigo_em_grão,area_ha_Uva,prod_t_Algodão_herbáceo_em_caroço,prod_t_Amendoim_em_casca,prod_t_Arroz_em_casca,prod_t_Banana_cacho,prod_t_Batata_doce,prod_t_Batata_inglesa,prod_t_Café_em_grão_Total,prod_t_Cana_de_açúcar,prod_t_Cebola,prod_t_Feijão_em_grão,prod_t_Laranja,prod_t_Mandioca,prod_t_Milho_em_grão,prod_t_Soja_em_grão,prod_t_Sorgo_em_grão,prod_t_Tomate,prod_t_Trigo_em_grão,prod_t_Uva,cabecas_Bovino,cabecas_Bubalino,cabecas_Caprino,cabecas_Codornas,cabecas_Equino,cabecas_Galináceos___galinhas,cabecas_Galináceos___total,cabecas_Ovino,cabecas_Suíno___matrizes_de_suínos,cabecas_Suíno___total,rdo_coletado_t,rpu_coletado_t,rdo_rpu_coletado_t,pop_atendida_coleta_hab,coleta_seletiva_t,rss_coletado_t,massa_coletada_per_capita_kg_hab_dia,populacao_censo2022,populacao_total_hab
3556453,3501,São Paulo,0.0,0.0,0.0,0.0,0.0,0.0,0.0,0.0,0.0,0.0,0.0,0.0,0.0,0.0,0.0,0.0,0.0,0.0,0.0,0.0,0.0,0.0,0.0,0.0,0.0,0.0,0.0,0.0,0.0,0.0,0.0,0.0,0.0,0.0,0.0,0.0,0.0,0.0,0.0,0.0,0.0,0.0,0.0,0.0,0.0,0.0,0,0,0,50333,0,467,0,50415,50415
3552809,3501,São Paulo,0.0,0.0,0.0,0.0,0.0,0.0,0.0,0.0,0.0,0.0,0.0,0.0,0.0,0.0,0.0,0.0,0.0,0.0,0.0,0.0,0.0,0.0,0.0,0.0,0.0,0.0,0.0,0.0,0.0,0.0,0.0,0.0,0.0,0.0,0.0,0.0,0.0,0.0,0.0,0.0,0.0,0.0,0.0,0.0,0.0,0.0,0,0,0,273542,0,4038,0,273542,273542
3552502,3501,São Paulo,0.0,0.0,0.0,0.0,5.0,0.0,0.0,0.0,0.0,0.0,0.0,0.0,0.0,0.0,0.0,0.0,0.0,0.0,0.0,0.0,0.0,0.0,40.0,0.0,0.0,0.0,0.0,0.0,0.0,0.0,0.0,0.0,0.0,0.0,0.0,0.0,1101.0,19.0,242.0,0.0,599.0,938025.0,1146475.0,354.0,0.0,1263.0,0,0,0,307364,0,0,0,307429,307429
3550308,3501,São Paulo,0.0,0.0,0.0,42.0,3.0,0.0,1.0,11.0,0.0,16.0,0.0,8.0,30.0,0.0,0.0,14.0,0.0,0.0,0.0,0.0,0.0,630.0,36.0,0.0,1.0,220.0,0.0,23.0,0.0,120.0,159.0,0.0,0.0,1118.0,0.0,0.0,465.0,0.0,0.0,0.0,0.0,0.0,0.0,0.0,100.0,2500.0,0,0,0,0,0,0,0,11451999,11451999
3549953,3501,São Paulo,0.0,0.0,0.0,0.0,0.0,0.0,0.0,0.0,0.0,0.0,0.0,0.0,0.0,0.0,0.0,0.0,0.0,0.0,0.0,0.0,0.0,0.0,0.0,0.0,0.0,0.0,0.0,0.0,0.0,0.0,0.0,0.0,0.0,0.0,0.0,0.0,0.0,0.0,0.0,0.0,0.0,0.0,0.0,0.0,0.0,0.0,0,0,0,14557,0,0,0,16067,16067
3548807,3501,São Paulo,0.0,0.0,0.0,0.0,0.0,0.0,0.0,0.0,0.0,0.0,0.0,0.0,0.0,0.0,0.0,0.0,0.0,0.0,0.0,0.0,0.0,0.0,0.0,0.0,0.0,0.0,0.0,0.0,0.0,0.0,0.0,0.0,0.0,0.0,0.0,0.0,0.0,0.0,0.0,0.0,0.0,0.0,0.0,0.0,0.0,0.0,0,0,0,165655,0,9057,0,165655,165655
3548708,3501,São Paulo,0.0,0.0,0.0,0.0,0.0,0.0,0.0,0.0,0.0,0.0,0.0,0.0,0.0,0.0,0.0,0.0,0.0,0.0,0.0,0.0,0.0,0.0,0.0,0.0,0.0,0.0,0.0,0.0,0.0,0.0,0.0,0.0,0.0,0.0,0.0,0.0,0.0,0.0,0.0,0.0,0.0,0.0,0.0,0.0,0.0,0.0,0,0,0,810579,0,0,0,810729,810729
3547809,3501,São Paulo,0.0,0.0,0.0,0.0,0.0,0.0,0.0,0.0,0.0,0.0,0.0,0.0,0.0,0.0,0.0,0.0,0.0,0.0,0.0,0.0,0.0,0.0,0.0,0.0,0.0,0.0,0.0,0.0,0.0,0.0,0.0,0.0,0.0,0.0,0.0,0.0,0.0,0.0,0.0,0.0,0.0,0.0,0.0,0.0,0.0,0.0,0,0,0,748919,0,0,0,748919,748919
3547304,3501,São Paulo,0.0,0.0,0.0,0.0,0.0,0.0,0.0,0.0,0.0,0.0,0.0,0.0,0.0,0.0,0.0,0.0,0.0,0.0,0.0,0.0,0.0,0.0,0.0,0.0,0.0,0.0,0.0,0.0,0.0,0.0,0.0,0.0,0.0,0.0,0.0,0.0,1200.0,0.0,75.0,0.0,200.0,2150.0,3200.0,150.0,200.0,450.0,0,0,0,154105,0,1200,0,154105,154105
3546801,3501,São Paulo,0.0,0.0,0.0,0.0,0.0,0.0,0.0,0.0,0.0,0.0,0.0,9.0,0.0,0.0,0.0,0.0,0.0,0.0,0.0,0.0,0.0,0.0,0.0,0.0,0.0,0.0,0.0,0.0,0.0,170.0,0.0,0.0,0.0,0.0,0.0,0.0,6500.0,11.0,60.0,0.0,980.0,1508.0,1580.0,340.0,5.0,35.0,0,0,0,22654,0,0,0,53174,53174
3545001,3501,São Paulo,0.0,0.0,0.0,0.0,0.0,0.0,0.0,0.0,0.0,0.0,0.0,13.0,0.0,0.0,0.0,5.0,0.0,0.0,0.0,0.0,0.0,0.0,0.0,0.0,0.0,0.0,0.0,0.0,0.0,208.0,0.0,0.0,0.0,300.0,0.0,0.0,4620.0,36.0,30.0,0.0,362.0,0.0,0.0,392.0,7.0,66.0,0,0,0,15202,5757,28,0,15202,15202
3544103,3501,São Paulo,0.0,0.0,0.0,0.0,0.0,0.0,0.0,0.0,0.0,0.0,0.0,0.0,0.0,0.0,0.0,0.0,0.0,0.0,0.0,0.0,0.0,0.0,0.0,0.0,0.0,0.0,0.0,0.0,0.0,0.0,0.0,0.0,0.0,0.0,0.0,0.0,30.0,0.0,10.0,0.0,25.0,100.0,300.0,0.0,0.0,0.0,0,0,0,4417,0,200,0,44170,44170
3543303,3501,São Paulo,0.0,0.0,0.0,0.0,0.0,0.0,0.0,0.0,0.0,0.0,0.0,0.0,0.0,0.0,0.0,0.0,0.0,0.0,0.0,0.0,0.0,0.0,0.0,0.0,0.0,0.0,0.0,0.0,0.0,0.0,0.0,0.0,0.0,0.0,0.0,0.0,40.0,0.0,60.0,0.0,0.0,550.0,2000.0,0.0,0.0,0.0,0,0,0,115559,4316,1247,0,115559,115559
3539806,3501,São Paulo,0.0,0.0,0.0,0.0,0.0,0.0,0.0,0.0,0.0,0.0,0.0,0.0,0.0,0.0,0.0,0.0,0.0,0.0,0.0,0.0,0.0,0.0,0.0,0.0,0.0,0.0,0.0,0.0,0.0,0.0,0.0,0.0,0.0,0.0,0.0,0.0,42.0,0.0,0.0,0.0,12.0,0.0,0.0,0.0,0.0,0.0,0,0,0,103765,8200,290,0,103765,103765
3539103,3501,São Paulo,0.0,0.0,0.0,0.0,0.0,0.0,0.0,0.0,0.0,0.0,0.0,0.0,0.0,0.0,0.0,0.0,0.0,0.0,0.0,0.0,0.0,0.0,0.0,0.0,0.0,0.0,0.0,0.0,0.0,0.0,0.0,0.0,0.0,0.0,0.0,0.0,0.0,0.0,0.0,0.0,0.0,0.0,0.0,0.0,0.0,0.0,0,0,0,0,0,0,0,18370,18370
3534401,3501,São Paulo,0.0,0.0,0.0,0.0,0.0,0.0,0.0,0.0,0.0,0.0,0.0,0.0,0.0,0.0,0.0,0.0,0.0,0.0,0.0,0.0,0.0,0.0,0.0,0.0,0.0,0.0,0.0,0.0,0.0,0.0,0.0,0.0,0.0,0.0,0.0,0.0,0.0,0.0,0.0,0.0,0.0,0.0,0.0,0.0,0.0,0.0,0,0,0,728615,0,0,0,728615,728615
3530607,3501,São Paulo,0.0,0.0,0.0,0.0,0.0,0.0,0.0,0.0,0.0,0.0,0.0,180.0,0.0,0.0,0.0,84.0,0.0,2.0,0.0,0.0,0.0,0.0,0.0,0.0,0.0,0.0,0.0,0.0,0.0,2577.0,0.0,0.0,0.0,4560.0,0.0,23.0,4000.0,42.0,505.0,398000.0,715.0,312336.0,356956.0,306.0,24.0,240.0,0,0,0,440956,0,92,0,451505,451505
3529401,3501,São Paulo,0.0,0.0,0.0,0.0,0.0,0.0,0.0,0.0,0.0,0.0,0.0,0.0,0.0,0.0,0.0,0.0,0.0,0.0,0.0,0.0,0.0,0.0,0.0,0.0,0.0,0.0,0.0,0.0,0.0,0.0,0.0,0.0,0.0,0.0,0.0,0.0,45.0,0.0,35.0,0.0,25.0,60.0,90.0,0.0,5.0,40.0,0,0,0,38328,5400,4311,0,418261,418261
3528502,3501,São Paulo,0.0,0.0,0.0,0.0,0.0,0.0,0.0,0.0,0.0,0.0,0.0,0.0,0.0,0.0,0.0,0.0,0.0,0.0,0.0,0.0,0.0,0.0,0.0,0.0,0.0,0.0,0.0,0.0,0.0,0.0,0.0,0.0,0.0,0.0,0.0,0.0,187.0,0.0,40.0,20000.0,50.0,1061.0,1179.0,20.0,0.0,40.0,0,0,0,82021,0,450,0,93853,93853
3526209,3501,São Paulo,0.0,0.0,0.0,0.0,0.0,0.0,0.0,0.0,0.0,0.0,0.0,0.0,0.0,0.0,0.0,0.0,0.0,0.0,0.0,0.0,0.0,0.0,0.0,0.0,0.0,0.0,0.0,0.0,0.0,0.0,0.0,0.0,0.0,0.0,0.0,0.0,0.0,0.0,0.0,0.0,0.0,0.0,0.0,0.0,0.0,0.0,0,0,0,170,0,0,0,27404,27404
3525003,3501,São Paulo,0.0,0.0,0.0,0.0,0.0,0.0,0.0,0.0,0.0,0.0,0.0,0.0,0.0,0.0,0.0,0.0,0.0,0.0,0.0,0.0,0.0,0.0,0.0,0.0,0.0,0.0,0.0,0.0,0.0,0.0,0.0,0.0,0.0,0.0,0.0,0.0,0.0,0.0,0.0,0.0,0.0,0.0,0.0,0.0,0.0,0.0,0,0,0,118045,0,492,0,118045,118045
3523107,3501,São Paulo,0.0,0.0,0.0,0.0,0.0,0.0,0.0,0.0,0.0,0.0,0.0,0.0,0.0,0.0,0.0,0.0,0.0,0.0,0.0,0.0,0.0,0.0,0.0,0.0,0.0,0.0,0.0,0.0,0.0,0.0,0.0,0.0,0.0,0.0,0.0,0.0,480.0,5.0,124.0,0.0,38.0,2100.0,2200.0,185.0,6.0,50.0,0,0,0,369275,0,347,0,369275,369275
3522505,3501,São Paulo,0.0,0.0,0.0,0.0,0.0,0.0,0.0,0.0,0.0,0.0,0.0,0.0,0.0,0.0,0.0,0.0,0.0,0.0,0.0,0.0,0.0,0.0,0.0,0.0,0.0,0.0,0.0,0.0,0.0,0.0,0.0,0.0,0.0,0.0,0.0,0.0,0.0,0.0,0.0,0.0,0.0,0.0,0.0,0.0,0.0,0.0,0,0,0,232297,0,698,0,232297,232297
3522208,3501,São Paulo,0.0,0.0,0.0,0.0,0.0,0.0,0.0,0.0,0.0,0.0,0.0,0.0,0.0,0.0,0.0,0.0,0.0,0.0,0.0,0.0,0.0,0.0,0.0,0.0,0.0,0.0,0.0,0.0,0.0,0.0,0.0,0.0,0.0,0.0,0.0,0.0,0.0,0.0,0.0,0.0,0.0,0.0,0.0,0.0,0.0,0.0,0,0,0,157699,0,0,0,158522,158522
3518800,3501,São Paulo,0.0,0.0,0.0,0.0,0.0,0.0,0.0,0.0,0.0,0.0,0.0,0.0,0.0,0.0,0.0,0.0,0.0,0.0,0.0,0.0,0.0,0.0,0.0,0.0,0.0,0.0,0.0,0.0,0.0,0.0,0.0,0.0,0.0,0.0,0.0,0.0,0.0,0.0,0.0,0.0,6.0,0.0,0.0,0.0,0.0,17.0,0,0,0,0,0,9245,0,1291771,1291771
3518305,3501,São Paulo,0.0,0.0,0.0,0.0,1.0,0.0,0.0,30.0,0.0,0.0,4.0,100.0,0.0,0.0,0.0,10.0,0.0,0.0,0.0,0.0,0.0,0.0,14.0,0.0,0.0,1500.0,0.0,0.0,100.0,2100.0,0.0,0.0,0.0,800.0,0.0,0.0,9320.0,0.0,50.0,0.0,480.0,8000.0,40000.0,188.0,7.0,70.0,0,0,0,30924,6130,55,0,31236,31236
3516408,3501,São Paulo,0.0,0.0,0.0,0.0,0.0,0.0,0.0,0.0,0.0,0.0,0.0,0.0,0.0,0.0,0.0,0.0,0.0,0.0,0.0,0.0,0.0,0.0,0.0,0.0,0.0,0.0,0.0,0.0,0.0,0.0,0.0,0.0,0.0,0.0,0.0,0.0,74.0,0.0,40.0,0.0,31.0,1200.0,1348.0,10.0,22.0,154.0,0,0,0,144849,0,950,0,144849,144849
3516309,3501,São Paulo,0.0,0.0,0.0,19.0,0.0,0.0,0.0,0.0,0.0,0.0,0.0,0.0,0.0,0.0,0.0,0.0,0.0,0.0,0.0,0.0,0.0,72.0,0.0,0.0,0.0,0.0,0.0,0.0,0.0,0.0,0.0,0.0,0.0,0.0,0.0,0.0,120.0,0.0,0.0,0.0,84.0,537.0,596.0,13.0,0.0,137.0,0,0,0,163087,0,878,0,165139,165139
3515707,3501,São Paulo,0.0,0.0,0.0,0.0,0.0,0.0,0.0,0.0,0.0,0.0,0.0,0.0,0.0,0.0,0.0,0.0,0.0,0.0,0.0,0.0,0.0,0.0,0.0,0.0,0.0,0.0,0.0,0.0,0.0,0.0,0.0,0.0,0.0,0.0,0.0,0.0,66.0,0.0,96.0,0.0,12.0,0.0,0.0,20.0,0.0,0.0,0,0,0,179198,0,352,0,179198,179198
3515103,3501,São Paulo,0.0,0.0,0.0,0.0,0.0,0.0,0.0,0.0,0.0,0.0,0.0,0.0,0.0,0.0,0.0,0.0,0.0,0.0,0.0,0.0,0.0,0.0,0.0,0.0,0.0,0.0,0.0,0.0,0.0,0.0,0.0,0.0,0.0,0.0,0.0,0.0,0.0,0.0,0.0,0.0,0.0,0.0,0.0,0.0,0.0,0.0,0,0,0,62445,0,360,0,66970,66970
3515004,3501,São Paulo,0.0,0.0,0.0,0.0,0.0,0.0,0.0,0.0,0.0,0.0,0.0,0.0,0.0,0.0,0.0,0.0,0.0,0.0,0.0,0.0,0.0,0.0,0.0,0.0,0.0,0.0,0.0,0.0,0.0,0.0,0.0,0.0,0.0,0.0,0.0,0.0,0.0,0.0,0.0,0.0,0.0,0.0,0.0,0.0,0.0,0.0,0,100,0,250691,6208,6329,0,250691,250691
3513801,3501,São Paulo,0.0,0.0,0.0,0.0,0.0,0.0,0.0,0.0,0.0,0.0,0.0,0.0,0.0,0.0,0.0,0.0,0.0,0.0,0.0,0.0,0.0,0.0,0.0,0.0,0.0,0.0,0.0,0.0,0.0,0.0,0.0,0.0,0.0,0.0,0.0,0.0,0.0,0.0,0.0,0.0,0.0,0.0,0.0,0.0,0.0,0.0,0,0,0,393237,0,5880,0,393237,393237
3513009,3501,São Paulo,0.0,0.0,0.0,0.0,0.0,0.0,0.0,0.0,0.0,0.0,0.0,0.0,0.0,0.0,0.0,0.0,0.0,0.0,0.0,0.0,0.0,0.0,0.0,0.0,0.0,0.0,0.0,0.0,0.0,0.0,0.0,0.0,0.0,0.0,0.0,0.0,0.0,0.0,0.0,0.0,0.0,0.0,0.0,0.0,0.0,0.0,0,0,0,274413,0,0,0,274413,274413
3510609,3501,São Paulo,0.0,0.0,0.0,0.0,0.0,0.0,0.0,0.0,0.0,0.0,0.0,0.0,0.0,0.0,0.0,0.0,0.0,0.0,0.0,0.0,0.0,0.0,0.0,0.0,0.0,0.0,0.0,0.0,0.0,0.0,0.0,0.0,0.0,0.0,0.0,0.0,0.0,0.0,0.0,0.0,0.0,0.0,0.0,0.0,0.0,0.0,0,0,0,386984,0,0,0,386984,386984
3509205,3501,São Paulo,0.0,0.0,0.0,0.0,0.0,0.0,0.0,0.0,0.0,0.0,0.0,0.0,0.0,0.0,0.0,0.0,0.0,0.0,0.0,0.0,0.0,0.0,0.0,0.0,0.0,0.0,0.0,0.0,0.0,0.0,0.0,0.0,0.0,0.0,0.0,0.0,138.0,13.0,20.0,0.0,30.0,1200.0,1347.0,0.0,30.0,96.0,0,0,0,92689,0,440,0,92689,92689
3509007,3501,São Paulo,0.0,0.0,0.0,0.0,0.0,0.0,2.0,1.0,0.0,0.0,0.0,0.0,0.0,0.0,0.0,0.0,0.0,0.0,0.0,0.0,0.0,0.0,0.0,0.0,2.0,2.0,0.0,0.0,0.0,0.0,0.0,0.0,0.0,0.0,0.0,0.0,13.0,0.0,9.0,0.0,52.0,0.0,0.0,0.0,0.0,9.0,0,0,0,95032,280,175,0,95032,95032
3506607,3501,São Paulo,0.0,0.0,0.0,0.0,16.0,0.0,0.0,0.0,0.0,0.0,0.0,20.0,0.0,0.0,0.0,2.0,0.0,0.0,0.0,0.0,0.0,0.0,160.0,0.0,0.0,0.0,0.0,0.0,0.0,240.0,0.0,0.0,0.0,160.0,0.0,0.0,732.0,14.0,60.0,31.0,365.0,234417.0,285827.0,135.0,8.0,80.0,0,0,0,2855,1600,0,0,29683,29683
3505708,3501,São Paulo,0.0,0.0,0.0,0.0,0.0,0.0,0.0,0.0,0.0,0.0,0.0,0.0,0.0,0.0,0.0,0.0,0.0,0.0,0.0,0.0,0.0,0.0,0.0,0.0,0.0,0.0,0.0,0.0,0.0,0.0,0.0,0.0,0.0,0.0,0.0,0.0,0.0,0.0,0.0,0.0,0.0,0.0,0.0,0.0,0.0,0.0,0,0,0,316473,0,9335,0,316473,316473
3503901,3501,São Paulo,0.0,0.0,0.0,0.0,0.0,0.0,0.0,0.0,0.0,0.0,0.0,0.0,0.0,0.0,0.0,0.0,0.0,0.0,0.0,0.0,0.0,0.0,0.0,0.0,0.0,0.0,0.0,0.0,0.0,0.0,0.0,0.0,0.0,0.0,0.0,0.0,225.0,12.0,0.0,0.0,106.0,265.0,280.0,90.0,0.0,0.0,0,0,0,83211,9500,500,0,86678,86678
3551009,3501,São Paulo,0.0,0.0,0.0,0.0,0.0,0.0,0.0,0.0,0.0,0.0,0.0,0.0,0.0,0.0,0.0,0.0,0.0,0.0,0.0,0.0,0.0,0.0,0.0,0.0,0.0,0.0,0.0,0.0,0.0,0.0,0.0,0.0,0.0,0.0,0.0,0.0,0.0,0.0,0.0,0.0,0.0,0.0,0.0,0.0,0.0,0.0,0,0,0,329288,0,2720,0,329911,329911
3548500,3501,São Paulo,0.0,0.0,0.0,0.0,0.0,0.0,0.0,0.0,0.0,0.0,0.0,0.0,0.0,0.0,0.0,0.0,0.0,0.0,0.0,0.0,0.0,0.0,0.0,0.0,0.0,0.0,0.0,0.0,0.0,0.0,0.0,0.0,0.0,0.0,0.0,0.0,0.0,0.0,0.0,0.0,0.0,0.0,0.0,0.0,0.0,0.0,0,0,0,414029,0,0,0,418608,418608
3541000,3501,São Paulo,0.0,0.0,0.0,0.0,0.0,0.0,0.0,0.0,0.0,0.0,0.0,0.0,0.0,0.0,0.0,0.0,0.0,0.0,0.0,0.0,0.0,0.0,0.0,0.0,0.0,0.0,0.0,0.0,0.0,0.0,0.0,0.0,0.0,0.0,0.0,0.0,0.0,0.0,0.0,0.0,0.0,0.0,0.0,0.0,0.0,0.0,0,0,0,349935,0,4552,0,349935,349935
3537602,3501,São Paulo,0.0,0.0,0.0,530.0,0.0,0.0,0.0,0.0,0.0,0.0,0.0,15.0,0.0,0.0,0.0,0.0,0.0,0.0,0.0,0.0,0.0,5300.0,0.0,0.0,0.0,0.0,0.0,0.0,0.0,150.0,0.0,0.0,0.0,0.0,0.0,0.0,300.0,103.0,0.0,0.0,170.0,2200.0,2400.0,15.0,0.0,0.0,0,0,0,68344,924,428,0,68352,68352
3537206,3501,São Paulo,0.0,0.0,0.0,1250.0,0.0,0.0,0.0,0.0,0.0,0.0,0.0,20.0,0.0,0.0,0.0,0.0,0.0,0.0,0.0,0.0,0.0,25000.0,0.0,0.0,0.0,0.0,0.0,0.0,0.0,500.0,0.0,0.0,0.0,0.0,0.0,0.0,1180.0,80.0,50.0,0.0,100.0,0.0,0.0,50.0,20.0,50.0,4800,500,5300,56,0,0,0,11281,11281
3531100,3501,São Paulo,0.0,0.0,0.0,6.0,0.0,0.0,0.0,0.0,0.0,0.0,0.0,0.0,0.0,0.0,0.0,0.0,0.0,0.0,0.0,0.0,0.0,72.0,0.0,0.0,0.0,0.0,0.0,0.0,0.0,0.0,0.0,0.0,0.0,0.0,0.0,0.0,13.0,0.0,0.0,0.0,16.0,0.0,973.0,0.0,13.0,20.0,0,0,0,58311,0,0,0,61951,61951
3523305,3501,São Paulo,0.0,0.0,0.0,2800.0,0.0,0.0,0.0,0.0,0.0,0.0,0.0,45.0,0.0,0.0,0.0,0.0,0.0,0.0,0.0,0.0,0.0,55297.0,0.0,0.0,0.0,0.0,0.0,0.0,0.0,762.0,0.0,0.0,0.0,0.0,0.0,0.0,378.0,76.0,53.0,0.0,111.0,0.0,0.0,86.0,0.0,20.0,0,0,0,11134,0,0,0,15528,15528
3522109,3501,São Paulo,0.0,0.0,0.0,2350.0,0.0,0.0,0.0,0.0,0.0,0.0,0.0,15.0,0.0,0.0,0.0,0.0,0.0,0.0,0.0,0.0,0.0,42300.0,0.0,0.0,0.0,0.0,0.0,0.0,0.0,165.0,0.0,0.0,0.0,0.0,0.0,0.0,300.0,600.0,335.0,0.0,660.0,0.0,8000.0,0.0,0.0,780.0,0,400,0,107927,4770,2036,0,112476,112476
3518701,3501,São Paulo,0.0,0.0,0.0,0.0,0.0,0.0,0.0,0.0,0.0,0.0,0.0,0.0,0.0,0.0,0.0,0.0,0.0,0.0,0.0,0.0,0.0,0.0,0.0,0.0,0.0,0.0,0.0,0.0,0.0,0.0,0.0,0.0,0.0,0.0,0.0,0.0,0.0,0.0,0.0,0.0,0.0,0.0,0.0,0.0,0.0,0.0,0,0,0,287634,0,4667,0,287634,287634
3513504,3501,São Paulo,0.0,0.0,0.0,0.0,0.0,0.0,0.0,0.0,0.0,0.0,0.0,0.0,0.0,0.0,0.0,0.0,0.0,0.0,0.0,0.0,0.0,0.0,0.0,0.0,0.0,0.0,0.0,0.0,0.0,0.0,0.0,0.0,0.0,0.0,0.0,0.0,0.0,0.0,0.0,0.0,0.0,0.0,0.0,0.0,0.0,0.0,0,0,0,112476,0,1761,0,112476,112476
3506359,3501,São Paulo,0.0,0.0,0.0,0.0,0.0,0.0,0.0,0.0,0.0,0.0,0.0,0.0,0.0,0.0,0.0,0.0,0.0,0.0,0.0,0.0,0.0,0.0,0.0,0.0,0.0,0.0,0.0,0.0,0.0,0.0,0.0,0.0,0.0,0.0,0.0,0.0,0.0,0.0,0.0,0.0,0.0,0.0,0.0,0.0,0.0,0.0,0,0,0,635,9526,873,0,64188,64188
3557006,3502,Sorocaba,0.0,0.0,0.0,0.0,0.0,0.0,0.0,0.0,0.0,0.0,0.0,0.0,400.0,200.0,0.0,0.0,0.0,0.0,0.0,0.0,0.0,0.0,0.0,0.0,0.0,0.0,0.0,0.0,0.0,0.0,4320.0,300.0,0.0,0.0,0.0,0.0,1740.0,0.0,59.0,0.0,190.0,0.0,0.0,86.0,0.0,290.0,0,0,0,124468,0,377,0,127923,127923
3554508,3502,Sorocaba,0.0,0.0,0.0,31.0,0.0,0.0,0.0,14600.0,0.0,110.0,0.0,0.0,2300.0,100.0,0.0,10.0,0.0,10.0,0.0,0.0,0.0,775.0,0.0,0.0,0.0,1095000.0,0.0,240.0,0.0,0.0,13800.0,480.0,0.0,500.0,0.0,120.0,30600.0,0.0,0.0,5000.0,1300.0,170000.0,1400000.0,1700.0,180.0,4700.0,0,0,0,37663,1354,294,0,37663,37663
3553500,3502,Sorocaba,0.0,0.0,0.0,160.0,25.0,0.0,0.0,0.0,0.0,0.0,0.0,0.0,0.0,0.0,0.0,0.0,0.0,0.0,0.0,0.0,0.0,1600.0,500.0,0.0,0.0,0.0,0.0,0.0,0.0,0.0,0.0,0.0,0.0,0.0,0.0,0.0,1115.0,50.0,48.0,0.0,110.0,0.0,0.0,85.0,0.0,140.0,0,0,8376,70,739,0,0,7996,7996
3552205,3502,Sorocaba,0.0,0.0,0.0,0.0,0.0,0.0,0.0,250.0,0.0,102.0,590.0,50.0,570.0,600.0,0.0,5.0,0.0,20.0,0.0,0.0,0.0,0.0,0.0,0.0,0.0,20000.0,0.0,200.0,21240.0,1250.0,3299.0,1800.0,0.0,438.0,0.0,360.0,8500.0,155.0,254.0,0.0,1920.0,0.0,0.0,745.0,35.0,266.0,0,0,0,723574,0,0,0,723682,723682
3551108,3502,Sorocaba,0.0,0.0,0.0,0.0,0.0,0.0,0.0,0.0,0.0,225.0,80.0,150.0,1400.0,1600.0,100.0,24.0,300.0,60.0,0.0,0.0,0.0,0.0,0.0,0.0,0.0,0.0,0.0,455.0,3312.0,3750.0,7000.0,6780.0,210.0,2040.0,630.0,1750.0,16961.0,5523.0,97.0,0.0,451.0,5905.0,597323.0,525.0,28.0,230.0,0,0,0,95,480,0,0,10369,10369
3550605,3502,Sorocaba,0.0,0.0,0.0,0.0,0.0,0.0,0.0,0.0,25.0,50.0,0.0,30.0,500.0,80.0,0.0,0.0,0.0,0.0,0.0,0.0,0.0,0.0,0.0,0.0,0.0,0.0,500.0,90.0,0.0,450.0,2700.0,240.0,0.0,0.0,0.0,0.0,2200.0,34.0,191.0,0.0,1380.0,0.0,0.0,894.0,0.0,265.0,0,0,0,79484,8970,0,0,79484,79484
3545308,3502,Sorocaba,0.0,0.0,0.0,0.0,0.0,0.0,0.0,0.0,40.0,10.0,32.0,10.0,850.0,900.0,0.0,0.0,200.0,10.0,0.0,0.0,0.0,0.0,0.0,0.0,0.0,0.0,1600.0,12.0,1632.0,50.0,5100.0,2700.0,0.0,0.0,645.0,300.0,7300.0,210.0,172.0,0.0,1244.0,0.0,957.0,475.0,0.0,346.0,0,0,0,43748,2630,143,0,43748,43748
3545209,3502,Sorocaba,0.0,0.0,0.0,0.0,0.0,0.0,0.0,1200.0,0.0,0.0,0.0,5.0,220.0,200.0,0.0,0.0,0.0,21.0,0.0,0.0,0.0,0.0,0.0,0.0,0.0,99600.0,0.0,0.0,0.0,80.0,1210.0,700.0,0.0,0.0,0.0,231.0,3760.0,0.0,0.0,0.0,340.0,1900.0,200000.0,38.0,18.0,90.0,0,0,0,134319,0,936,0,134319,134319
3540606,3502,Sorocaba,0.0,0.0,0.0,40.0,0.0,0.0,26.0,14500.0,0.0,0.0,570.0,250.0,600.0,400.0,0.0,0.0,0.0,460.0,0.0,0.0,0.0,480.0,0.0,0.0,31.0,1087500.0,0.0,0.0,11400.0,4000.0,3300.0,1200.0,0.0,0.0,0.0,5520.0,20700.0,420.0,280.0,211715.0,2600.0,1514624.0,1876170.0,540.0,4950.0,63900.0,0,0,0,56497,4470,441,0,56497,56497
3537909,3502,Sorocaba,0.0,0.0,0.0,3.0,0.0,105.0,0.0,0.0,0.0,480.0,6.0,3.0,7000.0,9000.0,100.0,5.0,2800.0,463.0,0.0,0.0,0.0,80.0,0.0,4200.0,0.0,0.0,0.0,1086.0,159.0,51.0,57600.0,33480.0,300.0,277.0,5880.0,12501.0,12884.0,4322.0,130.0,0.0,405.0,15542.0,71280.0,290.0,155.0,1210.0,0,0,0,27619,4500,0,0,27619,27619
3537800,3502,Sorocaba,0.0,0.0,0.0,2.0,150.0,5.0,0.0,0.0,600.0,15.0,3.0,30.0,3000.0,250.0,0.0,12.0,80.0,10.0,0.0,0.0,0.0,20.0,2700.0,114.0,0.0,0.0,23400.0,18.0,90.0,453.0,6000.0,500.0,0.0,960.0,160.0,140.0,10000.0,705.0,850.0,0.0,900.0,0.0,4800.0,2000.0,0.0,2350.0,0,0,0,380,1400,180,0,52970,52970
3528403,3502,Sorocaba,0.0,0.0,0.0,0.0,0.0,0.0,0.0,0.0,0.0,0.0,0.0,10.0,360.0,360.0,0.0,0.0,0.0,0.0,0.0,0.0,0.0,0.0,0.0,0.0,0.0,0.0,0.0,0.0,0.0,236.0,1800.0,1080.0,0.0,0.0,0.0,0.0,3150.0,0.0,32.0,0.0,880.0,245412.0,252712.0,115.0,150.0,810.0,0,0,0,4715,0,3340,0,50027,50027
3525854,3502,Sorocaba,0.0,0.0,0.0,0.0,0.0,0.0,0.0,440.0,0.0,10.0,0.0,0.0,51.0,144.0,15.0,0.0,0.0,0.0,0.0,0.0,0.0,0.0,0.0,0.0,0.0,44000.0,0.0,24.0,0.0,0.0,428.0,432.0,67.0,0.0,0.0,0.0,10000.0,60.0,41.0,0.0,153.0,0.0,1700000.0,138.0,0.0,0.0,0,0,6670,177,0,0,0,3056,3056
3523909,3502,Sorocaba,0.0,0.0,0.0,3.0,0.0,0.0,68.0,1700.0,0.0,0.0,0.0,10.0,500.0,400.0,0.0,12.0,0.0,5.0,0.0,0.0,0.0,45.0,0.0,0.0,82.0,125800.0,0.0,0.0,0.0,160.0,2750.0,1360.0,0.0,960.0,0.0,55.0,30140.0,100.0,60.0,0.0,3300.0,63000.0,675000.0,1900.0,24100.0,238500.0,0,0,0,16824,0,3080,0,168240,168240
3521002,3502,Sorocaba,0.0,0.0,0.0,40.0,3.0,0.0,0.0,900.0,0.0,88.0,34.0,110.0,717.0,115.0,0.0,20.0,0.0,0.0,0.0,0.0,0.0,800.0,45.0,0.0,0.0,72000.0,0.0,174.0,1200.0,1794.0,3692.0,262.0,0.0,833.0,0.0,0.0,5250.0,200.0,0.0,0.0,400.0,0.0,420000.0,0.0,0.0,0.0,0,0,0,36459,0,0,0,36459,36459
3519709,3502,Sorocaba,0.0,0.0,1.0,0.0,6.0,250.0,0.0,0.0,350.0,360.0,8.0,160.0,2100.0,280.0,0.0,107.0,280.0,5.0,0.0,0.0,3.0,0.0,120.0,4838.0,0.0,0.0,10500.0,754.0,196.0,4000.0,11577.0,840.0,0.0,5350.0,560.0,67.0,2150.0,55.0,500.0,0.0,950.0,0.0,17000.0,650.0,450.0,4500.0,0,0,0,450,0,440,0,75605,75605
3511508,3502,Sorocaba,0.0,0.0,0.0,0.0,0.0,0.0,0.0,5000.0,0.0,130.0,0.0,0.0,300.0,600.0,0.0,0.0,200.0,0.0,0.0,0.0,0.0,0.0,0.0,0.0,0.0,425000.0,0.0,312.0,0.0,0.0,1080.0,1512.0,0.0,0.0,300.0,0.0,9300.0,150.0,0.0,0.0,400.0,38000.0,5000000.0,0.0,0.0,19.0,0,0,0,44024,0,273,0,44695,44695
3510302,3502,Sorocaba,0.0,0.0,0.0,1.0,0.0,0.0,0.0,500.0,0.0,150.0,1500.0,250.0,950.0,800.0,100.0,2.0,400.0,4.0,0.0,0.0,0.0,45.0,0.0,0.0,0.0,45000.0,0.0,360.0,62832.0,3750.0,5565.0,4000.0,450.0,132.0,1600.0,54.0,9400.0,250.0,0.0,0.0,40.0,90000.0,1050000.0,20.0,3500.0,32000.0,0,0,0,22679,2500,87,0,22866,22866
3507001,3502,Sorocaba,0.0,0.0,0.0,20.0,0.0,0.0,35.0,5500.0,0.0,1.0,0.0,20.0,450.0,1050.0,20.0,6.0,0.0,3.0,0.0,0.0,0.0,320.0,0.0,0.0,52.0,550000.0,0.0,2.0,0.0,326.0,2700.0,3150.0,90.0,240.0,0.0,41.0,14500.0,180.0,0.0,0.0,1800.0,80.0,600000.0,0.0,470.0,12200.0,0,0,0,61081,0,360,0,61081,61081
3502903,3502,Sorocaba,0.0,0.0,0.0,5.0,1.0,0.0,4.0,300.0,0.0,160.0,350.0,200.0,950.0,1500.0,0.0,5.0,300.0,2.0,0.0,0.0,0.0,120.0,15.0,0.0,8.0,27000.0,0.0,384.0,14000.0,1920.0,6400.0,7500.0,0.0,330.0,1200.0,16.0,4600.0,277.0,100.0,0.0,2000.0,400.0,78000.0,20.0,0.0,10000.0,0,0,0,32443,658,79,0,32443,32443
3502754,3502,Sorocaba,0.0,0.0,0.0,1.0,0.0,0.0,0.0,0.0,0.0,0.0,5.0,8.0,150.0,0.0,0.0,0.0,0.0,0.0,0.0,0.0,0.0,15.0,0.0,0.0,0.0,0.0,0.0,0.0,245.0,100.0,720.0,0.0,0.0,0.0,0.0,0.0,2000.0,0.0,10.0,0.0,150.0,0.0,0.0,352.0,0.0,110.0,0,0,0,21522,0,0,0,21522,21522
3501152,3502,Sorocaba,0.0,0.0,0.0,0.0,0.0,0.0,0.0,0.0,0.0,0.0,0.0,20.0,200.0,0.0,0.0,0.0,0.0,0.0,0.0,0.0,0.0,0.0,0.0,0.0,0.0,0.0,0.0,0.0,0.0,400.0,1560.0,0.0,0.0,0.0,0.0,0.0,780.0,0.0,85.0,0.0,175.0,0.0,0.0,75.0,0.0,90.0,0,0,0,1717,0,0,0,17301,17301
3553856,3502,Sorocaba,0.0,0.0,0.0,3.0,20.0,450.0,0.0,0.0,0.0,1000.0,550.0,2.0,5550.0,13000.0,300.0,130.0,3600.0,0.0,0.0,0.0,0.0,42.0,400.0,20100.0,0.0,0.0,0.0,3220.0,18303.0,40.0,39196.0,55900.0,1110.0,10725.0,8564.0,0.0,2466.0,123.0,150.0,0.0,230.0,175000.0,270000.0,350.0,173.0,200.0,0,0,0,6876,0,0,0,6876,6876
3543501,3502,Sorocaba,0.0,0.0,0.0,0.0,0.0,0.0,0.0,60.0,0.0,100.0,0.0,3.0,1300.0,5000.0,130.0,1.0,1000.0,0.0,0.0,0.0,0.0,0.0,0.0,0.0,0.0,4800.0,0.0,165.0,0.0,120.0,7980.0,18500.0,312.0,73.0,2400.0,0.0,25980.0,150.0,10.0,100.0,706.0,1900.0,8000.0,60.0,30.0,250.0,0,0,5800,5004,1300,15,0,5599,5599
3543253,3502,Sorocaba,0.0,0.0,0.0,50.0,4.0,0.0,0.0,2.0,20.0,100.0,8.0,30.0,3000.0,2400.0,20.0,90.0,30.0,1.0,0.0,0.0,0.0,750.0,40.0,0.0,0.0,120.0,520.0,236.0,131.0,463.0,14490.0,10800.0,60.0,4797.0,60.0,24.0,4011.0,340.0,250.0,0.0,700.0,8250.0,16500.0,150.0,342.0,1240.0,0,0,9700,40,4000,12,0,7450,7450
3543006,3502,Sorocaba,0.0,0.0,0.0,70.0,2.0,2.0,0.0,0.0,280.0,59.0,5.0,20.0,11000.0,2500.0,0.0,750.0,1000.0,35.0,0.0,0.0,0.0,1015.0,23.0,50.0,0.0,0.0,5600.0,106.0,205.0,320.0,61200.0,9720.0,0.0,56250.0,2400.0,780.0,10361.0,53.0,180.0,0.0,600.0,6000.0,19490.0,700.0,360.0,1000.0,0,3600,0,16545,0,10,0,18627,18627
3542800,3502,Sorocaba,0.0,0.0,10.0,80.0,3.0,0.0,0.0,80.0,0.0,26.0,4.0,40.0,200.0,0.0,0.0,5.0,0.0,0.0,0.0,0.0,12.0,2000.0,30.0,0.0,0.0,6000.0,0.0,36.0,164.0,1000.0,840.0,0.0,0.0,200.0,0.0,0.0,4652.0,723.0,200.0,0.0,252.0,5940.0,14850.0,300.0,120.0,800.0,0,0,4300,205,0,0,0,3132,3132
3532827,3502,Sorocaba,0.0,0.0,0.0,2.0,2.0,0.0,0.0,2.0,2.0,10.0,75.0,6.0,300.0,250.0,100.0,200.0,100.0,0.0,0.0,0.0,0.0,50.0,30.0,0.0,0.0,150.0,60.0,23.0,3753.0,105.0,1420.0,1113.0,250.0,17500.0,300.0,0.0,1957.0,0.0,15.0,0.0,400.0,1344.0,6720.0,0.0,20.0,100.0,3744,0,3744,80,0,15,0,8497,8497
3523206,3502,Sorocaba,0.0,0.0,0.0,40.0,0.0,0.0,0.0,20.0,15.0,3500.0,60.0,19.0,7800.0,22000.0,800.0,45.0,10000.0,0.0,0.0,0.0,0.0,520.0,0.0,0.0,0.0,1460.0,150.0,8550.0,2760.0,380.0,60260.0,83358.0,3360.0,3600.0,17500.0,0.0,24250.0,190.0,130.0,0.0,1310.0,3500.0,12000.0,590.0,2500.0,22000.0,0,0,0,420,3300,0,0,44438,44438
3522802,3502,Sorocaba,0.0,0.0,0.0,80.0,0.0,0.0,96.0,0.0,0.0,350.0,100.0,20.0,1300.0,16200.0,200.0,1.0,5000.0,0.0,0.0,0.0,0.0,2400.0,0.0,0.0,173.0,0.0,0.0,780.0,4800.0,500.0,10140.0,47673.0,800.0,60.0,9000.0,0.0,26000.0,50.0,195.0,0.0,3600.0,1700.0,13500.0,1100.0,100.0,500.0,0,0,0,132,0,144,0,14085,14085
3522653,3502,Sorocaba,0.0,0.0,6.0,8.0,1.0,0.0,0.0,17.0,1.0,52.0,2.0,21.0,130.0,0.0,0.0,0.0,0.0,7.0,0.0,0.0,14.0,161.0,20.0,0.0,0.0,1020.0,20.0,63.0,80.0,473.0,356.0,0.0,0.0,0.0,0.0,105.0,2447.0,324.0,130.0,0.0,650.0,1000.0,10000.0,300.0,320.0,1600.0,0,0,6980,3251,0,0,0,4306,4306
3522406,3502,Sorocaba,1500.0,2.0,200.0,25.0,80.0,2800.0,0.0,2500.0,130.0,10000.0,695.0,110.0,31500.0,77500.0,2700.0,1500.0,28000.0,0.0,6750.0,10.0,960.0,875.0,2400.0,98000.0,0.0,200000.0,5200.0,35000.0,43981.0,2699.0,245571.0,344410.0,10092.0,133888.0,100800.0,0.0,24746.0,503.0,250.0,0.0,2000.0,40000.0,120000.0,3000.0,1000.0,10000.0,0,0,0,89728,0,160,0,89728,89728
3522158,3502,Sorocaba,0.0,2.0,2.0,6.0,4.0,0.0,4.0,25.0,0.0,49.0,1.0,26.0,110.0,0.0,0.0,35.0,0.0,0.0,0.0,4.0,8.0,78.0,64.0,0.0,4.0,1500.0,0.0,74.0,18.0,470.0,385.0,0.0,0.0,1850.0,0.0,0.0,7740.0,460.0,22.0,0.0,1542.0,10000.0,18800.0,150.0,200.0,1000.0,0,0,5910,337,1410,10,0,3422,3422
3521705,3502,Sorocaba,0.0,0.0,10.0,100.0,6.0,500.0,5.0,0.0,3.0,5200.0,950.0,40.0,15000.0,41000.0,800.0,80.0,25000.0,0.0,0.0,0.0,36.0,1850.0,38.0,14000.0,9.0,0.0,105.0,18386.0,33250.0,800.0,96400.0,163463.0,1600.0,5200.0,74500.0,0.0,21900.0,145.0,40.0,0.0,1115.0,5000.0,13000.0,390.0,400.0,5125.0,0,0,0,160,0,30,0,17983,17983
3517604,3502,Sorocaba,0.0,0.0,0.0,3.0,25.0,5.0,0.0,0.0,29.0,175.0,5.0,10.0,2500.0,4500.0,0.0,700.0,1000.0,7.0,0.0,0.0,0.0,60.0,500.0,150.0,0.0,0.0,875.0,260.0,200.0,250.0,12000.0,17470.0,0.0,52500.0,2500.0,105.0,6717.0,77.0,450.0,200.0,500.0,4000.0,20000.0,300.0,200.0,1000.0,0,0,0,11008,600,50,0,17071,17071
3510203,3502,Sorocaba,0.0,0.0,0.0,8.0,90.0,750.0,0.0,0.0,150.0,2000.0,1500.0,15.0,13500.0,29000.0,0.0,280.0,10000.0,30.0,0.0,0.0,0.0,200.0,1800.0,30000.0,0.0,0.0,5250.0,6200.0,102000.0,375.0,73505.0,130500.0,0.0,17802.0,30000.0,600.0,21265.0,561.0,350.0,0.0,1000.0,20000.0,100000.0,806.0,312.0,5537.0,0,2400,0,37854,0,209,0,46337,46337
3508009,3502,Sorocaba,0.0,0.0,0.0,0.0,10.0,300.0,0.0,0.0,0.0,2465.0,4800.0,0.0,14550.0,40000.0,850.0,75.0,8300.0,2.0,0.0,0.0,0.0,0.0,370.0,12000.0,0.0,0.0,0.0,8600.0,288000.0,0.0,84151.0,154960.0,2125.0,5250.0,17438.0,48.0,20471.0,145.0,100.0,0.0,450.0,75000.0,150000.0,3000.0,130.0,300.0,0,0,0,195,0,0,0,20250,20250
3507159,3502,Sorocaba,0.0,0.0,0.0,0.0,0.0,0.0,0.0,0.0,2.0,20.0,1.0,4.0,150.0,0.0,0.0,5.0,0.0,5.0,0.0,0.0,0.0,0.0,0.0,0.0,0.0,0.0,60.0,30.0,35.0,72.0,930.0,0.0,0.0,390.0,0.0,60.0,950.0,0.0,25.0,0.0,120.0,850.0,2000.0,450.0,10.0,70.0,0,0,2400,3554,0,0,0,3555,3555
3505351,3502,Sorocaba,0.0,0.0,0.0,0.0,3.0,1.0,0.0,10.0,1.0,12.0,1.0,15.0,600.0,100.0,0.0,400.0,0.0,0.0,0.0,0.0,0.0,0.0,60.0,25.0,0.0,500.0,7.0,15.0,20.0,366.0,4800.0,150.0,0.0,26000.0,0.0,0.0,2238.0,186.0,150.0,0.0,2500.0,2600.0,16500.0,150.0,60.0,600.0,0,0,0,5135,0,24,0,5179,5179
3505005,3502,Sorocaba,0.0,0.0,0.0,0.0,0.0,0.0,11.0,0.0,0.0,150.0,6.0,0.0,900.0,1400.0,100.0,25.0,250.0,0.0,0.0,0.0,0.0,0.0,0.0,0.0,22.0,0.0,0.0,360.0,180.0,0.0,5520.0,5754.0,300.0,3300.0,825.0,0.0,9800.0,20.0,180.0,0.0,450.0,300.0,3000.0,180.0,30.0,300.0,8320,2880,0,3531,0,250,0,3531,3531
3502705,3502,Sorocaba,0.0,0.0,0.0,3.0,2.0,3.0,0.0,0.0,5.0,6.0,5.0,15.0,5000.0,2000.0,0.0,1500.0,750.0,2.0,0.0,0.0,0.0,105.0,30.0,60.0,0.0,0.0,100.0,9.0,150.0,270.0,36000.0,4500.0,0.0,80000.0,1875.0,40.0,5965.0,476.0,200.0,0.0,2090.0,11000.0,25000.0,500.0,150.0,1000.0,0,0,0,24226,6550,890,0,24585,24585
3551801,3502,Sorocaba,0.0,0.0,240.0,4200.0,2.0,0.0,2.0,2.0,0.0,10.0,0.0,60.0,50.0,0.0,0.0,0.0,0.0,0.0,0.0,0.0,1033.0,107335.0,40.0,0.0,2.0,80.0,0.0,12.0,0.0,1560.0,150.0,0.0,0.0,0.0,0.0,0.0,7000.0,5400.0,200.0,0.0,120.0,5000.0,5500.0,0.0,50.0,500.0,0,0,0,12085,540,60,0,12730,12730
3542602,3502,Sorocaba,0.0,0.0,460.0,3550.0,12.0,0.0,3.0,13.0,0.0,20.0,1.0,60.0,20.0,0.0,0.0,0.0,0.0,0.0,0.0,0.0,1538.0,68501.0,120.0,0.0,6.0,879.0,0.0,8.0,17.0,900.0,57.0,0.0,0.0,0.0,0.0,0.0,10500.0,12500.0,10.0,0.0,80.0,9000.0,9500.0,80.0,10.0,100.0,0,0,0,59882,4360,0,0,59947,59947
3536208,3502,Sorocaba,0.0,0.0,10.0,1300.0,3.0,0.0,2.0,5.0,0.0,15.0,0.0,50.0,100.0,0.0,0.0,0.0,0.0,0.0,0.0,0.0,18.0,32500.0,36.0,0.0,2.0,250.0,0.0,12.0,0.0,1250.0,350.0,0.0,0.0,0.0,0.0,0.0,2350.0,2400.0,80.0,0.0,100.0,5000.0,6000.0,30.0,20.0,100.0,0,0,0,1322,0,47,0,19233,19233
3529906,3502,Sorocaba,0.0,0.0,0.0,2500.0,0.0,0.0,0.0,0.0,0.0,0.0,0.0,10.0,0.0,0.0,0.0,0.0,0.0,0.0,0.0,0.0,0.0,50000.0,0.0,0.0,0.0,0.0,0.0,0.0,0.0,300.0,0.0,0.0,0.0,0.0,0.0,0.0,3200.0,155.0,128.0,0.0,195.0,0.0,1400.0,50.0,15.0,56.0,0,0,0,10402,0,190,0,18553,18553
3526100,3502,Sorocaba,0.0,0.0,0.0,2000.0,0.0,0.0,4.0,0.0,0.0,5.0,0.0,70.0,5.0,0.0,0.0,0.0,0.0,0.0,0.0,0.0,0.0,45920.0,0.0,0.0,3.0,0.0,0.0,5.0,0.0,840.0,12.0,0.0,0.0,0.0,0.0,0.0,6750.0,1190.0,50.0,0.0,250.0,5400.0,5900.0,400.0,140.0,300.0,0,0,0,15512,0,0,0,17154,17154
3524600,3502,Sorocaba,0.0,0.0,20.0,3000.0,0.0,0.0,0.0,1.0,0.0,0.0,0.0,7.0,40.0,0.0,0.0,0.0,0.0,0.0,0.0,0.0,50.0,80001.0,0.0,0.0,0.0,30.0,0.0,0.0,0.0,106.0,140.0,0.0,0.0,0.0,0.0,0.0,7000.0,1350.0,100.0,0.0,300.0,4000.0,6000.0,0.0,50.0,700.0,0,0,0,1595,0,20,0,16097,16097
3521200,3502,Sorocaba,0.0,0.0,50.0,110.0,15.0,0.0,4.0,15.0,0.0,100.0,2.0,35.0,120.0,0.0,0.0,1.0,0.0,0.0,0.0,0.0,110.0,1650.0,150.0,0.0,3.0,444.0,0.0,80.0,40.0,1042.0,320.0,0.0,0.0,42.0,0.0,0.0,2100.0,2600.0,30.0,50.0,350.0,3000.0,4000.0,80.0,50.0,300.0,0,0,3000,30,600,12,0,4046,4046
3520426,3502,Sorocaba,0.0,0.0,0.0,0.0,0.0,0.0,0.0,0.0,0.0,0.0,0.0,0.0,0.0,0.0,0.0,0.0,0.0,0.0,0.0,0.0,0.0,0.0,0.0,0.0,0.0,0.0,0.0,0.0,0.0,0.0,0.0,0.0,0.0,0.0,0.0,0.0,0.0,0.0,0.0,0.0,0.0,0.0,0.0,0.0,0.0,0.0,0,0,0,0,0,0,0,13419,13419
3520301,3502,Sorocaba,0.0,0.0,2000.0,800.0,0.0,0.0,0.0,0.0,0.0,30.0,95.0,172.0,40.0,0.0,0.0,0.0,0.0,0.0,0.0,0.0,7376.0,19200.0,0.0,0.0,0.0,0.0,0.0,90.0,6270.0,3440.0,120.0,0.0,0.0,0.0,0.0,0.0,4700.0,6340.0,100.0,0.0,110.0,2000.0,3000.0,40.0,20.0,200.0,0,0,0,25035,0,78,0,29115,29115
3514809,3502,Sorocaba,0.0,0.0,20.0,4150.0,1.0,0.0,0.0,0.0,0.0,30.0,1.0,5.0,75.0,0.0,0.0,1.0,0.0,0.0,0.0,0.0,42.0,96371.0,15.0,0.0,0.0,0.0,0.0,15.0,18.0,70.0,113.0,0.0,0.0,40.0,0.0,0.0,11060.0,2020.0,0.0,0.0,380.0,3500.0,5000.0,70.0,5.0,50.0,0,0,0,1072,960,0,0,13069,13069
3509908,3502,Sorocaba,0.0,0.0,6.0,262.0,1.0,0.0,2.0,5.0,0.0,6.0,0.0,110.0,5.0,0.0,0.0,0.0,0.0,0.0,0.0,0.0,9.0,3930.0,5.0,0.0,2.0,50.0,0.0,8.0,0.0,2883.0,11.0,0.0,0.0,0.0,0.0,0.0,780.0,460.0,0.0,0.0,30.0,1500.0,2000.0,0.0,10.0,100.0,0,0,0,11418,309,57,0,12289,12289
3509254,3502,Sorocaba,0.0,0.0,0.0,4500.0,0.0,0.0,0.0,3.0,0.0,5.0,0.0,36.0,120.0,0.0,0.0,0.0,0.0,0.0,0.0,0.0,0.0,126000.0,0.0,0.0,0.0,60.0,0.0,3.0,0.0,596.0,302.0,0.0,0.0,0.0,0.0,0.0,6200.0,380.0,80.0,0.0,500.0,0.0,0.0,800.0,150.0,1000.0,0,0,0,27444,2749,180,0,28515,28515
3505401,3502,Sorocaba,0.0,0.0,35.0,20.0,1.0,0.0,3.0,6.0,0.0,80.0,0.0,30.0,140.0,0.0,0.0,0.0,0.0,0.0,0.0,0.0,24.0,180.0,10.0,0.0,2.0,254.0,0.0,43.0,0.0,270.0,140.0,0.0,0.0,0.0,0.0,0.0,8670.0,15600.0,100.0,0.0,460.0,2000.0,2400.0,550.0,70.0,410.0,0,0,0,50,902,30,0,6876,6876
3550209,3502,Sorocaba,0.0,0.0,0.0,15.0,0.0,840.0,0.0,0.0,0.0,1600.0,520.0,30.0,9000.0,11000.0,150.0,180.0,3800.0,1300.0,0.0,0.0,0.0,360.0,0.0,26320.0,0.0,0.0,0.0,4232.0,16169.0,840.0,62500.0,52800.0,405.0,21600.0,9120.0,32500.0,15333.0,4302.0,106.0,0.0,780.0,13626.0,80846.0,581.0,301.0,3030.0,0,0,0,280,4000,22,0,32039,32039
3522307,3502,Sorocaba,0.0,0.0,0.0,150.0,0.0,955.0,0.0,5000.0,0.0,360.0,9800.0,220.0,12000.0,25000.0,3500.0,30.0,5000.0,80.0,0.0,0.0,0.0,3450.0,0.0,33425.0,0.0,400000.0,0.0,898.0,368274.0,4400.0,72281.0,95000.0,10500.0,2100.0,12500.0,2020.0,55980.0,4631.0,179.0,0.0,1450.0,487357.0,2442073.0,1890.0,365.0,2790.0,0,0,0,15779,6490,0,0,157790,157790
3518503,3502,Sorocaba,0.0,0.0,6.0,8.0,0.0,0.0,5.0,400.0,0.0,89.0,0.0,50.0,2800.0,2400.0,50.0,2.0,300.0,0.0,0.0,0.0,18.0,202.0,0.0,0.0,9.0,32000.0,0.0,176.0,0.0,1000.0,18359.0,7680.0,150.0,150.0,850.0,0.0,41222.0,684.0,325.0,0.0,590.0,35833.0,2572435.0,580.0,210.0,1710.0,0,0,0,130,7000,31,0,15013,15013
3509452,3502,Sorocaba,0.0,0.0,0.0,0.0,0.0,30.0,0.0,0.0,0.0,260.0,350.0,6.0,5500.0,4500.0,1700.0,0.0,3500.0,0.0,0.0,0.0,0.0,0.0,0.0,756.0,0.0,0.0,0.0,640.0,19950.0,120.0,41660.0,18900.0,3060.0,0.0,7350.0,0.0,4558.0,18.0,36.0,0.0,210.0,3423.0,582827.0,80.0,41.0,320.0,0,0,0,54,1440,29,0,5954,5954
3502200,3502,Sorocaba,0.0,0.0,0.0,15.0,0.0,150.0,23.0,0.0,0.0,150.0,3100.0,2.0,8700.0,7500.0,2000.0,1.0,3250.0,3.0,0.0,0.0,0.0,375.0,0.0,6000.0,12.0,0.0,0.0,425.0,208410.0,80.0,61740.0,31500.0,6000.0,77.0,6825.0,63.0,44366.0,115.0,50.0,0.0,950.0,782590.0,2293210.0,580.0,200.0,4750.0,0,0,0,23928,0,0,0,24022,24022
3500758,3502,Sorocaba,0.0,0.0,0.0,0.0,0.0,0.0,0.0,200.0,0.0,100.0,400.0,280.0,1100.0,2200.0,0.0,10.0,200.0,10.0,0.0,0.0,0.0,0.0,0.0,0.0,0.0,16000.0,0.0,240.0,14535.0,5600.0,6180.0,6820.0,0.0,600.0,533.0,280.0,8365.0,1552.0,19.0,0.0,190.0,4926.0,397873.0,180.0,1160.0,19100.0,9500,500,0,6086,0,60,0,6141,6141
3553807,3502,Sorocaba,0.0,0.0,0.0,0.0,0.0,100.0,700.0,217.0,0.0,345.0,317.0,14.0,6200.0,24500.0,4500.0,0.0,6000.0,0.0,0.0,0.0,0.0,0.0,0.0,4000.0,1050.0,15190.0,0.0,2070.0,13314.0,360.0,34535.0,95775.0,20052.0,0.0,19800.0,0.0,18387.0,241.0,6.0,0.0,233.0,3325.0,15760.0,240.0,500.0,5426.0,0,0,0,21402,0,0,0,24350,24350
3553005,3502,Sorocaba,0.0,0.0,0.0,0.0,0.0,0.0,1700.0,0.0,0.0,250.0,0.0,0.0,3600.0,3100.0,1600.0,0.0,1000.0,0.0,0.0,0.0,0.0,0.0,0.0,0.0,2550.0,0.0,0.0,750.0,0.0,0.0,20395.0,11210.0,9270.0,0.0,2400.0,0.0,16043.0,22.0,35.0,0.0,270.0,1600.0,9200.0,200.0,120.0,42000.0,0,0,0,120,8131,43,0,12669,12669
3535804,3502,Sorocaba,2000.0,0.0,0.0,200.0,0.0,3800.0,0.0,2577.0,0.0,7000.0,1870.0,13.0,11000.0,20500.0,2500.0,0.0,9000.0,1.0,8400.0,0.0,0.0,6650.0,0.0,109277.0,0.0,186116.0,0.0,21000.0,78207.0,156.0,72888.0,83700.0,9318.0,0.0,30879.0,13.0,29545.0,29.0,31.0,0.0,1135.0,410.0,130723.0,625.0,480.0,6064.0,0,0,0,16794,0,94,0,19395,19395
3533809,3502,Sorocaba,0.0,0.0,0.0,0.0,0.0,33.0,80.0,4700.0,0.0,0.0,0.0,0.0,1960.0,5143.0,200.0,4.0,500.0,0.0,0.0,0.0,0.0,0.0,0.0,1155.0,82.0,376000.0,0.0,0.0,0.0,0.0,7485.0,20402.0,960.0,250.0,1550.0,0.0,8395.0,0.0,100.0,0.0,300.0,821.0,5353.0,75.0,25.0,300.0,4660,0,4660,1654,0,12,0,2512,2512
3528601,3502,Sorocaba,0.0,0.0,0.0,0.0,0.0,0.0,1632.0,4000.0,0.0,4370.0,612.0,0.0,3160.0,1870.0,0.0,0.0,0.0,0.0,0.0,0.0,0.0,0.0,0.0,0.0,3036.0,352000.0,0.0,12626.0,10487.0,0.0,13771.0,6620.0,0.0,0.0,0.0,0.0,8221.0,7.0,30.0,0.0,600.0,876.0,3649.0,472.0,40.0,410.0,0,5300,0,896,2890,22,0,9871,9871
3521804,3502,Sorocaba,2500.0,0.0,0.0,190.0,0.0,1000.0,1200.0,10500.0,0.0,6000.0,1775.0,70.0,11000.0,23000.0,2500.0,0.0,7000.0,0.0,10500.0,0.0,0.0,3420.0,0.0,40000.0,1164.0,735000.0,0.0,18198.0,75911.0,1750.0,94750.0,92750.0,9026.0,0.0,22670.0,0.0,20168.0,12.0,192.0,0.0,751.0,375243.0,804092.0,625.0,260.0,2362.0,0,0,0,2237,8000,0,0,25180,25180
3519253,3502,Sorocaba,0.0,0.0,0.0,7.0,0.0,0.0,4.0,4500.0,0.0,500.0,9000.0,30.0,2100.0,3900.0,600.0,0.0,500.0,0.0,0.0,0.0,0.0,91.0,0.0,0.0,2.0,382500.0,0.0,1200.0,330480.0,252.0,15220.0,16880.0,2700.0,0.0,1000.0,0.0,7168.0,4.0,0.0,0.0,141.0,430.0,5980.0,124.0,27.0,54117.0,6600,1550,8150,3584,600,10,0,8010,8010
3512605,3502,Sorocaba,0.0,0.0,0.0,0.0,0.0,0.0,350.0,0.0,0.0,1800.0,275.0,0.0,3000.0,11000.0,2500.0,1.0,5000.0,0.0,0.0,0.0,0.0,0.0,0.0,0.0,532.0,0.0,0.0,5400.0,7366.0,0.0,14050.0,41315.0,7500.0,90.0,15100.0,0.0,14900.0,220.0,70.0,0.0,250.0,950.0,3500.0,700.0,2100.0,21800.0,0,0,5920,371,1170,0,0,4280,4280
3511409,3502,Sorocaba,0.0,0.0,0.0,0.0,0.0,0.0,250.0,10000.0,0.0,1200.0,2200.0,0.0,8000.0,12000.0,1000.0,0.0,1500.0,0.0,0.0,0.0,0.0,0.0,0.0,0.0,263.0,706670.0,0.0,3520.0,89833.0,0.0,53150.0,46325.0,3800.0,0.0,4917.0,0.0,18599.0,365.0,0.0,0.0,237.0,1425.0,6400.0,80.0,8738.0,94295.0,0,0,0,19219,1560,0,0,21469,21469
3504503,3502,Sorocaba,0.0,200.0,0.0,170.0,0.0,0.0,100.0,12000.0,0.0,2000.0,8900.0,90.0,8500.0,13700.0,3000.0,0.0,4000.0,0.0,0.0,690.0,0.0,4817.0,0.0,0.0,105.0,800004.0,0.0,5790.0,385664.0,1687.0,60850.0,60473.0,9900.0,0.0,12600.0,0.0,34135.0,177.0,40.0,0.0,4009.0,995018.0,1636516.0,1791.0,37.0,345.0,0,0,0,912,0,720,0,92805,92805
3503109,3502,Sorocaba,0.0,60.0,0.0,330.0,0.0,0.0,1100.0,50.0,0.0,550.0,1450.0,135.0,650.0,6400.0,0.0,0.0,1480.0,4.0,0.0,207.0,0.0,9900.0,0.0,0.0,1980.0,3000.0,0.0,2070.0,63800.0,4050.0,5790.0,25200.0,0.0,0.0,3480.0,61.0,9456.0,2.0,10.0,0.0,840.0,1180.0,2480.0,845.0,14.0,16640.0,0,0,0,6521,0,0,0,6885,6885
3500550,3502,Sorocaba,0.0,0.0,0.0,0.0,0.0,0.0,44.0,3400.0,0.0,700.0,5342.0,0.0,4300.0,9500.0,3500.0,0.0,450.0,0.0,0.0,0.0,0.0,0.0,0.0,0.0,70.0,340000.0,0.0,1965.0,213680.0,0.0,27900.0,41519.0,15400.0,0.0,1287.0,0.0,9652.0,42.0,2.0,0.0,462.0,129253.0,678886.0,600.0,67.0,11897.0,0,0,0,7118,0,0,0,7177,7177
3554656,3502,Sorocaba,0.0,0.0,0.0,0.0,0.0,0.0,0.0,7.0,0.0,2.0,0.0,2.0,15.0,0.0,0.0,0.0,0.0,0.0,0.0,0.0,0.0,0.0,0.0,0.0,0.0,606.0,0.0,4.0,0.0,32.0,37.0,0.0,0.0,0.0,0.0,0.0,7600.0,0.0,40.0,100.0,150.0,500.0,50000.0,50.0,0.0,50.0,0,0,5050,204,180,0,0,2046,2046
3554003,3502,Sorocaba,0.0,0.0,0.0,3.0,0.0,200.0,0.0,9850.0,0.0,300.0,1000.0,150.0,3800.0,5000.0,140.0,5.0,700.0,0.0,0.0,0.0,0.0,87.0,0.0,6000.0,0.0,788000.0,0.0,590.0,42342.0,2514.0,18563.0,15000.0,630.0,562.0,1050.0,0.0,18000.0,552.0,65.0,0.0,2534.0,1844000.0,3200000.0,850.0,54.0,492.0,0,0,0,1210,5340,1200,0,123942,123942
3541653,3502,Sorocaba,0.0,0.0,0.0,20.0,0.0,80.0,0.0,5000.0,0.0,100.0,0.0,0.0,2400.0,2000.0,30.0,8.0,630.0,0.0,0.0,0.0,0.0,630.0,0.0,1840.0,0.0,450000.0,0.0,206.0,0.0,0.0,13003.0,5900.0,57.0,528.0,945.0,0.0,9000.0,1300.0,150.0,0.0,1350.0,0.0,2000000.0,0.0,0.0,150.0,0,0,0,2045,1500,0,0,3405,3405
3540507,3502,Sorocaba,0.0,0.0,0.0,0.0,0.0,0.0,0.0,485.0,0.0,12.0,10.0,0.0,300.0,210.0,25.0,0.0,0.0,2.0,0.0,0.0,0.0,0.0,0.0,0.0,0.0,43218.0,0.0,12.0,175.0,0.0,1920.0,519.0,150.0,0.0,0.0,27.0,33680.0,50.0,197.0,200000.0,362.0,45000.0,6508000.0,900.0,60.0,500.0,0,0,0,79,600,60,0,10451,10451
3537503,3502,Sorocaba,0.0,0.0,0.0,0.0,0.0,0.0,0.0,500.0,0.0,3.0,0.0,0.0,310.0,10.0,15.0,0.0,0.0,0.0,0.0,0.0,0.0,0.0,0.0,0.0,0.0,41000.0,0.0,3.0,0.0,0.0,2276.0,50.0,45.0,0.0,0.0,0.0,38770.0,334.0,76.0,0.0,800.0,8000.0,4000000.0,800.0,1200.0,9000.0,0,0,0,8659,0,0,0,8737,8737
3511607,3502,Sorocaba,0.0,0.0,0.0,2.0,0.0,0.0,0.0,13200.0,0.0,230.0,254.0,0.0,1200.0,2160.0,0.0,5.0,50.0,0.0,0.0,0.0,0.0,32.0,0.0,0.0,0.0,1056000.0,0.0,273.0,9447.0,0.0,3900.0,5184.0,0.0,320.0,150.0,0.0,10400.0,50.0,0.0,0.0,350.0,0.0,2000000.0,40.0,0.0,138.0,0,0,0,18811,0,9,0,19048,19048
3555505,3503,Bauru,0.0,37.0,0.0,0.0,0.0,0.0,200.0,0.0,0.0,20.0,4150.0,1200.0,50.0,2400.0,100.0,15.0,0.0,0.0,0.0,161.0,0.0,0.0,0.0,0.0,250.0,0.0,0.0,52.0,160000.0,30000.0,248.0,8330.0,250.0,1167.0,0.0,0.0,15300.0,0.0,30.0,0.0,160.0,45.0,300.0,90.0,30.0,250.0,0,0,0,3521,7158,25,0,5132,5132
3542503,3503,Bauru,0.0,700.0,0.0,0.0,0.0,0.0,0.0,8000.0,0.0,0.0,1464.0,0.0,1250.0,1500.0,0.0,76.0,0.0,0.0,0.0,3850.0,0.0,0.0,0.0,0.0,0.0,640000.0,0.0,0.0,55241.0,0.0,4508.0,4500.0,0.0,7600.0,0.0,0.0,20746.0,28.0,8.0,0.0,430.0,2600.0,4300.0,560.0,100.0,600.0,0,0,0,4546,0,0,0,7662,7662
3541109,3503,Bauru,0.0,929.0,0.0,0.0,0.0,0.0,27.0,77.0,9.0,0.0,514.0,491.0,20.0,0.0,90.0,0.0,0.0,0.0,0.0,3948.0,0.0,0.0,0.0,0.0,30.0,5544.0,225.0,0.0,25700.0,9795.0,85.0,0.0,216.0,0.0,0.0,0.0,20797.0,94.0,0.0,0.0,413.0,135700.0,168700.0,144.0,17.0,114.0,0,0,6020,3178,240,19,0,3804,3804
3539400,3503,Bauru,0.0,0.0,0.0,0.0,0.0,0.0,150.0,1990.0,0.0,0.0,1316.0,13.0,50.0,435.0,0.0,2.0,0.0,1.0,0.0,0.0,0.0,0.0,0.0,0.0,216.0,139300.0,0.0,0.0,48297.0,252.0,225.0,1305.0,0.0,200.0,0.0,10.0,28995.0,46.0,65.0,0.0,1020.0,500.0,86000.0,1150.0,41.0,410.0,0,0,0,12966,2367,0,0,15108,15108
3538907,3503,Bauru,0.0,4000.0,0.0,0.0,0.0,0.0,220.0,16800.0,0.0,0.0,2520.0,0.0,950.0,2600.0,0.0,3.0,0.0,0.0,0.0,20000.0,0.0,0.0,0.0,0.0,396.0,1344000.0,0.0,0.0,137088.0,0.0,6480.0,8580.0,0.0,600.0,0.0,0.0,54960.0,178.0,36.0,0.0,1870.0,2100.0,6200.0,881.0,110.0,810.0,0,2140,0,20893,1950,20,0,22431,22431
3536703,3503,Bauru,0.0,300.0,0.0,10.0,0.0,0.0,10.0,34320.0,0.0,8.0,626.0,8.0,3225.0,4475.0,180.0,0.0,0.0,0.0,0.0,1230.0,0.0,240.0,0.0,0.0,14.0,2917200.0,0.0,12.0,29952.0,120.0,18066.0,18117.0,540.0,0.0,0.0,0.0,26552.0,0.0,130.0,0.0,1235.0,120400.0,442000.0,231.0,349.0,2842.0,0,0,0,40824,0,0,0,44827,44827
3536570,3503,Bauru,0.0,0.0,0.0,0.0,0.0,0.0,0.0,70.0,0.0,0.0,910.0,5.0,50.0,725.0,0.0,0.0,0.0,0.0,0.0,0.0,0.0,0.0,0.0,0.0,0.0,4550.0,0.0,0.0,33415.0,50.0,150.0,2175.0,0.0,0.0,0.0,0.0,7000.0,8.0,20.0,0.0,320.0,1000.0,31010.0,511.0,57.0,285.0,5621,2325,7946,209,4648,11,0,2090,2090
3528007,3503,Bauru,0.0,0.0,0.0,0.0,0.0,0.0,141.0,14092.0,0.0,0.0,0.0,0.0,120.0,1130.0,0.0,0.0,80.0,0.0,0.0,0.0,0.0,0.0,0.0,0.0,254.0,1197820.0,0.0,0.0,0.0,0.0,552.0,5085.0,0.0,0.0,235.0,0.0,826.0,27.0,0.0,0.0,75.0,110.0,1900.0,0.0,25.0,195.0,0,0,0,15999,3000,0,0,16829,16829
3527504,3503,Bauru,0.0,0.0,0.0,0.0,0.0,0.0,80.0,350.0,0.0,0.0,3600.0,376.0,50.0,1100.0,0.0,1.0,0.0,0.0,0.0,0.0,0.0,0.0,0.0,0.0,140.0,28500.0,0.0,0.0,163200.0,4241.0,240.0,3700.0,0.0,55.0,0.0,0.0,8800.0,0.0,0.0,0.0,400.0,400.0,1000.0,150.0,5.0,25.0,4700,0,4700,2361,270,0,0,2372,2372
3526803,3503,Bauru,0.0,0.0,0.0,0.0,0.0,0.0,460.0,36000.0,0.0,0.0,1068.0,0.0,135.0,6500.0,210.0,0.0,0.0,1.0,0.0,0.0,0.0,0.0,0.0,0.0,690.0,2880000.0,0.0,0.0,42720.0,0.0,465.0,25350.0,441.0,0.0,0.0,10.0,4500.0,5.0,70.0,0.0,550.0,1150.0,44700.0,600.0,40.0,200.0,0,0,0,65696,0,443,0,66505,66505
3519105,3503,Bauru,0.0,400.0,0.0,0.0,0.0,0.0,0.0,23500.0,0.0,0.0,670.0,0.0,150.0,3000.0,0.0,1.0,0.0,0.0,0.0,2200.0,0.0,0.0,0.0,0.0,0.0,1880000.0,0.0,0.0,20250.0,0.0,1080.0,14400.0,0.0,100.0,0.0,0.0,17088.0,31.0,0.0,0.0,462.0,1700.0,39000.0,346.0,40.0,300.0,0,4776,0,9844,1382,52,0,10437,10437
3514502,3503,Bauru,0.0,0.0,0.0,0.0,25.0,0.0,740.0,0.0,0.0,0.0,1100.0,200.0,20.0,30.0,0.0,1.0,0.0,0.0,0.0,0.0,0.0,0.0,500.0,0.0,1110.0,0.0,0.0,0.0,46200.0,5000.0,90.0,108.0,0.0,70.0,0.0,0.0,23500.0,0.0,50.0,0.0,325.0,6000.0,113000.0,300.0,40.0,150.0,0,0,0,11067,0,0,0,12328,12328
3508306,3503,Bauru,0.0,80.0,0.0,0.0,0.0,0.0,70.0,323.0,0.0,0.0,800.0,480.0,0.0,80.0,0.0,1.0,0.0,0.0,0.0,347.0,0.0,0.0,0.0,0.0,85.0,16150.0,0.0,0.0,33880.0,12000.0,0.0,240.0,0.0,60.0,0.0,0.0,12950.0,0.0,38.0,0.0,187.0,360161.0,496308.0,400.0,85.0,310.0,8618,40,8658,367,0,8,0,4299,4299
3507456,3503,Bauru,0.0,0.0,0.0,0.0,0.0,0.0,0.0,4812.0,0.0,65.0,1916.0,3.0,160.0,520.0,60.0,0.0,60.0,0.0,0.0,0.0,0.0,0.0,0.0,0.0,0.0,336840.0,0.0,156.0,46942.0,60.0,336.0,1767.0,173.0,0.0,162.0,0.0,3291.0,65.0,25.0,0.0,228.0,800.0,1700.0,70.0,67.0,500.0,0,0,7000,2713,2150,0,0,2713,2713
3506003,3503,Bauru,0.0,313.0,0.0,0.0,0.0,0.0,0.0,1334.0,0.0,0.0,1050.0,5.0,250.0,800.0,0.0,2.0,0.0,0.0,0.0,1096.0,0.0,0.0,0.0,0.0,0.0,106720.0,0.0,0.0,34209.0,125.0,1500.0,2640.0,0.0,360.0,0.0,0.0,41524.0,23.0,50.0,0.0,3410.0,14100.0,279000.0,900.0,760.0,7600.0,0,0,0,379146,0,725,0,379146,379146
3504701,3503,Bauru,0.0,50.0,0.0,0.0,0.0,0.0,16.0,4487.0,0.0,0.0,211.0,0.0,30.0,0.0,0.0,0.0,0.0,0.0,0.0,245.0,0.0,0.0,0.0,0.0,24.0,403830.0,0.0,0.0,10200.0,0.0,162.0,0.0,0.0,0.0,0.0,0.0,2728.0,15.0,48.0,0.0,87.0,403.0,1210.0,201.0,48.0,332.0,5680,110,5790,23,0,150,0,3887,3887
3504305,3503,Bauru,0.0,424.0,0.0,0.0,76.0,0.0,40.0,1600.0,0.0,0.0,2315.0,460.0,45.0,0.0,0.0,0.0,0.0,0.0,0.0,1654.0,0.0,0.0,897.0,0.0,48.0,136000.0,0.0,0.0,119187.0,10280.0,174.0,0.0,0.0,0.0,0.0,0.0,35558.0,3.0,0.0,0.0,530.0,1800.0,31350.0,366.0,33.0,250.0,0,0,8890,3057,0,19,0,4483,4483
3503406,3503,Bauru,0.0,1500.0,0.0,56.0,0.0,0.0,0.0,9200.0,0.0,38.0,1005.0,3.0,5.0,1836.0,500.0,2.0,0.0,1.0,0.0,6300.0,0.0,1960.0,0.0,0.0,0.0,690000.0,0.0,75.0,40200.0,60.0,28.0,6857.0,1740.0,260.0,0.0,1.0,37583.0,66.0,11.0,0.0,1000.0,89000.0,510000.0,442.0,820.0,12000.0,0,2500,0,8079,0,0,0,8130,8130
3500709,3503,Bauru,0.0,0.0,0.0,0.0,0.0,0.0,0.0,9100.0,0.0,0.0,2178.0,13.0,0.0,1977.0,0.0,0.0,0.0,0.0,0.0,0.0,0.0,0.0,0.0,0.0,0.0,637000.0,0.0,0.0,63815.0,260.0,0.0,6920.0,0.0,0.0,0.0,0.0,30400.0,26.0,42.0,0.0,560.0,96600.0,223000.0,760.0,140.0,29000.0,0,0,0,37525,0,144,0,37680,37680
3554706,3503,Bauru,0.0,0.0,0.0,0.0,0.0,0.0,1650.0,5600.0,0.0,0.0,273.0,36.0,907.0,1700.0,152.0,0.0,0.0,0.0,0.0,0.0,0.0,0.0,0.0,0.0,2475.0,352800.0,0.0,0.0,7371.0,900.0,4654.0,6630.0,365.0,0.0,0.0,0.0,20741.0,103.0,8.0,0.0,450.0,1000.0,963500.0,200.0,350.0,3200.0,0,0,0,7916,0,13,0,9335,9335
3529807,3503,Bauru,0.0,0.0,0.0,0.0,0.0,0.0,102.0,10500.0,0.0,0.0,5.0,72.0,190.0,968.0,250.0,0.0,0.0,0.0,0.0,0.0,0.0,0.0,0.0,0.0,123.0,829500.0,0.0,0.0,122.0,1771.0,1026.0,3485.0,600.0,0.0,0.0,0.0,3901.0,105.0,8.0,0.0,65.0,610.0,78820.0,260.0,17.0,150.0,0,0,0,0,0,0,0,11230,11230
3525300,3503,Bauru,50.0,170.0,10.0,5.0,0.0,0.0,780.0,40000.0,0.0,0.0,1.0,3.0,370.0,4400.0,800.0,0.0,0.0,0.0,105.0,765.0,24.0,135.0,0.0,0.0,1030.0,3400000.0,0.0,0.0,27.0,75.0,1896.0,17160.0,1920.0,0.0,0.0,0.0,10074.0,145.0,80.0,0.0,850.0,169000.0,294400.0,600.0,50.0,570.0,0,0,0,132351,0,198,0,133497,133497
3522901,3503,Bauru,0.0,0.0,0.0,0.0,0.0,0.0,39.0,8400.0,0.0,0.0,0.0,0.0,150.0,97.0,0.0,0.0,0.0,0.0,0.0,0.0,0.0,0.0,0.0,0.0,71.0,739200.0,0.0,0.0,0.0,0.0,810.0,379.0,0.0,0.0,0.0,0.0,1307.0,16.0,6.0,0.0,85.0,110.0,368650.0,120.0,65.0,400.0,0,0,0,13046,600,0,0,13659,13659
3522000,3503,Bauru,0.0,1265.0,0.0,0.0,0.0,0.0,6.0,6700.0,0.0,0.0,76.0,0.0,300.0,1130.0,314.0,0.0,0.0,0.0,0.0,5693.0,0.0,0.0,0.0,0.0,7.0,569500.0,0.0,0.0,2356.0,0.0,1620.0,4407.0,754.0,0.0,0.0,0.0,11293.0,593.0,10.0,0.0,125.0,450.0,855425.0,155.0,27.0,250.0,0,0,6200,3618,0,0,0,3618,3618
3520004,3503,Bauru,0.0,0.0,0.0,0.0,0.0,0.0,0.0,6500.0,0.0,0.0,0.0,0.0,20.0,230.0,0.0,0.0,0.0,0.0,0.0,0.0,0.0,0.0,0.0,0.0,0.0,585000.0,0.0,0.0,0.0,0.0,96.0,1035.0,0.0,0.0,0.0,0.0,253.0,0.0,0.0,0.0,9.0,148.0,300.0,5.0,2.0,10.0,0,0,0,22613,0,19,0,23106,23106
3514106,3503,Bauru,0.0,145.0,0.0,0.0,0.0,0.0,3100.0,34000.0,0.0,0.0,70.0,0.0,300.0,1050.0,0.0,1.0,0.0,0.0,0.0,623.0,0.0,0.0,0.0,0.0,4762.0,2312000.0,0.0,0.0,1144.0,0.0,1620.0,4095.0,0.0,60.0,0.0,0.0,14630.0,99.0,9.0,0.0,195.0,44229.0,874415.0,250.0,36.0,300.0,0,0,0,22886,2000,105,0,24510,24510
3507902,3503,Bauru,0.0,527.0,0.0,80.0,0.0,0.0,475.0,29000.0,0.0,200.0,5500.0,25.0,700.0,3661.0,0.0,0.0,0.0,0.0,0.0,2420.0,0.0,2160.0,0.0,0.0,855.0,1976500.0,0.0,600.0,170500.0,550.0,3600.0,14277.0,0.0,0.0,0.0,0.0,24456.0,47.0,7.0,0.0,840.0,242938.0,700300.0,620.0,2175.0,33000.0,0,9500,0,2047,5000,262,0,23898,23898
3507308,3503,Bauru,0.0,0.0,0.0,0.0,0.0,0.0,40.0,6500.0,0.0,0.0,0.0,0.0,60.0,823.0,0.0,0.0,0.0,0.0,0.0,0.0,0.0,0.0,0.0,0.0,60.0,481000.0,0.0,0.0,0.0,0.0,324.0,3210.0,0.0,0.0,0.0,0.0,2590.0,0.0,0.0,0.0,30.0,200.0,524500.0,213.0,9.0,88.0,0,0,8500,4232,0,0,0,4715,4715
3506805,3503,Bauru,0.0,33.0,0.0,0.0,0.0,0.0,32.0,15000.0,0.0,0.0,160.0,2.0,150.0,221.0,136.0,0.0,0.0,0.0,0.0,149.0,0.0,0.0,0.0,0.0,44.0,1140000.0,0.0,0.0,4960.0,50.0,810.0,862.0,326.0,0.0,0.0,0.0,13140.0,325.0,40.0,0.0,250.0,220.0,65600.0,180.0,32.0,320.0,0,0,0,11065,0,36,0,11259,11259
3505302,3503,Bauru,0.0,0.0,0.0,0.0,0.0,0.0,0.0,7900.0,0.0,0.0,0.0,0.0,20.0,55.0,0.0,0.0,0.0,0.0,0.0,0.0,0.0,0.0,0.0,0.0,0.0,695200.0,0.0,0.0,0.0,0.0,96.0,231.0,0.0,0.0,0.0,0.0,401.0,0.0,0.0,0.0,35.0,245.0,1000.0,5.0,7.0,40.0,0,0,0,34346,4200,0,0,34346,34346
3505203,3503,Bauru,0.0,2800.0,0.0,0.0,0.0,0.0,85.0,20000.0,0.0,0.0,1900.0,0.0,189.0,1528.0,102.0,0.0,0.0,0.0,0.0,12600.0,0.0,0.0,0.0,0.0,145.0,1500000.0,0.0,0.0,66500.0,0.0,997.0,5960.0,245.0,0.0,0.0,0.0,17322.0,1340.0,30.0,0.0,220.0,22000.0,990000.0,200.0,200.0,2170.0,0,0,0,29966,0,0,0,31595,31595
3550100,3503,Bauru,0.0,0.0,0.0,1.0,0.0,0.0,850.0,37885.0,0.0,10.0,1295.0,10.0,150.0,1000.0,0.0,0.0,0.0,0.0,0.0,0.0,0.0,14.0,0.0,0.0,990.0,3025000.0,0.0,24.0,95425.0,155.0,510.0,3000.0,0.0,0.0,0.0,0.0,8935.0,41.0,0.0,0.0,500.0,957125.0,1250000.0,1535.0,1350.0,4100.0,0,0,0,36386,8040,150,0,37289,37289
3541059,3503,Bauru,0.0,0.0,0.0,0.0,0.0,0.0,235.0,6550.0,0.0,0.0,3731.0,0.0,300.0,100.0,0.0,0.0,0.0,0.0,0.0,0.0,0.0,0.0,0.0,0.0,275.0,545000.0,0.0,0.0,182750.0,0.0,2000.0,415.0,0.0,0.0,0.0,0.0,4125.0,0.0,0.0,0.0,190.0,315700.0,590000.0,365.0,300.0,2250.0,0,0,0,4257,2000,30,0,5126,5126
3536109,3503,Bauru,0.0,0.0,0.0,0.0,0.0,86.0,515.0,0.0,0.0,635.0,570.0,0.0,800.0,2595.0,0.0,0.0,1690.0,0.0,0.0,0.0,0.0,0.0,0.0,2795.0,615.0,0.0,0.0,1670.0,28000.0,0.0,5785.0,9860.0,0.0,0.0,6100.0,0.0,10975.0,0.0,0.0,0.0,420.0,79000.0,155000.0,800.0,0.0,0.0,0,0,0,5588,5510,30,0,7153,7153
3523503,3503,Bauru,0.0,0.0,0.0,0.0,0.0,0.0,20.0,7050.0,0.0,0.0,3110.0,25.0,1870.0,1300.0,0.0,0.0,0.0,0.0,0.0,0.0,0.0,0.0,0.0,0.0,30.0,557000.0,0.0,0.0,133000.0,470.0,15725.0,5560.0,0.0,0.0,0.0,0.0,19300.0,29.0,0.0,0.0,1010.0,78740.0,700000.0,0.0,0.0,0.0,0,0,0,19051,0,0,0,19070,19070
3512308,3503,Bauru,6.0,0.0,0.0,2.0,0.0,0.0,0.0,3105.0,0.0,0.0,547.0,82.0,290.0,270.0,0.0,0.0,50.0,0.0,7.0,0.0,0.0,36.0,0.0,0.0,0.0,247000.0,0.0,0.0,33000.0,902.0,1390.0,985.0,0.0,0.0,200.0,0.0,66980.0,119.0,0.0,0.0,1000.0,0.0,3800000.0,1600.0,200.0,1940.0,0,975,0,1447,4550,0,0,15232,15232
3507506,3503,Bauru,0.0,0.0,38.0,21.0,3.0,310.0,480.0,20300.0,0.0,1030.0,10365.0,40.0,7155.0,2315.0,8.0,85.0,580.0,2.0,0.0,0.0,210.0,570.0,43.0,7400.0,635.0,1600000.0,0.0,1790.0,506000.0,770.0,31900.0,6750.0,15.0,5150.0,1750.0,30.0,35860.0,214.0,270.0,0.0,2000.0,400000.0,6120000.0,4350.0,400.0,1600.0,0,0,0,145155,7426,540,0,145155,145155
3506904,3503,Bauru,0.0,0.0,0.0,2.0,0.0,0.0,44.0,50.0,0.0,0.0,1220.0,390.0,370.0,150.0,0.0,0.0,0.0,0.0,0.0,0.0,0.0,40.0,0.0,0.0,45.0,3450.0,0.0,0.0,90000.0,15500.0,1500.0,375.0,0.0,0.0,0.0,0.0,36050.0,315.0,80.0,0.0,830.0,19750.0,900000.0,2750.0,0.0,0.0,0,0,0,9943,0,0,0,10460,10460
3503604,3503,Bauru,0.0,0.0,0.0,0.0,0.0,0.0,75.0,7000.0,0.0,0.0,0.0,0.0,50.0,0.0,0.0,0.0,0.0,0.0,0.0,0.0,0.0,0.0,0.0,0.0,95.0,593000.0,0.0,0.0,0.0,0.0,190.0,0.0,0.0,0.0,0.0,0.0,277.0,0.0,0.0,0.0,0.0,0.0,0.0,0.0,0.0,0.0,0,0,0,8713,1200,30,0,10130,10130
3502309,3503,Bauru,0.0,0.0,0.0,0.0,0.0,0.0,0.0,13400.0,0.0,0.0,3802.0,1700.0,800.0,500.0,0.0,0.0,0.0,0.0,0.0,0.0,0.0,0.0,0.0,0.0,0.0,1062700.0,0.0,0.0,166765.0,35170.0,2980.0,1050.0,0.0,0.0,0.0,0.0,32250.0,90.0,100.0,0.0,230.0,0.0,60000.0,1500.0,500.0,2000.0,0,0,0,5659,0,0,0,5674,5674
3555901,3503,Bauru,0.0,270.0,0.0,0.0,0.0,0.0,29.0,4300.0,0.0,0.0,35.0,0.0,20.0,0.0,0.0,0.0,0.0,0.0,0.0,810.0,0.0,0.0,0.0,0.0,52.0,387000.0,0.0,0.0,90.0,0.0,86.0,0.0,0.0,0.0,0.0,0.0,9622.0,0.0,0.0,0.0,108.0,753.0,1351.0,41.0,28.0,131.0,0,0,2600,1199,0,12,0,1387,1387
3544608,3503,Bauru,0.0,365.0,0.0,2.0,20.0,0.0,2.0,8100.0,0.0,0.0,0.0,0.0,484.0,4000.0,0.0,121.0,0.0,0.0,0.0,1095.0,0.0,40.0,801.0,0.0,3.0,637502.0,0.0,0.0,0.0,0.0,2323.0,14400.0,0.0,2420.0,0.0,0.0,10101.0,0.0,0.0,0.0,127.0,647.0,4680.0,207.0,62.0,280.0,8338,3910,0,4483,995,18,0,5112,5112
3541604,3503,Bauru,0.0,1000.0,0.0,20.0,40.0,0.0,30.0,23740.0,0.0,0.0,0.0,150.0,800.0,2500.0,0.0,10.0,0.0,0.0,0.0,3125.0,0.0,300.0,768.0,0.0,27.0,1899200.0,0.0,0.0,0.0,5150.0,3120.0,7500.0,0.0,500.0,0.0,0.0,52114.0,32.0,180.0,0.0,1608.0,52850.0,126000.0,1087.0,836.0,2487.0,0,7000,0,29622,3150,376,0,35131,35131
3540101,3503,Bauru,0.0,130.0,0.0,0.0,0.0,0.0,15.0,5100.0,0.0,0.0,79.0,0.0,350.0,200.0,0.0,0.0,0.0,3.0,0.0,325.0,0.0,0.0,0.0,0.0,18.0,510000.0,0.0,0.0,3500.0,0.0,2625.0,720.0,0.0,0.0,0.0,27.0,18739.0,0.0,0.0,0.0,267.0,446.0,702.0,671.0,58.0,172.0,0,0,9060,3395,1850,2,0,3395,3395
3527108,3503,Bauru,0.0,570.0,0.0,1.0,0.0,0.0,36.0,20000.0,0.0,0.0,17.0,2.0,763.0,1200.0,0.0,13.0,0.0,0.0,0.0,2494.0,0.0,12.0,0.0,0.0,64.0,1460000.0,0.0,0.0,686.0,9.0,3662.0,3240.0,0.0,1037.0,0.0,0.0,20051.0,31.0,78.0,0.0,743.0,0.0,1205.0,341.0,140.0,274.0,0,0,0,73202,0,307,0,74779,74779
3518107,3503,Bauru,0.0,2000.0,0.0,20.0,0.0,0.0,196.0,11500.0,0.0,0.0,1456.0,20.0,600.0,200.0,150.0,1.0,0.0,0.0,0.0,9000.0,0.0,200.0,0.0,0.0,294.0,690000.0,0.0,0.0,63648.0,480.0,2340.0,720.0,90.0,88.0,0.0,0.0,38231.0,0.0,0.0,0.0,479.0,333629.0,401365.0,315.0,147.0,369.0,0,0,0,6427,0,0,0,6427,6427
3517208,3503,Bauru,0.0,450.0,0.0,0.0,0.0,0.0,1.0,8000.0,0.0,0.0,490.0,6.0,550.0,900.0,0.0,0.0,0.0,0.0,0.0,1575.0,0.0,0.0,0.0,0.0,1.0,600000.0,0.0,0.0,27540.0,217.0,3300.0,3510.0,0.0,0.0,0.0,0.0,23942.0,12.0,0.0,0.0,301.0,445.0,1220.0,251.0,31.0,215.0,0,0,0,11214,0,0,0,11239,11239
3508801,3503,Bauru,0.0,2500.0,0.0,28.0,0.0,0.0,230.0,31328.0,0.0,0.0,1940.0,1.0,252.0,1800.0,0.0,5.0,0.0,0.0,0.0,13750.0,0.0,700.0,0.0,0.0,413.0,2412256.0,0.0,0.0,67900.0,50.0,2028.0,6696.0,0.0,750.0,0.0,0.0,37617.0,211.0,83.0,0.0,816.0,202.0,35100.0,1287.0,446.0,2517.0,0,2400,0,14314,0,0,0,16654,16654
3556602,3504,Marília,0.0,400.0,0.0,0.0,0.0,0.0,2700.0,0.0,0.0,0.0,0.0,18.0,250.0,0.0,40.0,0.0,0.0,0.0,0.0,1600.0,0.0,0.0,0.0,0.0,2800.0,0.0,0.0,0.0,0.0,297.0,1300.0,0.0,170.0,0.0,0.0,0.0,22951.0,11.0,0.0,0.0,217.0,40.0,78.0,32.0,0.0,120.0,0,0,0,8863,1910,52,0,10176,10176
3542008,3504,Marília,0.0,6500.0,0.0,0.0,0.0,0.0,40.0,4240.0,0.0,0.0,0.0,1500.0,150.0,2248.0,0.0,0.0,0.0,0.0,0.0,29250.0,0.0,0.0,0.0,0.0,40.0,339200.0,0.0,0.0,0.0,38025.0,675.0,8093.0,0.0,0.0,0.0,0.0,30798.0,0.0,6.0,0.0,474.0,400.0,680.0,235.0,50.0,157.0,0,0,0,6687,6800,39,0,7038,7038
3540002,3504,Marília,0.0,5000.0,0.0,24.0,0.0,0.0,98.0,12000.0,0.0,0.0,0.0,0.0,500.0,1000.0,0.0,0.0,0.0,0.0,0.0,17500.0,0.0,1080.0,0.0,0.0,235.0,960000.0,0.0,0.0,0.0,0.0,2700.0,3400.0,0.0,0.0,0.0,0.0,67142.0,948.0,0.0,32300.0,1430.0,54998.0,63956.0,774.0,30.0,257.0,0,0,0,20171,4800,56,0,20196,20196
3534500,3504,Marília,0.0,1000.0,0.0,0.0,0.0,0.0,67.0,1625.0,0.0,0.0,0.0,210.0,280.0,150.0,0.0,20.0,0.0,0.0,0.0,5720.0,0.0,0.0,0.0,0.0,140.0,105625.0,0.0,0.0,0.0,5027.0,1010.0,586.0,0.0,778.0,0.0,0.0,29256.0,8.0,0.0,0.0,174.0,976.0,2026.0,370.0,30.0,111.0,0,0,7310,2343,0,83,0,2470,2470
3534104,3504,Marília,0.0,2600.0,0.0,0.0,0.0,0.0,100.0,2500.0,0.0,0.0,0.0,100.0,150.0,0.0,0.0,0.0,0.0,0.0,0.0,12800.0,0.0,0.0,0.0,0.0,147.0,200000.0,0.0,0.0,0.0,3000.0,540.0,0.0,0.0,0.0,0.0,0.0,14589.0,133.0,25.0,0.0,663.0,40.0,88.0,551.0,0.0,65.0,0,0,0,5673,0,0,0,6085,6085
3533700,3504,Marília,0.0,484.0,0.0,0.0,0.0,0.0,650.0,1725.0,0.0,0.0,520.0,2810.0,86.0,968.0,0.0,0.0,0.0,0.0,0.0,1650.0,0.0,0.0,0.0,0.0,910.0,146625.0,0.0,0.0,20959.0,71060.0,387.0,3195.0,0.0,0.0,0.0,0.0,21641.0,52.0,0.0,0.0,224.0,0.0,0.0,0.0,0.0,140.0,0,0,8560,3457,895,95,0,4331,4331
3529005,3504,Marília,0.0,4300.0,0.0,5.0,10.0,0.0,800.0,4000.0,0.0,0.0,960.0,1700.0,3000.0,1300.0,0.0,40.0,0.0,0.0,0.0,20000.0,0.0,125.0,250.0,0.0,1121.0,320000.0,0.0,0.0,39168.0,29000.0,14400.0,2730.0,0.0,1150.0,0.0,0.0,113012.0,1585.0,0.0,92200.0,1382.0,230980.0,312950.0,1892.0,0.0,176.0,0,0,0,2279,0,9450,0,237627,237627
3527801,3504,Marília,0.0,120.0,0.0,6.0,0.0,0.0,1000.0,0.0,0.0,2.0,515.0,402.0,150.0,1200.0,0.0,3.0,0.0,0.0,0.0,350.0,0.0,60.0,0.0,0.0,1050.0,0.0,0.0,1.0,13661.0,10030.0,870.0,3741.0,0.0,88.0,0.0,0.0,11437.0,0.0,0.0,0.0,115.0,0.0,0.0,29.0,0.0,23.0,6080,1202,7282,3494,0,0,0,3981,3981
3525805,3504,Marília,0.0,450.0,0.0,100.0,0.0,0.0,68.0,0.0,0.0,0.0,714.0,200.0,150.0,0.0,0.0,0.0,0.0,0.0,0.0,2475.0,0.0,963.0,0.0,0.0,91.0,0.0,0.0,0.0,16772.0,8500.0,780.0,0.0,0.0,0.0,0.0,0.0,9611.0,0.0,0.0,0.0,770.0,20.0,48.0,0.0,0.0,0.0,0,0,0,4254,0,0,0,4254,4254
3517307,3504,Marília,0.0,1349.0,0.0,0.0,0.0,0.0,85.0,2100.0,0.0,0.0,700.0,22.0,100.0,200.0,0.0,0.0,0.0,0.0,0.0,6968.0,0.0,0.0,0.0,0.0,105.0,147000.0,0.0,0.0,27189.0,454.0,350.0,540.0,0.0,0.0,0.0,0.0,17129.0,31.0,27.0,0.0,224.0,0.0,3510.0,674.0,31.0,127.0,0,0,9858,4752,150,0,0,5512,5512
3517000,3504,Marília,0.0,2500.0,0.0,17.0,30.0,0.0,53.0,14000.0,0.0,0.0,1404.0,650.0,200.0,605.0,40.0,0.0,0.0,0.0,0.0,12913.0,0.0,391.0,900.0,0.0,81.0,980000.0,0.0,0.0,42962.0,22750.0,1320.0,2904.0,192.0,0.0,0.0,0.0,38212.0,220.0,290.0,0.0,550.0,0.0,0.0,559.0,87.0,455.0,0,0,0,95,190,36,0,10232,10232
3516705,3504,Marília,0.0,500.0,0.0,0.0,0.0,0.0,8300.0,0.0,0.0,50.0,80.0,720.0,1500.0,1000.0,0.0,2.0,0.0,0.0,0.0,1000.0,0.0,0.0,0.0,0.0,11725.0,0.0,0.0,50.0,3241.0,21250.0,7200.0,3300.0,0.0,90.0,0.0,0.0,41031.0,72.0,152.0,0.0,808.0,81990.0,102930.0,1146.0,28.0,192.0,0,2400,0,400,1925,217,0,42110,42110
3516606,3504,Marília,0.0,0.0,0.0,5.0,2.0,0.0,2800.0,0.0,0.0,20.0,650.0,570.0,750.0,750.0,0.0,3.0,0.0,0.0,0.0,0.0,0.0,75.0,36.0,0.0,3654.0,0.0,0.0,24.0,38518.0,15875.0,3150.0,2250.0,0.0,152.0,0.0,0.0,16550.0,182.0,27.0,0.0,423.0,0.0,0.0,146.0,0.0,27.0,0,0,0,6054,3200,50,0,6380,6380
3515657,3504,Marília,0.0,0.0,0.0,7.0,1.0,0.0,431.0,1.0,0.0,0.0,400.0,190.0,850.0,400.0,0.0,0.0,0.0,0.0,0.0,0.0,0.0,57.0,19.0,0.0,569.0,57.0,0.0,0.0,16572.0,4447.0,3570.0,1200.0,0.0,0.0,0.0,0.0,5908.0,6.0,0.0,0.0,123.0,0.0,0.0,9.0,0.0,33.0,2929,0,2929,1556,151,15,0,1656,1656
3514700,3504,Marília,0.0,4000.0,0.0,0.0,30.0,0.0,70.0,3000.0,0.0,12.0,202.0,808.0,2150.0,3000.0,100.0,4.0,0.0,0.0,0.0,14000.0,0.0,0.0,360.0,0.0,84.0,195000.0,0.0,36.0,6569.0,20092.0,12900.0,9000.0,252.0,105.0,0.0,0.0,36000.0,15.0,70.0,0.0,780.0,9500.0,9500.0,1600.0,45.0,315.0,0,0,0,4799,640,24,0,6205,6205
3509809,3504,Marília,0.0,1000.0,0.0,0.0,0.0,0.0,24.0,8000.0,0.0,70.0,1000.0,4000.0,10200.0,15000.0,10000.0,1.0,0.0,0.0,0.0,3750.0,0.0,0.0,0.0,0.0,36.0,600000.0,0.0,99.0,22000.0,100000.0,49200.0,45000.0,36000.0,50.0,0.0,0.0,12200.0,16.0,30.0,0.0,340.0,3200.0,5300.0,380.0,210.0,980.0,0,0,0,40,0,5,0,4888,4888
3501509,3504,Marília,0.0,0.0,0.0,0.0,0.0,0.0,860.0,0.0,0.0,7.0,296.0,142.0,300.0,100.0,0.0,2.0,0.0,0.0,0.0,0.0,0.0,0.0,0.0,0.0,1577.0,0.0,0.0,14.0,11827.0,4830.0,540.0,300.0,0.0,130.0,0.0,0.0,6225.0,1.0,0.0,0.0,107.0,0.0,0.0,215.0,0.0,12.0,0,0,1165,2885,25,10,0,2885,2885
3501400,3504,Marília,0.0,0.0,0.0,0.0,0.0,0.0,750.0,0.0,0.0,0.0,0.0,10.0,250.0,100.0,0.0,0.0,0.0,0.0,0.0,0.0,0.0,0.0,0.0,0.0,825.0,0.0,0.0,0.0,0.0,210.0,1250.0,300.0,0.0,0.0,0.0,0.0,11115.0,0.0,12.0,0.0,205.0,25.0,95.0,58.0,5.0,25.0,0,0,7560,40,250,10,0,4808,4808
3553955,3504,Marília,0.0,0.0,120.0,2.0,0.0,0.0,0.0,18900.0,0.0,100.0,0.0,6.0,8850.0,8500.0,0.0,0.0,0.0,0.0,0.0,0.0,360.0,30.0,0.0,0.0,0.0,1701000.0,0.0,240.0,0.0,108.0,61240.0,33510.0,0.0,0.0,0.0,0.0,3400.0,0.0,7.0,0.0,80.0,119000.0,136000.0,500.0,33.0,120.0,0,0,0,14021,6000,40,0,14882,14882
3539707,3504,Marília,0.0,0.0,0.0,0.0,0.0,0.0,0.0,8100.0,0.0,0.0,0.0,360.0,8884.0,9010.0,270.0,0.0,0.0,0.0,0.0,0.0,0.0,0.0,0.0,0.0,0.0,607500.0,0.0,0.0,0.0,10800.0,38718.0,29070.0,129.0,0.0,0.0,0.0,8300.0,0.0,0.0,0.0,225.0,360.0,1500.0,560.0,266.0,1350.0,0,0,7220,23,660,0,0,3025,3025
3537156,3504,Marília,0.0,0.0,290.0,0.0,0.0,0.0,0.0,2700.0,0.0,0.0,0.0,0.0,8340.0,8000.0,0.0,0.0,0.0,0.0,0.0,0.0,1740.0,0.0,0.0,0.0,0.0,270000.0,0.0,0.0,0.0,0.0,47752.0,28884.0,0.0,0.0,0.0,0.0,1300.0,0.0,105.0,0.0,60.0,440.0,755.0,110.0,25.0,190.0,6163,2660,8823,2353,1600,20,0,2804,2804
3535507,3504,Marília,0.0,2100.0,0.0,5.0,0.0,0.0,10.0,45000.0,0.0,0.0,0.0,420.0,1450.0,4300.0,200.0,10.0,0.0,0.0,0.0,7875.0,0.0,75.0,0.0,0.0,7.0,3375000.0,0.0,0.0,0.0,10290.0,8970.0,21930.0,504.0,600.0,0.0,0.0,32600.0,34.0,34.0,17600.0,670.0,238186.0,303629.0,600.0,230.0,910.0,0,0,0,37212,9500,0,0,41120,41120
3535309,3504,Marília,0.0,0.0,0.0,102.0,0.0,0.0,0.0,19470.0,0.0,0.0,0.0,28.0,20433.0,28668.0,250.0,0.0,435.0,0.0,0.0,0.0,0.0,2550.0,0.0,0.0,0.0,2044350.0,0.0,0.0,0.0,780.0,122665.0,107908.0,750.0,0.0,1305.0,0.0,4000.0,0.0,26.0,0.0,245.0,136200.0,168500.0,855.0,560.0,2540.0,0,0,0,17935,1800,0,0,19594,19594
3528809,3504,Marília,0.0,0.0,5.0,0.0,0.0,0.0,0.0,15382.0,0.0,0.0,0.0,4.0,26300.0,27935.0,0.0,0.0,50.0,0.0,0.0,0.0,9.0,0.0,0.0,0.0,0.0,1374627.0,0.0,0.0,0.0,100.0,142560.0,84740.0,0.0,0.0,150.0,0.0,6400.0,0.0,45.0,0.0,200.0,1500.0,10200.0,540.0,225.0,1200.0,0,0,0,11512,6000,0,0,12673,12673
3527900,3504,Marília,0.0,3000.0,0.0,0.0,50.0,0.0,0.0,8200.0,0.0,0.0,0.0,100.0,3250.0,3500.0,200.0,0.0,0.0,0.0,0.0,10500.0,0.0,0.0,1500.0,0.0,0.0,574000.0,0.0,0.0,0.0,2290.0,11880.0,10500.0,504.0,0.0,0.0,0.0,35500.0,0.0,60.0,0.0,265.0,660.0,2450.0,40.0,56.0,300.0,6050,1985,8035,23,980,8,0,2661,2661
3516101,3504,Marília,0.0,0.0,0.0,5.0,0.0,0.0,0.0,8876.0,0.0,0.0,0.0,0.0,6600.0,6400.0,150.0,0.0,0.0,0.0,0.0,0.0,0.0,100.0,0.0,0.0,0.0,843220.0,0.0,0.0,0.0,0.0,40320.0,24065.0,540.0,0.0,0.0,0.0,630.0,0.0,48.0,0.0,260.0,510.0,1300.0,160.0,35.0,200.0,0,0,6800,36,1500,15,0,3851,3851
3513306,3504,Marília,0.0,0.0,80.0,10.0,0.0,0.0,0.0,3047.0,0.0,0.0,0.0,1.0,7980.0,7950.0,0.0,1.0,0.0,0.0,0.0,0.0,400.0,250.0,0.0,0.0,0.0,274230.0,0.0,0.0,0.0,25.0,43744.0,23910.0,0.0,45.0,0.0,0.0,850.0,0.0,32.0,0.0,95.0,190.0,860.0,66.0,43.0,160.0,0,0,4160,20,800,15,0,2108,2108
3510005,3504,Marília,0.0,0.0,0.0,25.0,0.0,0.0,20.0,20700.0,0.0,600.0,0.0,210.0,23200.0,26100.0,0.0,5.0,120.0,0.0,0.0,0.0,0.0,500.0,0.0,0.0,25.0,1925100.0,0.0,1332.0,0.0,6250.0,131610.0,105594.0,0.0,187.0,345.0,0.0,4800.0,0.0,14.0,0.0,200.0,750.0,200000.0,330.0,400.0,3000.0,0,0,0,29263,0,210,0,29449,29449
3507209,3504,Marília,0.0,800.0,0.0,0.0,0.0,0.0,0.0,5039.0,0.0,0.0,0.0,153.0,0.0,0.0,0.0,0.0,0.0,0.0,0.0,3400.0,0.0,0.0,0.0,0.0,0.0,352730.0,0.0,0.0,0.0,3810.0,0.0,0.0,0.0,0.0,0.0,0.0,6000.0,0.0,9.0,0.0,152.0,200.0,360.0,60.0,16.0,50.0,0,0,1833,8760,120,5,0,907,907
3504008,3504,Marília,0.0,600.0,0.0,4.0,0.0,0.0,4.0,11000.0,0.0,0.0,0.0,604.0,8700.0,9200.0,100.0,1.0,0.0,2.0,0.0,2100.0,0.0,100.0,0.0,0.0,5.0,935000.0,0.0,0.0,0.0,18120.0,47190.0,32200.0,330.0,40.0,0.0,35.0,16600.0,0.0,26.0,180000.0,1100.0,2750.0,14000.0,440.0,144.0,860.0,0,0,0,9845,0,8145,0,101409,101409
3557204,3504,Marília,0.0,0.0,0.0,0.0,0.0,0.0,0.0,9600.0,0.0,0.0,0.0,50.0,2500.0,2500.0,150.0,0.0,0.0,0.0,0.0,0.0,0.0,0.0,0.0,0.0,0.0,794669.0,0.0,0.0,0.0,1250.0,10950.0,9750.0,223.0,0.0,0.0,0.0,1900.0,30.0,50.0,150.0,105.0,750.0,1000.0,80.0,80.0,350.0,0,4000,0,11117,0,120,0,12211,12211
3550506,3504,Marília,0.0,1200.0,0.0,1.0,2.0,0.0,228.0,8000.0,0.0,240.0,3200.0,1652.0,12300.0,15000.0,2000.0,9.0,0.0,0.0,0.0,5206.0,0.0,22.0,50.0,0.0,410.0,656296.0,0.0,576.0,130560.0,41300.0,58764.0,52065.0,5260.0,495.0,0.0,0.0,30800.0,0.0,54.0,0.0,350.0,7000.0,18500.0,270.0,65.0,500.0,0,0,0,70,2800,500,0,7217,7217
3546405,3504,Marília,0.0,0.0,0.0,3.0,0.0,0.0,200.0,25000.0,0.0,600.0,9904.0,502.0,26500.0,40000.0,2000.0,20.0,0.0,0.0,0.0,0.0,0.0,75.0,0.0,0.0,192.0,2250000.0,0.0,1440.0,423119.0,15060.0,143438.0,148800.0,5400.0,2182.0,0.0,0.0,46000.0,28.0,100.0,0.0,800.0,1400.0,8500.0,3600.0,1500.0,15800.0,0,0,0,45943,572,0,0,46442,46442
3545407,3504,Marília,0.0,0.0,0.0,8.0,0.0,0.0,0.0,1000.0,0.0,200.0,0.0,2.0,11650.0,12200.0,500.0,0.0,0.0,0.0,0.0,0.0,0.0,192.0,0.0,0.0,0.0,100000.0,0.0,240.0,0.0,40.0,72416.0,43920.0,2100.0,0.0,0.0,0.0,4250.0,0.0,160.0,0.0,180.0,5000.0,7000.0,20.0,730.0,4500.0,0,0,7240,905,90,0,0,9050,9050
3543204,3504,Marília,0.0,193.0,0.0,1.0,0.0,0.0,440.0,3800.0,0.0,238.0,0.0,150.0,12500.0,12500.0,150.0,0.0,164.0,0.0,0.0,897.0,0.0,24.0,0.0,0.0,675.0,323000.0,0.0,590.0,0.0,4500.0,68000.0,51000.0,409.0,0.0,640.0,0.0,3920.0,11.0,10.0,0.0,100.0,900.0,3200.0,140.0,50.0,410.0,0,0,0,4667,1400,12,0,4677,4677
3534708,3504,Marília,0.0,0.0,0.0,0.0,0.0,0.0,30.0,16650.0,0.0,0.0,0.0,2.0,3000.0,4000.0,0.0,2.0,0.0,0.0,0.0,0.0,0.0,0.0,0.0,0.0,37.0,1332000.0,0.0,0.0,0.0,50.0,17700.0,14400.0,0.0,110.0,0.0,0.0,6400.0,2.0,95.0,0.0,320.0,157590.0,208940.0,160.0,550.0,1600.0,0,0,0,102868,0,0,0,103970,103970
3520905,3504,Marília,0.0,0.0,0.0,6.0,0.0,0.0,12.0,16840.0,0.0,0.0,0.0,8.0,1000.0,1300.0,25.0,0.0,50.0,0.0,0.0,0.0,0.0,120.0,0.0,0.0,18.0,1312897.0,0.0,0.0,0.0,170.0,4800.0,4700.0,62.0,0.0,124.0,0.0,4500.0,130.0,20.0,0.0,200.0,1200.0,3000.0,120.0,200.0,950.0,0,0,0,13326,960,49,0,13712,13712
3519501,3504,Marília,0.0,0.0,0.0,0.0,0.0,0.0,0.0,8500.0,0.0,0.0,0.0,1000.0,8500.0,11000.0,2000.0,0.0,500.0,0.0,0.0,0.0,0.0,0.0,0.0,0.0,0.0,722500.0,0.0,0.0,0.0,30000.0,46750.0,38500.0,6000.0,0.0,1500.0,0.0,3700.0,0.0,11.0,0.0,160.0,300.0,2300.0,480.0,125.0,766.0,0,1876,0,5839,0,64,0,6385,6385
3515194,3504,Marília,0.0,0.0,0.0,0.0,0.0,0.0,0.0,2500.0,0.0,0.0,2700.0,70.0,750.0,2800.0,72.0,1.0,150.0,0.0,0.0,0.0,0.0,0.0,0.0,0.0,0.0,200000.0,0.0,0.0,129600.0,1750.0,2709.0,8680.0,107.0,80.0,74.0,0.0,15200.0,0.0,12.0,0.0,200.0,1050.0,3600.0,180.0,95.0,500.0,8180,820,9000,4095,550,20,0,4157,4157
3510153,3504,Marília,0.0,0.0,0.0,0.0,0.0,0.0,0.0,2600.0,0.0,0.0,0.0,0.0,1000.0,1500.0,0.0,0.0,370.0,0.0,0.0,0.0,0.0,0.0,0.0,0.0,0.0,208000.0,0.0,0.0,0.0,0.0,5400.0,5840.0,0.0,0.0,1009.0,0.0,1400.0,0.0,0.0,0.0,30.0,100.0,1000.0,0.0,9.0,70.0,0,0,0,0,0,0,0,6283,6283
3506300,3504,Marília,0.0,0.0,0.0,0.0,0.0,0.0,50.0,4700.0,0.0,150.0,0.0,0.0,3800.0,5500.0,300.0,0.0,375.0,0.0,0.0,0.0,0.0,0.0,0.0,0.0,90.0,376000.0,0.0,405.0,0.0,0.0,17640.0,18333.0,1080.0,0.0,945.0,0.0,7617.0,0.0,80.0,0.0,200.0,1000.0,3500.0,130.0,220.0,1600.0,0,0,0,11607,0,0,0,11607,11607
3555000,3504,Marília,0.0,7500.0,0.0,0.0,0.0,0.0,140.0,10000.0,0.0,0.0,0.0,3600.0,1900.0,2000.0,0.0,20.0,0.0,0.0,0.0,33750.0,0.0,0.0,0.0,0.0,154.0,750000.0,0.0,0.0,0.0,81000.0,8550.0,6000.0,0.0,1150.0,0.0,0.0,50602.0,31.0,78.0,0.0,890.0,3039735.0,3740050.0,910.0,522.0,2505.0,0,0,0,60391,0,600,0,63928,63928
3543808,3504,Marília,0.0,2000.0,0.0,0.0,0.0,0.0,100.0,3900.0,0.0,0.0,0.0,520.0,400.0,1000.0,0.0,0.0,0.0,0.0,0.0,8500.0,0.0,0.0,0.0,0.0,90.0,292500.0,0.0,0.0,0.0,13000.0,1800.0,3200.0,0.0,0.0,0.0,0.0,41037.0,34.0,10.0,450000.0,600.0,1787280.0,1940500.0,270.0,60.0,125.0,0,0,0,8041,0,0,0,9259,9259
3541802,3504,Marília,0.0,500.0,0.0,60.0,100.0,0.0,0.0,9645.0,0.0,0.0,0.0,300.0,0.0,300.0,0.0,0.0,0.0,0.0,0.0,2250.0,0.0,1200.0,2500.0,0.0,0.0,759062.0,0.0,0.0,0.0,6750.0,0.0,990.0,0.0,0.0,0.0,0.0,9797.0,1056.0,10.0,0.0,250.0,1940000.0,2177550.0,320.0,35.0,52.0,0,0,0,0,0,0,0,3265,3265
3536000,3504,Marília,0.0,2500.0,0.0,120.0,0.0,0.0,1200.0,9450.0,0.0,0.0,0.0,1600.0,500.0,1500.0,0.0,0.0,0.0,0.0,0.0,11250.0,0.0,2100.0,0.0,0.0,1524.0,817425.0,0.0,0.0,0.0,37625.0,2250.0,5250.0,0.0,0.0,0.0,0.0,30239.0,0.0,48.0,200000.0,530.0,1229621.0,1541198.0,815.0,98.0,115.0,0,0,0,104,215,200,0,10580,10580
3519204,3504,Marília,0.0,3000.0,0.0,15.0,0.0,0.0,40.0,3650.0,0.0,0.0,10.0,2500.0,500.0,0.0,0.0,0.0,0.0,0.0,0.0,13500.0,0.0,480.0,0.0,0.0,48.0,315725.0,0.0,0.0,255.0,59725.0,2175.0,0.0,0.0,0.0,0.0,0.0,26635.0,0.0,15.0,50000.0,370.0,1135975.0,1306655.0,190.0,40.0,90.0,0,0,0,4834,0,17,0,6131,6131
3519006,3504,Marília,0.0,6000.0,0.0,0.0,0.0,0.0,130.0,10100.0,0.0,0.0,0.0,810.0,250.0,600.0,0.0,0.0,0.0,0.0,0.0,27000.0,0.0,0.0,0.0,0.0,193.0,757500.0,0.0,0.0,0.0,20255.0,1125.0,1800.0,0.0,0.0,0.0,0.0,32986.0,283.0,30.0,0.0,510.0,120680.0,137860.0,480.0,115.0,330.0,0,0,0,8297,1600,10,0,9125,9125
3505807,3504,Marília,0.0,0.0,0.0,0.0,0.0,0.0,0.0,1295.0,0.0,0.0,20.0,0.0,65.0,0.0,0.0,0.0,0.0,0.0,0.0,0.0,0.0,0.0,0.0,0.0,0.0,106838.0,0.0,0.0,450.0,0.0,228.0,0.0,0.0,0.0,0.0,0.0,19623.0,0.0,20.0,210000.0,250.0,10475500.0,12550420.0,45.0,20.0,30.0,0,0,0,18045,713,75,0,21503,21503
3503356,3504,Marília,0.0,3200.0,0.0,0.0,0.0,0.0,6.0,1289.0,0.0,0.0,0.0,4505.0,250.0,0.0,0.0,0.0,0.0,0.0,0.0,14400.0,0.0,0.0,0.0,0.0,7.0,91068.0,0.0,0.0,0.0,112628.0,1125.0,0.0,0.0,0.0,0.0,0.0,20776.0,110.0,15.0,0.0,300.0,170.0,530.0,440.0,65.0,110.0,0,0,3500,1165,0,5,0,2044,2044
3554607,3504,Marília,0.0,0.0,0.0,0.0,0.0,0.0,735.0,100.0,0.0,50.0,0.0,0.0,900.0,2150.0,1000.0,0.0,0.0,0.0,0.0,0.0,0.0,0.0,0.0,0.0,1061.0,7500.0,0.0,180.0,0.0,0.0,3300.0,7809.0,5000.0,0.0,0.0,0.0,10967.0,78.0,19.0,0.0,185.0,840.0,3000.0,160.0,160.0,1400.0,0,0,6470,2242,450,10,0,2464,2464
3554201,3504,Marília,0.0,0.0,0.0,0.0,0.0,0.0,4300.0,0.0,0.0,0.0,0.0,0.0,4950.0,4450.0,0.0,0.0,30.0,0.0,0.0,0.0,0.0,0.0,0.0,0.0,13975.0,0.0,0.0,0.0,0.0,0.0,23950.0,16020.0,0.0,0.0,108.0,0.0,11612.0,0.0,40.0,0.0,300.0,1800.0,4000.0,280.0,48.0,620.0,0,0,0,30,4200,15,0,4127,4127
3551207,3504,Marília,0.0,0.0,0.0,0.0,0.0,0.0,1700.0,1000.0,0.0,0.0,0.0,0.0,1300.0,2400.0,100.0,0.0,1400.0,0.0,0.0,0.0,0.0,0.0,0.0,0.0,3060.0,90000.0,0.0,0.0,0.0,0.0,8174.0,11760.0,300.0,0.0,5544.0,0.0,3843.0,0.0,33.0,0.0,240.0,11450.0,31000.0,5.0,130.0,800.0,0,0,7745,3031,800,0,0,3704,3704
3538808,3504,Marília,0.0,0.0,0.0,20.0,0.0,0.0,1300.0,4000.0,0.0,500.0,250.0,0.0,5900.0,14000.0,2000.0,0.0,1000.0,0.0,0.0,0.0,0.0,600.0,0.0,0.0,2340.0,320000.0,0.0,1500.0,8160.0,0.0,42600.0,58576.0,12000.0,0.0,3300.0,0.0,23840.0,38.0,145.0,0.0,670.0,2000.0,7200.0,330.0,180.0,1750.0,0,0,0,29027,9898,167,0,29436,29436
3515400,3504,Marília,0.0,0.0,0.0,36.0,0.0,0.0,2500.0,1700.0,0.0,100.0,0.0,0.0,3664.0,5176.0,300.0,0.0,0.0,0.0,0.0,0.0,0.0,720.0,0.0,0.0,4500.0,119000.0,0.0,300.0,0.0,0.0,14225.0,15791.0,1080.0,0.0,0.0,0.0,42361.0,558.0,35.0,0.0,1100.0,1400.0,6500.0,400.0,2100.0,31500.0,0,7760,0,160,9160,73,0,16641,16641
3554300,3505,Presidente Prudente,0.0,823.0,0.0,0.0,0.0,0.0,50.0,36114.0,0.0,0.0,0.0,1314.0,1202.0,1000.0,0.0,0.0,0.0,0.0,0.0,870.0,0.0,0.0,0.0,0.0,20.0,2347410.0,0.0,0.0,0.0,29457.0,2930.0,2000.0,0.0,0.0,0.0,0.0,78595.0,0.0,275.0,0.0,912.0,5915.0,14800.0,1150.0,230.0,1328.0,0,0,0,1804,0,28,0,22173,22173
3553906,3505,Presidente Prudente,0.0,0.0,0.0,0.0,90.0,0.0,0.0,3200.0,0.0,0.0,0.0,50.0,130.0,100.0,0.0,0.0,0.0,0.0,0.0,0.0,0.0,0.0,1708.0,0.0,0.0,255850.0,0.0,0.0,0.0,1340.0,448.0,291.0,0.0,0.0,0.0,0.0,21272.0,2.0,63.0,0.0,480.0,64300.0,81100.0,360.0,130.0,480.0,0,0,0,6042,1250,22,0,6536,6536
3552908,3505,Presidente Prudente,0.0,130.0,0.0,0.0,15.0,0.0,0.0,17500.0,0.0,0.0,0.0,0.0,9000.0,9000.0,0.0,0.0,0.0,0.0,0.0,365.0,0.0,0.0,205.0,0.0,0.0,1423302.0,0.0,0.0,0.0,0.0,25390.0,27419.0,0.0,0.0,0.0,0.0,25772.0,178.0,105.0,0.0,722.0,3600.0,8950.0,2080.0,55.0,275.0,0,0,0,5301,2190,0,0,6260,6260
3548302,3505,Presidente Prudente,0.0,0.0,0.0,0.0,130.0,0.0,0.0,1100.0,0.0,0.0,0.0,0.0,70.0,0.0,0.0,0.0,0.0,0.0,0.0,0.0,0.0,0.0,2180.0,0.0,0.0,76525.0,0.0,0.0,0.0,0.0,370.0,0.0,0.0,0.0,0.0,0.0,13091.0,12.0,55.0,0.0,205.0,2300.0,5500.0,100.0,82.0,250.0,0,0,9212,292,1072,13,0,3000,3000
3547700,3505,Presidente Prudente,0.0,0.0,0.0,0.0,72.0,0.0,0.0,1000.0,0.0,0.0,0.0,2.0,1825.0,3800.0,0.0,0.0,0.0,0.0,0.0,0.0,0.0,0.0,1440.0,0.0,0.0,70000.0,0.0,0.0,0.0,45.0,6900.0,6000.0,0.0,0.0,0.0,0.0,82481.0,16.0,104.0,0.0,1176.0,3050.0,7800.0,880.0,358.0,890.0,0,7500,0,16657,5504,0,0,17963,17963
3545506,3505,Presidente Prudente,0.0,0.0,0.0,3.0,0.0,0.0,0.0,33680.0,0.0,0.0,0.0,200.0,700.0,1100.0,0.0,0.0,0.0,0.0,0.0,0.0,0.0,58.0,0.0,0.0,0.0,2640252.0,0.0,0.0,0.0,4950.0,3055.0,2533.0,0.0,0.0,0.0,0.0,21812.0,123.0,42.0,0.0,665.0,1680.0,6300.0,410.0,98.0,370.0,0,0,4870,2552,50,22,0,3645,3645
3544251,3505,Presidente Prudente,200.0,1500.0,0.0,1.0,0.0,0.0,10.0,0.0,0.0,0.0,0.0,1502.0,3600.0,4200.0,0.0,0.0,0.0,0.0,450.0,1500.0,0.0,15.0,0.0,0.0,10.0,0.0,0.0,0.0,0.0,37515.0,22800.0,11500.0,0.0,0.0,0.0,0.0,62687.0,0.0,210.0,0.0,908.0,5068.0,13200.0,938.0,130.0,1100.0,0,0,0,13882,0,1500,0,17440,17440
3543238,3505,Presidente Prudente,0.0,1120.0,0.0,0.0,10.0,0.0,0.0,2030.0,0.0,0.0,0.0,5.0,0.0,1020.0,0.0,0.0,0.0,0.0,0.0,3360.0,0.0,0.0,120.0,0.0,0.0,142100.0,0.0,0.0,0.0,100.0,0.0,3121.0,0.0,0.0,0.0,0.0,24150.0,0.0,138.0,0.0,293.0,1200.0,5400.0,230.0,236.0,1075.0,0,0,0,0,0,0,0,2025,2025
3542404,3505,Presidente Prudente,0.0,900.0,0.0,10.0,340.0,0.0,80.0,4000.0,0.0,0.0,0.0,410.0,570.0,1500.0,0.0,0.0,0.0,0.0,0.0,2980.0,0.0,125.0,8750.0,0.0,88.0,322565.0,0.0,0.0,0.0,10865.0,1779.0,3455.0,0.0,0.0,0.0,0.0,28799.0,279.0,70.0,0.0,775.0,675800.0,840750.0,70.0,88.0,420.0,0,0,0,18577,2500,113,0,20145,20145
3542206,3505,Presidente Prudente,0.0,10500.0,0.0,0.0,80.0,0.0,0.0,64200.0,0.0,0.0,0.0,875.0,18700.0,21200.0,160.0,12.0,0.0,1.0,0.0,35268.0,0.0,0.0,1590.0,0.0,0.0,4595688.0,0.0,0.0,0.0,20752.0,66294.0,62588.0,540.0,588.0,0.0,9.0,94950.0,32.0,38.0,0.0,1015.0,1265225.0,1547300.0,530.0,260.0,750.0,0,0,0,25617,6720,59,0,28588,28588
3541703,3505,Presidente Prudente,0.0,500.0,0.0,0.0,150.0,0.0,76.0,27000.0,0.0,0.0,30.0,613.0,600.0,3000.0,0.0,0.0,0.0,0.0,0.0,1740.0,0.0,0.0,2750.0,0.0,75.0,1885000.0,0.0,0.0,705.0,13730.0,1865.0,8640.0,0.0,0.0,0.0,0.0,25464.0,0.0,0.0,0.0,455.0,1056095.0,1357100.0,95.0,90.0,415.0,0,0,0,12849,0,0,0,13163,13163
3541406,3505,Presidente Prudente,0.0,0.0,0.0,0.0,835.0,0.0,0.0,5200.0,0.0,0.0,0.0,50.0,230.0,0.0,0.0,0.0,0.0,0.0,0.0,0.0,0.0,0.0,10234.0,0.0,0.0,414520.0,0.0,0.0,0.0,1154.0,755.0,0.0,0.0,0.0,0.0,0.0,62339.0,88.0,140.0,0.0,3030.0,6442.0,13000.0,895.0,372.0,1115.0,0,0,0,225668,0,0,0,225668,225668
3541208,3505,Presidente Prudente,0.0,0.0,0.0,0.0,300.0,0.0,0.0,1820.0,0.0,0.0,0.0,40.0,2485.0,2650.0,0.0,0.0,0.0,0.0,0.0,0.0,0.0,0.0,4653.0,0.0,0.0,135650.0,0.0,0.0,0.0,788.0,12375.0,7312.0,0.0,0.0,0.0,0.0,143093.0,65.0,360.0,0.0,1920.0,14390.0,23740.0,1100.0,292.0,2400.0,0,3000,0,1112,3000,0,0,14490,14490
3539202,3505,Presidente Prudente,0.0,5.0,0.0,12.0,490.0,0.0,30.0,10500.0,0.0,0.0,0.0,30.0,415.0,750.0,0.0,0.0,0.0,0.0,0.0,16.0,0.0,170.0,7576.0,0.0,31.0,838500.0,0.0,0.0,0.0,575.0,1428.0,1925.0,0.0,0.0,0.0,0.0,30135.0,327.0,72.0,0.0,1250.0,13400.0,15500.0,940.0,272.0,1730.0,0,0,0,2411,8400,0,0,25348,25348
3532207,3505,Presidente Prudente,0.0,0.0,0.0,1.0,0.0,0.0,0.0,17550.0,0.0,0.0,0.0,103.0,380.0,140.0,0.0,0.0,0.0,5.0,0.0,0.0,0.0,22.0,0.0,0.0,0.0,1435833.0,0.0,0.0,0.0,1670.0,1800.0,417.0,0.0,0.0,0.0,58.0,6775.0,13.0,105.0,0.0,930.0,3520.0,8985.0,325.0,185.0,850.0,9300,180,9480,413,1200,10,0,5713,5713
3532157,3505,Presidente Prudente,0.0,280.0,0.0,0.0,0.0,0.0,210.0,6000.0,0.0,0.0,0.0,35.0,8500.0,8000.0,0.0,0.0,0.0,0.0,0.0,880.0,0.0,0.0,0.0,0.0,250.0,474851.0,0.0,0.0,0.0,994.0,24080.0,24545.0,0.0,0.0,0.0,0.0,7364.0,0.0,20.0,0.0,205.0,730.0,2250.0,102.0,85.0,150.0,0,0,0,2359,0,5,0,2660,2660
3530201,3505,Presidente Prudente,0.0,110.0,0.0,0.0,4.0,0.0,0.0,20000.0,0.0,0.0,0.0,510.0,4000.0,3000.0,0.0,1.0,0.0,0.0,0.0,319.0,0.0,0.0,38.0,0.0,0.0,1500000.0,0.0,0.0,0.0,15100.0,32400.0,9000.0,0.0,42.0,0.0,0.0,135475.0,148.0,360.0,0.0,1678.0,7750.0,18818.0,1683.0,510.0,3100.0,0,0,0,9116,1200,60,0,15917,15917
3529203,3505,Presidente Prudente,900.0,4000.0,0.0,0.0,130.0,0.0,160.0,37000.0,0.0,0.0,0.0,2800.0,3500.0,3600.0,0.0,0.0,0.0,0.0,2240.0,13289.0,0.0,0.0,2028.0,0.0,205.0,3120448.0,0.0,0.0,0.0,58956.0,13933.0,10688.0,0.0,0.0,0.0,0.0,83950.0,85.0,105.0,0.0,2790.0,4315.0,8575.0,512.0,185.0,1550.0,0,0,0,24881,6180,42,0,24881,24881
3525607,3505,Presidente Prudente,0.0,1650.0,0.0,0.0,150.0,0.0,0.0,16200.0,0.0,0.0,0.0,410.0,140.0,3220.0,0.0,0.0,0.0,0.0,0.0,5220.0,0.0,0.0,2238.0,0.0,0.0,996529.0,0.0,0.0,0.0,8620.0,497.0,7505.0,0.0,0.0,0.0,0.0,18109.0,0.0,33.0,0.0,375.0,654930.0,670460.0,200.0,138.0,742.0,6263,128,6391,423,0,13,0,4371,4371
3520608,3505,Presidente Prudente,0.0,100.0,0.0,19.0,165.0,0.0,0.0,77.0,0.0,0.0,13.0,180.0,120.0,120.0,0.0,0.0,0.0,4.0,0.0,344.0,0.0,327.0,2490.0,0.0,0.0,5298.0,0.0,0.0,277.0,3173.0,400.0,420.0,0.0,0.0,0.0,68.0,15945.0,15.0,52.0,0.0,490.0,4875.0,8150.0,380.0,118.0,790.0,0,0,0,50,0,0,0,5090,5090
3519907,3505,Presidente Prudente,0.0,900.0,0.0,0.0,0.0,0.0,0.0,19200.0,0.0,0.0,0.0,82.0,9540.0,12030.0,350.0,0.0,0.0,0.0,0.0,3100.0,0.0,0.0,0.0,0.0,0.0,1385000.0,0.0,0.0,0.0,1476.0,46316.0,39941.0,1515.0,0.0,0.0,0.0,14511.0,0.0,0.0,0.0,350.0,2320.0,3050.0,198.0,480.0,2100.0,0,0,0,74,0,41,0,7619,7619
3515350,3505,Presidente Prudente,0.0,0.0,0.0,0.0,0.0,0.0,0.0,4094.0,0.0,0.0,0.0,110.0,800.0,700.0,0.0,0.0,0.0,0.0,0.0,0.0,0.0,0.0,0.0,0.0,0.0,286326.0,0.0,0.0,0.0,2800.0,2969.0,2500.0,0.0,0.0,0.0,0.0,55746.0,0.0,205.0,0.0,838.0,4320.0,12000.0,1242.0,130.0,1075.0,0,0,0,0,0,0,0,7924,7924
3515301,3505,Presidente Prudente,0.0,0.0,0.0,0.0,0.0,0.0,0.0,4900.0,0.0,0.0,0.0,220.0,100.0,100.0,0.0,0.0,0.0,0.0,0.0,0.0,0.0,0.0,0.0,0.0,0.0,408319.0,0.0,0.0,0.0,4152.0,347.0,245.0,0.0,0.0,0.0,0.0,12208.0,0.0,115.0,0.0,675.0,3500.0,8750.0,225.0,72.0,385.0,0,0,3930,205,300,10,0,2703,2703
3515129,3505,Presidente Prudente,0.0,200.0,0.0,0.0,300.0,0.0,0.0,4100.0,0.0,0.0,0.0,0.0,480.0,1340.0,0.0,0.0,0.0,0.0,0.0,685.0,0.0,0.0,4994.0,0.0,0.0,402577.0,0.0,0.0,0.0,0.0,2260.0,3560.0,0.0,0.0,0.0,0.0,26100.0,0.0,48.0,0.0,400.0,2105.0,6910.0,340.0,26.0,185.0,0,0,2200,2482,800,0,0,3014,3014
3508900,3505,Presidente Prudente,0.0,5.0,0.0,2.0,90.0,0.0,0.0,5950.0,0.0,0.0,0.0,0.0,600.0,0.0,0.0,5.0,0.0,0.0,0.0,15.0,0.0,25.0,1814.0,0.0,0.0,444870.0,0.0,0.0,0.0,0.0,2240.0,0.0,0.0,220.0,0.0,0.0,22412.0,9.0,0.0,0.0,515.0,2315.0,7750.0,150.0,95.0,290.0,4800,830,5630,3022,0,0,0,3712,3712
3502408,3505,Presidente Prudente,0.0,180.0,0.0,0.0,430.0,0.0,108.0,8700.0,0.0,20.0,0.0,0.0,890.0,615.0,0.0,50.0,0.0,0.0,0.0,580.0,0.0,0.0,6430.0,0.0,120.0,648000.0,0.0,38.0,0.0,0.0,4180.0,1448.0,0.0,2250.0,0.0,0.0,26925.0,49.0,56.0,0.0,490.0,4110.0,12100.0,200.0,102.0,680.0,0,0,9973,3414,1250,20,0,4023,4023
3501301,3505,Presidente Prudente,0.0,35.0,0.0,33.0,410.0,0.0,0.0,800.0,0.0,35.0,0.0,110.0,400.0,60.0,0.0,80.0,0.0,2.0,0.0,115.0,0.0,665.0,6450.0,0.0,0.0,78893.0,0.0,85.0,0.0,2205.0,2325.0,176.0,0.0,3160.0,0.0,24.0,52647.0,225.0,95.0,0.0,1255.0,3250.0,7300.0,595.0,455.0,1750.0,0,2400,0,27255,4514,153,0,27255,27255
3500808,3505,Presidente Prudente,0.0,0.0,0.0,0.0,270.0,0.0,0.0,0.0,0.0,15.0,0.0,50.0,170.0,0.0,0.0,0.0,0.0,3.0,0.0,0.0,0.0,0.0,4650.0,0.0,0.0,0.0,0.0,19.0,0.0,820.0,490.0,0.0,0.0,0.0,0.0,65.0,24739.0,67.0,38.0,0.0,615.0,1515.0,2050.0,395.0,200.0,445.0,0,0,0,3929,3840,0,0,4445,4445
3545100,3505,Presidente Prudente,0.0,600.0,0.0,12.0,70.0,0.0,100.0,4680.0,0.0,0.0,0.0,270.0,320.0,250.0,0.0,0.0,0.0,0.0,0.0,2032.0,0.0,216.0,1359.0,0.0,134.0,375093.0,0.0,0.0,0.0,4851.0,1499.0,601.0,0.0,0.0,0.0,0.0,13950.0,25.0,20.0,0.0,230.0,690.0,1700.0,100.0,40.0,183.0,0,0,0,47,0,10,0,4808,4808
3544707,3505,Presidente Prudente,0.0,65.0,0.0,5.0,45.0,0.0,90.0,3600.0,0.0,0.0,0.0,97.0,25.0,90.0,0.0,0.0,0.0,0.0,0.0,91.0,0.0,100.0,90.0,0.0,148.0,253332.0,0.0,0.0,0.0,1500.0,82.0,216.0,0.0,0.0,0.0,0.0,12100.0,0.0,27.0,0.0,150.0,1100.0,1500.0,168.0,26.0,235.0,3480,120,3600,1843,120,14,0,2474,2474
3540853,3505,Presidente Prudente,0.0,0.0,0.0,1.0,0.0,0.0,0.0,750.0,0.0,0.0,0.0,80.0,25.0,170.0,0.0,0.0,0.0,0.0,0.0,0.0,0.0,22.0,0.0,0.0,0.0,52500.0,0.0,0.0,0.0,2379.0,132.0,352.0,0.0,0.0,0.0,0.0,7235.0,91.0,10.0,0.0,125.0,935.0,1280.0,113.0,25.0,135.0,3500,620,4120,1236,0,18,0,2578,2578
3534906,3505,Presidente Prudente,0.0,700.0,0.0,20.0,30.0,0.0,206.0,6500.0,0.0,120.0,2.0,30.0,500.0,250.0,0.0,3.0,0.0,0.0,0.0,2607.0,0.0,445.0,511.0,0.0,390.0,455000.0,0.0,139.0,48.0,721.0,1858.0,631.0,0.0,255.0,0.0,0.0,42978.0,12.0,28.0,0.0,467.0,2550.0,36200.0,415.0,93.0,590.0,0,0,0,12182,1140,167,0,14877,14877
3534609,3505,Presidente Prudente,0.0,0.0,0.0,60.0,15.0,0.0,1300.0,2850.0,0.0,10.0,0.0,10.0,350.0,200.0,0.0,0.0,0.0,3.0,0.0,0.0,0.0,1200.0,225.0,0.0,1387.0,199500.0,0.0,11.0,0.0,204.0,1412.0,434.0,0.0,0.0,0.0,52.0,30745.0,0.0,120.0,0.0,380.0,228500.0,285850.0,332.0,88.0,497.0,0,0,0,28056,7270,0,0,31272,31272
3528908,3505,Presidente Prudente,0.0,100.0,0.0,20.0,100.0,0.0,80.0,810.0,0.0,200.0,0.0,60.0,100.0,50.0,0.0,80.0,0.0,0.0,0.0,230.0,0.0,475.0,1516.0,0.0,165.0,56700.0,0.0,238.0,0.0,1294.0,420.0,97.0,0.0,6508.0,0.0,0.0,31852.0,8.0,18.0,0.0,864.0,1345.0,6500.0,277.0,62.0,475.0,0,0,0,325,0,24,0,3513,3513
3527405,3505,Presidente Prudente,0.0,50.0,0.0,2.0,0.0,0.0,78.0,7900.0,0.0,0.0,0.0,17.0,80.0,1000.0,0.0,0.0,0.0,0.0,0.0,148.0,0.0,40.0,0.0,0.0,66.0,546854.0,0.0,0.0,0.0,431.0,391.0,1533.0,0.0,0.0,0.0,0.0,32430.0,38.0,68.0,0.0,440.0,187350.0,255290.0,430.0,48.0,365.0,0,0,0,180,1600,0,0,20061,20061
3520806,3505,Presidente Prudente,0.0,0.0,0.0,0.0,0.0,0.0,30.0,2400.0,0.0,0.0,0.0,0.0,2.0,200.0,0.0,0.0,0.0,0.0,0.0,0.0,0.0,0.0,0.0,0.0,34.0,174578.0,0.0,0.0,0.0,0.0,6.0,493.0,0.0,0.0,0.0,0.0,10128.0,25.0,6.0,0.0,250.0,940.0,1580.0,153.0,15.0,90.0,3610,6000,9610,3567,1610,24,0,3615,3615
3516002,3505,Presidente Prudente,60.0,300.0,0.0,15.0,100.0,0.0,100.0,18100.0,0.0,50.0,0.0,10.0,700.0,300.0,0.0,2.0,0.0,0.0,140.0,1040.0,0.0,304.0,1836.0,0.0,120.0,1267000.0,0.0,75.0,0.0,152.0,2704.0,643.0,0.0,103.0,0.0,0.0,47865.0,14.0,139.0,0.0,450.0,86650.0,106840.0,470.0,58.0,470.0,0,0,0,12958,545,26,0,12958,12958
3500105,3505,Presidente Prudente,0.0,200.0,0.0,72.0,0.0,0.0,525.0,11349.0,0.0,0.0,0.0,10.0,200.0,500.0,0.0,7.0,0.0,2.0,0.0,516.0,0.0,1306.0,0.0,0.0,577.0,807039.0,0.0,0.0,0.0,161.0,879.0,978.0,0.0,600.0,0.0,36.0,41150.0,190.0,210.0,0.0,700.0,25130.0,33450.0,1360.0,150.0,1220.0,0,0,0,33797,0,1304,0,34687,34687
3555109,3505,Presidente Prudente,0.0,500.0,0.0,20.0,27.0,0.0,40.0,9000.0,0.0,0.0,0.0,24.0,30.0,200.0,115.0,6.0,0.0,128.0,0.0,1550.0,0.0,598.0,660.0,0.0,48.0,720000.0,0.0,0.0,0.0,456.0,135.0,600.0,345.0,300.0,0.0,2475.0,14500.0,0.0,68.0,0.0,300.0,2600.0,21500.0,500.0,490.0,4300.0,0,0,0,12439,6500,40,0,15854,15854
3549300,3505,Presidente Prudente,0.0,90.0,0.0,0.0,0.0,0.0,1.0,4440.0,0.0,0.0,0.0,2.0,0.0,0.0,0.0,0.0,0.0,0.0,0.0,281.0,0.0,0.0,0.0,0.0,1.0,364080.0,0.0,0.0,0.0,38.0,0.0,0.0,0.0,0.0,0.0,0.0,3200.0,0.0,0.0,0.0,150.0,5650.0,7600.0,90.0,56.0,440.0,0,0,9500,1805,400,0,0,2242,2242
3547106,3505,Presidente Prudente,0.0,0.0,0.0,3.0,0.0,0.0,0.0,6900.0,0.0,1.0,0.0,18.0,0.0,370.0,0.0,0.0,0.0,1.0,0.0,0.0,0.0,71.0,0.0,0.0,0.0,552000.0,0.0,1.0,0.0,358.0,0.0,1110.0,0.0,0.0,0.0,20.0,9000.0,0.0,98.0,0.0,190.0,740.0,1580.0,108.0,35.0,165.0,0,0,6010,2602,520,0,0,2956,2956
3536406,3505,Presidente Prudente,0.0,200.0,0.0,0.0,0.0,0.0,0.0,11900.0,0.0,6.0,2.0,20.0,30.0,400.0,0.0,0.0,0.0,0.0,0.0,625.0,0.0,0.0,0.0,0.0,0.0,940100.0,0.0,6.0,40.0,400.0,126.0,1200.0,0.0,0.0,0.0,0.0,12500.0,20.0,19.0,0.0,430.0,1500.0,3700.0,400.0,60.0,350.0,0,0,0,6604,400,40,0,7955,7955
3535408,3505,Presidente Prudente,0.0,1100.0,0.0,0.0,0.0,0.0,0.0,8600.0,0.0,0.0,0.0,0.0,25.0,0.0,0.0,0.0,0.0,0.0,0.0,3630.0,0.0,0.0,0.0,0.0,0.0,645000.0,0.0,0.0,0.0,0.0,100.0,0.0,0.0,0.0,0.0,0.0,14200.0,20.0,90.0,0.0,300.0,810.0,1500.0,400.0,34.0,370.0,0,0,0,14514,4000,0,0,14964,14964
3534807,3505,Presidente Prudente,0.0,700.0,0.0,0.0,0.0,0.0,30.0,9500.0,0.0,0.0,2.0,3.0,30.0,50.0,0.0,0.0,0.0,0.0,0.0,2450.0,0.0,0.0,0.0,0.0,33.0,779000.0,0.0,0.0,40.0,60.0,108.0,140.0,0.0,0.0,0.0,0.0,17000.0,0.0,65.0,0.0,260.0,600.0,1780.0,280.0,70.0,220.0,0,0,0,7766,473,36,0,7779,7779
3533106,3505,Presidente Prudente,0.0,3.0,0.0,0.0,0.0,0.0,2.0,1060.0,0.0,0.0,0.0,2.0,30.0,0.0,0.0,0.0,0.0,0.0,0.0,7.0,0.0,0.0,0.0,0.0,2.0,85860.0,0.0,0.0,0.0,41.0,120.0,0.0,0.0,0.0,0.0,0.0,3800.0,0.0,16.0,0.0,70.0,400.0,1500.0,160.0,54.0,300.0,0,0,6290,2151,890,0,0,2156,2156
3531605,3505,Presidente Prudente,0.0,200.0,0.0,0.0,0.0,0.0,0.0,7800.0,0.0,0.0,0.0,0.0,50.0,220.0,0.0,2.0,0.0,0.0,0.0,620.0,0.0,0.0,0.0,0.0,0.0,624000.0,0.0,0.0,0.0,0.0,225.0,660.0,0.0,100.0,0.0,0.0,11420.0,0.0,17.0,0.0,180.0,18900.0,21500.0,200.0,75.0,270.0,0,0,0,0,0,0,0,4222,4222
3526001,3505,Presidente Prudente,0.0,2000.0,0.0,30.0,10.0,0.0,10.0,20900.0,0.0,50.0,0.0,35.0,300.0,410.0,0.0,0.0,0.0,8.0,0.0,6200.0,0.0,900.0,120.0,0.0,10.0,1713800.0,0.0,50.0,0.0,650.0,1020.0,1230.0,0.0,0.0,0.0,112.0,33000.0,100.0,100.0,0.0,500.0,5000.0,6900.0,150.0,170.0,650.0,0,0,0,16771,9000,280,0,20448,20448
3521606,3505,Presidente Prudente,0.0,0.0,0.0,42.0,0.0,0.0,400.0,4500.0,0.0,20.0,8.0,10.0,130.0,300.0,0.0,0.0,0.0,5.0,0.0,0.0,0.0,815.0,0.0,0.0,389.0,315000.0,0.0,37.0,261.0,172.0,594.0,666.0,0.0,0.0,0.0,77.0,21785.0,15.0,45.0,54500.0,258.0,620.0,62840.0,410.0,84.0,285.0,0,0,0,6928,1470,81,0,7085,7085
3515806,3505,Presidente Prudente,0.0,200.0,0.0,1.0,50.0,0.0,0.0,4200.0,0.0,0.0,1.0,4.0,500.0,600.0,0.0,0.0,0.0,0.0,0.0,600.0,0.0,20.0,950.0,0.0,0.0,302555.0,0.0,0.0,26.0,95.0,2999.0,1440.0,0.0,0.0,0.0,0.0,21270.0,30.0,17.0,0.0,235.0,320.0,580.0,250.0,15.0,100.0,0,0,3600,1485,0,10,0,1487,1487
3514403,3505,Presidente Prudente,14.0,1000.0,0.0,0.0,10.0,0.0,60.0,13100.0,0.0,3.0,0.0,60.0,250.0,500.0,75.0,1.0,0.0,1.0,32.0,3100.0,0.0,0.0,100.0,0.0,54.0,1048000.0,0.0,5.0,0.0,1100.0,1125.0,1500.0,225.0,50.0,0.0,20.0,27000.0,25.0,55.0,0.0,630.0,4300.0,5500.0,650.0,210.0,850.0,0,0,0,41784,0,0,0,45474,45474
3541505,3505,Presidente Prudente,0.0,1500.0,0.0,15.0,0.0,0.0,0.0,3000.0,0.0,0.0,8.0,52.0,400.0,0.0,0.0,0.0,0.0,0.0,0.0,2400.0,0.0,300.0,0.0,0.0,0.0,210000.0,0.0,0.0,100.0,790.0,3600.0,0.0,0.0,0.0,0.0,0.0,103352.0,0.0,260.0,180.0,1383.0,6219.0,16750.0,1500.0,133.0,778.0,0,0,0,33525,3600,29,0,35201,35201
3541307,3505,Presidente Prudente,0.0,0.0,0.0,30.0,7.0,0.0,0.0,14431.0,0.0,150.0,100.0,1390.0,600.0,40.0,0.0,1.0,0.0,0.0,0.0,0.0,0.0,500.0,70.0,0.0,0.0,1015000.0,0.0,295.0,1300.0,46420.0,1080.0,80.0,0.0,20.0,0.0,0.0,91523.0,437.0,405.0,0.0,1699.0,5211.0,12120.0,1375.0,420.0,1595.0,0,0,0,38992,0,315,0,39505,39505
3538303,3505,Presidente Prudente,0.0,700.0,0.0,0.0,0.0,0.0,0.0,3561.0,0.0,120.0,1.0,5.0,1237.0,1089.0,0.0,0.0,0.0,0.0,0.0,2450.0,0.0,0.0,0.0,0.0,0.0,249270.0,0.0,120.0,44.0,100.0,7984.0,3202.0,0.0,0.0,0.0,0.0,67947.0,37.0,198.0,0.0,788.0,3842.0,11300.0,882.0,154.0,987.0,0,0,5280,3264,880,10,0,3264,3264
3528700,3505,Presidente Prudente,0.0,1452.0,0.0,1.0,0.0,0.0,0.0,14000.0,0.0,10.0,2.0,1100.0,600.0,1210.0,0.0,0.0,0.0,0.0,0.0,6000.0,0.0,20.0,0.0,0.0,0.0,980000.0,0.0,18.0,40.0,21750.0,3600.0,1500.0,0.0,0.0,0.0,0.0,101363.0,0.0,180.0,0.0,1189.0,6450.0,18300.0,1015.0,314.0,1680.0,0,0,1920,2017,60,8,0,4573,4573
3509106,3505,Presidente Prudente,0.0,0.0,0.0,25.0,0.0,0.0,0.0,2000.0,0.0,0.0,2.0,600.0,100.0,200.0,0.0,3.0,0.0,0.0,0.0,0.0,0.0,400.0,0.0,0.0,0.0,128000.0,0.0,0.0,50.0,12000.0,600.0,500.0,0.0,125.0,0.0,0.0,69048.0,0.0,150.0,180.0,1270.0,4050.0,11900.0,1130.0,280.0,1480.0,0,0,9720,3182,1080,40,0,5466,5466
3556305,3506,Araçatuba,0.0,150.0,0.0,8.0,0.0,0.0,0.0,59700.0,0.0,0.0,0.0,5.0,430.0,400.0,0.0,0.0,0.0,0.0,0.0,712.0,0.0,80.0,0.0,0.0,0.0,4150000.0,0.0,0.0,0.0,83.0,2580.0,1200.0,0.0,0.0,0.0,0.0,28782.0,0.0,160.0,0.0,965.0,900.0,2550.0,9400.0,285.0,680.0,0,0,0,23775,800,30,0,24241,24241
3548054,3506,Araçatuba,0.0,600.0,0.0,0.0,0.0,0.0,0.0,27924.0,0.0,0.0,1200.0,35.0,1020.0,9000.0,0.0,1.0,0.0,0.0,0.0,2700.0,0.0,0.0,0.0,0.0,0.0,1954680.0,0.0,0.0,30000.0,725.0,4656.0,21600.0,0.0,25.0,0.0,0.0,95603.0,298.0,190.0,0.0,1480.0,0.0,0.0,1400.0,590.0,1890.0,0,0,0,6516,0,0,0,8379,8379
3544400,3506,Araçatuba,218.0,0.0,0.0,0.0,0.0,0.0,0.0,10100.0,0.0,0.0,0.0,24.0,118.0,230.0,96.0,23.0,0.0,0.0,436.0,0.0,0.0,0.0,0.0,0.0,0.0,757000.0,0.0,0.0,0.0,673.0,592.0,615.0,361.0,2300.0,0.0,0.0,19490.0,0.0,90.0,0.0,880.0,4150.0,5120.0,1180.0,405.0,840.0,0,0,3840,1535,0,3,0,2700,2700
3533304,3506,Araçatuba,0.0,0.0,0.0,128.0,0.0,0.0,0.0,2320.0,0.0,0.0,0.0,1.0,167.0,213.0,0.0,0.0,0.0,0.0,0.0,0.0,0.0,2176.0,0.0,0.0,0.0,162400.0,0.0,0.0,0.0,14.0,790.0,735.0,0.0,0.0,0.0,0.0,10232.0,0.0,0.0,0.0,370.0,260.0,940.0,195.0,250.0,580.0,0,0,7271,2545,960,0,0,2837,2837
3532868,3506,Araçatuba,0.0,250.0,0.0,0.0,0.0,0.0,0.0,7200.0,0.0,0.0,1.0,0.0,400.0,900.0,100.0,0.0,0.0,0.0,0.0,600.0,0.0,0.0,0.0,0.0,0.0,504000.0,0.0,0.0,18.0,0.0,1620.0,3420.0,240.0,0.0,0.0,0.0,16087.0,0.0,38.0,0.0,285.0,955.0,93700.0,257.0,95.0,445.0,0,0,0,0,0,0,0,1062,1062
3531001,3506,Araçatuba,0.0,150.0,0.0,0.0,0.0,0.0,0.0,2000.0,0.0,0.0,24.0,0.0,80.0,600.0,100.0,0.0,0.0,0.0,0.0,372.0,0.0,0.0,0.0,0.0,0.0,143746.0,0.0,0.0,800.0,0.0,358.0,1940.0,360.0,0.0,0.0,0.0,6690.0,0.0,0.0,0.0,185.0,0.0,0.0,0.0,0.0,0.0,0,0,0,18,0,27,0,1937,1937
3528304,3506,Araçatuba,0.0,0.0,0.0,0.0,0.0,0.0,0.0,14900.0,0.0,0.0,42.0,0.0,270.0,2000.0,0.0,0.0,0.0,0.0,0.0,0.0,0.0,0.0,0.0,0.0,0.0,1117500.0,0.0,0.0,1260.0,0.0,1496.0,7200.0,0.0,0.0,0.0,0.0,12500.0,0.0,47.0,0.0,295.0,735.0,2850.0,175.0,80.0,385.0,0,0,7800,2621,0,0,0,3165,3165
3518909,3506,Araçatuba,0.0,235.0,0.0,90.0,0.0,0.0,0.0,2700.0,0.0,0.0,146.0,0.0,600.0,950.0,0.0,0.0,0.0,0.0,0.0,752.0,0.0,1410.0,0.0,0.0,0.0,194400.0,0.0,0.0,3942.0,0.0,2640.0,2470.0,0.0,0.0,0.0,0.0,32278.0,100.0,168.0,0.0,187.0,580.0,2280.0,210.0,58.0,235.0,0,0,9300,4238,2450,0,0,4246,4246
3518206,3506,Araçatuba,0.0,0.0,0.0,0.0,0.0,0.0,0.0,45769.0,0.0,0.0,0.0,0.0,2000.0,5000.0,1000.0,100.0,0.0,0.0,0.0,0.0,0.0,0.0,0.0,0.0,0.0,3051282.0,0.0,0.0,0.0,0.0,10040.0,16000.0,2800.0,8000.0,0.0,0.0,46181.0,10.0,60.0,281435.0,1040.0,2372840.0,2818560.0,700.0,88.0,350.0,0,0,0,28707,6857,35,0,31043,31043
3516903,3506,Araçatuba,0.0,1400.0,0.0,100.0,0.0,0.0,0.0,13000.0,0.0,0.0,0.0,0.0,500.0,800.0,0.0,0.0,0.0,0.0,0.0,5040.0,0.0,1800.0,0.0,0.0,0.0,845000.0,0.0,0.0,0.0,0.0,2250.0,2880.0,0.0,0.0,0.0,0.0,45258.0,37.0,125.0,0.0,1080.0,1730.0,5450.0,780.0,195.0,780.0,0,4000,0,8771,0,0,0,10312,10312
3516804,3506,Araçatuba,0.0,3600.0,0.0,0.0,0.0,0.0,0.0,5924.0,0.0,5.0,0.0,1.0,270.0,1045.0,0.0,1.0,0.0,0.0,0.0,10800.0,0.0,0.0,0.0,0.0,0.0,491692.0,0.0,12.0,0.0,40.0,1620.0,3135.0,0.0,75.0,0.0,0.0,14144.0,72.0,80.0,0.0,780.0,2604.0,111700.0,440.0,405.0,1282.0,0,0,0,3234,850,25,0,3252,3252
3506201,3506,Araçatuba,0.0,500.0,0.0,0.0,0.0,0.0,0.0,15500.0,0.0,0.0,0.0,0.0,50.0,850.0,220.0,0.0,0.0,0.0,0.0,1750.0,0.0,0.0,0.0,0.0,0.0,1162500.0,0.0,0.0,0.0,0.0,375.0,2805.0,460.0,0.0,0.0,0.0,13867.0,50.0,0.0,0.0,1100.0,1500.0,3100.0,800.0,102.0,300.0,6732,200,6932,2482,0,0,0,2606,2606
3504206,3506,Araçatuba,0.0,0.0,0.0,170.0,0.0,0.0,0.0,7000.0,0.0,0.0,15.0,0.0,530.0,150.0,40.0,0.0,0.0,0.0,0.0,0.0,0.0,900.0,0.0,0.0,0.0,525000.0,0.0,0.0,450.0,0.0,1978.0,450.0,112.0,0.0,0.0,0.0,53842.0,135.0,63.0,0.0,390.0,980.0,3350.0,310.0,105.0,420.0,0,0,0,0,0,0,0,13692,13692
3502804,3506,Araçatuba,0.0,0.0,0.0,93.0,0.0,0.0,37.0,31783.0,0.0,0.0,0.0,192.0,3660.0,7200.0,3400.0,0.0,0.0,0.0,0.0,0.0,0.0,1674.0,0.0,0.0,60.0,2436707.0,0.0,0.0,0.0,3456.0,12322.0,21139.0,11960.0,0.0,0.0,0.0,62401.0,0.0,80.0,0.0,2020.0,53780.0,56400.0,1200.0,815.0,1100.0,0,0,0,190118,9790,400,0,200124,200124
3557154,3506,Araçatuba,0.0,500.0,0.0,0.0,0.0,0.0,0.0,8000.0,0.0,0.0,107.0,0.0,900.0,600.0,300.0,0.0,0.0,0.0,0.0,1000.0,0.0,0.0,0.0,0.0,0.0,800000.0,0.0,0.0,6590.0,0.0,4680.0,2160.0,1260.0,0.0,0.0,0.0,12607.0,27.0,0.0,0.0,300.0,0.0,0.0,100.0,30.0,300.0,0,0,7500,22,0,0,0,2692,2692
3555208,3506,Araçatuba,0.0,0.0,0.0,0.0,0.0,0.0,0.0,5700.0,0.0,0.0,0.0,0.0,190.0,685.0,600.0,0.0,0.0,0.0,0.0,0.0,0.0,0.0,0.0,0.0,0.0,513000.0,0.0,0.0,0.0,0.0,1174.0,2466.0,2160.0,0.0,0.0,0.0,14689.0,0.0,0.0,0.0,145.0,0.0,0.0,135.0,40.0,180.0,0,0,7300,1472,0,40,0,1818,1818
3548401,3506,Araçatuba,0.0,1498.0,0.0,0.0,150.0,0.0,2.0,2698.0,0.0,0.0,0.0,0.0,30.0,0.0,0.0,0.0,0.0,0.0,0.0,5243.0,0.0,0.0,2880.0,0.0,2.0,215840.0,0.0,0.0,0.0,0.0,144.0,0.0,0.0,0.0,0.0,0.0,7064.0,0.0,21.0,0.0,158.0,133.0,321.0,161.0,15.0,79.0,0,0,0,3899,0,0,0,3899,3899
3537701,3506,Araçatuba,0.0,0.0,0.0,0.0,100.0,0.0,14.0,7400.0,0.0,0.0,0.0,3.0,80.0,600.0,0.0,8.0,0.0,0.0,0.0,0.0,0.0,0.0,1680.0,0.0,15.0,592000.0,0.0,0.0,0.0,50.0,396.0,2340.0,0.0,800.0,0.0,0.0,22017.0,0.0,0.0,0.0,402.0,0.0,0.0,0.0,0.0,0.0,0,0,0,4861,620,0,0,5519,5519
3537305,3506,Araçatuba,0.0,3630.0,0.0,85.0,150.0,0.0,50.0,25848.0,10.0,0.0,0.0,15.0,400.0,4800.0,0.0,0.0,0.0,0.0,0.0,12705.0,0.0,1105.0,2520.0,0.0,54.0,2067840.0,160.0,0.0,0.0,224.0,2160.0,15840.0,0.0,0.0,0.0,0.0,23745.0,41.0,236.0,0.0,413.0,713.0,3981.0,640.0,373.0,1575.0,0,0,0,59304,0,580,0,61679,61679
3527702,3506,Araçatuba,0.0,1094.0,0.0,0.0,325.0,0.0,35.0,4779.0,0.0,0.0,0.0,0.0,50.0,180.0,0.0,0.0,0.0,0.0,0.0,3556.0,0.0,0.0,6240.0,0.0,38.0,382320.0,0.0,0.0,0.0,0.0,300.0,540.0,0.0,0.0,0.0,0.0,10598.0,1.0,0.0,0.0,249.0,815.0,1873.0,356.0,142.0,400.0,2880,1200,4080,4319,0,30,0,4701,4701
3527256,3506,Araçatuba,0.0,100.0,0.0,29.0,0.0,0.0,0.0,292.0,0.0,572.0,0.0,0.0,289.0,878.0,1368.0,0.0,0.0,0.0,0.0,312.0,0.0,580.0,0.0,0.0,0.0,23360.0,0.0,1007.0,0.0,0.0,1082.0,3336.0,4924.0,0.0,0.0,0.0,7761.0,0.0,0.0,0.0,40.0,0.0,112400.0,110.0,0.0,0.0,0,0,4130,1926,480,10,0,1950,1950
3517109,3506,Araçatuba,0.0,60.0,0.0,0.0,50.0,0.0,23.0,10576.0,0.0,0.0,0.0,0.0,1000.0,4500.0,3000.0,0.0,0.0,0.0,0.0,180.0,0.0,0.0,960.0,0.0,28.0,846080.0,0.0,0.0,0.0,0.0,5400.0,16200.0,9000.0,0.0,0.0,0.0,14996.0,0.0,286.0,0.0,256.0,825.0,1141.0,235.0,102.0,323.0,0,0,6620,3043,0,17,0,4138,4138
3516507,3506,Araçatuba,0.0,112.0,0.0,0.0,30.0,0.0,139.0,3600.0,0.0,3.0,0.0,5.0,150.0,180.0,17.0,14.0,0.0,0.0,0.0,420.0,0.0,0.0,540.0,0.0,183.0,324000.0,0.0,7.0,0.0,94.0,810.0,648.0,51.0,1400.0,0.0,0.0,12674.0,0.0,0.0,0.0,122.0,0.0,0.0,70.0,0.0,0.0,0,0,7750,23,1150,18,0,2763,2763
3512506,3506,Araçatuba,0.0,0.0,0.0,1.0,152.0,0.0,12.0,9300.0,0.0,0.0,0.0,0.0,345.0,3900.0,3000.0,0.0,0.0,0.0,0.0,0.0,0.0,32.0,3010.0,0.0,5.0,930000.0,0.0,0.0,0.0,0.0,1598.0,11700.0,11700.0,0.0,0.0,0.0,11500.0,13.0,0.0,0.0,290.0,0.0,0.0,0.0,0.0,0.0,0,0,0,5395,0,0,0,5400,5400
3511904,3506,Araçatuba,0.0,60.0,0.0,0.0,500.0,0.0,50.0,5537.0,0.0,0.0,0.0,6.0,35.0,290.0,0.0,0.0,0.0,0.0,0.0,188.0,0.0,0.0,9360.0,0.0,45.0,442960.0,0.0,0.0,0.0,98.0,210.0,870.0,0.0,0.0,0.0,0.0,17665.0,1.0,0.0,0.0,164.0,240.0,544.0,55.0,55.0,319.0,0,0,0,6677,1560,10,0,6982,6982
3508108,3506,Araçatuba,0.0,37.0,0.0,0.0,0.0,0.0,0.0,8110.0,0.0,60.0,0.0,2.0,170.0,530.0,500.0,33.0,0.0,0.0,0.0,125.0,0.0,0.0,0.0,0.0,0.0,729900.0,0.0,216.0,0.0,100.0,798.0,1926.0,1500.0,2640.0,0.0,0.0,28190.0,0.0,0.0,0.0,600.0,0.0,0.0,300.0,0.0,0.0,0,0,0,172,0,0,0,17210,17210
3507753,3506,Araçatuba,0.0,0.0,0.0,4.0,0.0,0.0,0.0,3100.0,0.0,0.0,0.0,28.0,80.0,3100.0,2900.0,5.0,0.0,0.0,0.0,0.0,0.0,40.0,0.0,0.0,0.0,263500.0,0.0,0.0,0.0,504.0,390.0,8370.0,10440.0,400.0,0.0,0.0,5014.0,0.0,0.0,0.0,20.0,0.0,0.0,0.0,50.0,150.0,0,0,4500,2561,0,0,0,2565,2565
3507704,3506,Araçatuba,0.0,0.0,0.0,0.0,800.0,0.0,70.0,7862.0,0.0,0.0,0.0,16.0,60.0,600.0,10.0,0.0,0.0,0.0,0.0,0.0,0.0,0.0,14976.0,0.0,84.0,628960.0,0.0,0.0,0.0,239.0,297.0,2160.0,30.0,0.0,0.0,0.0,10183.0,0.0,0.0,0.0,198.0,854.0,2251.0,83.0,172.0,560.0,0,0,0,4685,870,35,0,5356,5356
3506508,3506,Araçatuba,0.0,0.0,0.0,0.0,0.0,0.0,76.0,10380.0,0.0,0.0,0.0,0.0,920.0,12000.0,10000.0,0.0,0.0,0.0,0.0,0.0,0.0,0.0,0.0,0.0,91.0,1038000.0,0.0,0.0,0.0,0.0,4260.0,43560.0,36000.0,0.0,0.0,0.0,42379.0,58.0,10.0,0.0,1214.0,51925.0,53254.0,729.0,150.0,888.0,0,0,0,420,0,2640,0,118979,118979
3506409,3506,Araçatuba,0.0,0.0,0.0,0.0,0.0,0.0,175.0,5000.0,0.0,0.0,0.0,0.0,0.0,1169.0,788.0,0.0,0.0,0.0,0.0,0.0,0.0,0.0,0.0,0.0,168.0,400000.0,0.0,0.0,0.0,0.0,0.0,4910.0,2837.0,0.0,0.0,0.0,13354.0,0.0,0.0,0.0,380.0,0.0,0.0,895.0,16.0,202.0,0,0,0,6722,2300,0,0,7319,7319
3505104,3506,Araçatuba,0.0,200.0,0.0,0.0,20.0,0.0,0.0,10260.0,0.0,0.0,0.0,0.0,120.0,250.0,0.0,0.0,0.0,0.0,0.0,700.0,0.0,0.0,336.0,0.0,0.0,820800.0,0.0,0.0,0.0,0.0,864.0,900.0,0.0,0.0,0.0,0.0,8867.0,34.0,31.0,0.0,173.0,827.0,2593.0,146.0,52.0,407.0,0,0,0,4755,0,50,0,5640,5640
3504404,3506,Araçatuba,0.0,200.0,0.0,0.0,0.0,0.0,0.0,18004.0,0.0,0.0,0.0,0.0,400.0,400.0,0.0,0.0,0.0,0.0,0.0,450.0,0.0,0.0,0.0,0.0,0.0,1440320.0,0.0,0.0,0.0,0.0,1920.0,1440.0,0.0,0.0,0.0,0.0,9008.0,0.0,74.0,0.0,139.0,873.0,2197.0,476.0,130.0,485.0,0,0,0,9518,0,0,0,11263,11263
3501103,3506,Araçatuba,0.0,1200.0,0.0,465.0,200.0,0.0,37.0,10447.0,0.0,0.0,0.0,0.0,130.0,320.0,0.0,0.0,0.0,0.0,0.0,3750.0,0.0,5580.0,3360.0,0.0,37.0,835760.0,0.0,0.0,0.0,0.0,657.0,1152.0,0.0,0.0,0.0,0.0,24381.0,7.0,58.0,0.0,536.0,2243.0,4697.0,174.0,130.0,357.0,0,0,5320,3841,420,30,0,3841,3841
3552304,3506,Araçatuba,0.0,0.0,0.0,0.0,0.0,0.0,0.0,12500.0,0.0,0.0,2773.0,3.0,1340.0,2440.0,200.0,0.0,0.0,0.0,0.0,0.0,0.0,0.0,0.0,0.0,0.0,937500.0,0.0,0.0,83190.0,24.0,7556.0,8174.0,640.0,0.0,0.0,0.0,42504.0,0.0,37.0,0.0,435.0,935.0,3900.0,455.0,135.0,620.0,6890,5500,0,6997,0,48,0,7355,7355
3537404,3506,Araçatuba,0.0,0.0,0.0,150.0,0.0,0.0,0.0,32400.0,0.0,0.0,500.0,30.0,350.0,1490.0,700.0,0.0,0.0,0.0,0.0,0.0,0.0,3300.0,0.0,0.0,0.0,2430000.0,0.0,0.0,13500.0,462.0,2030.0,5662.0,3150.0,0.0,0.0,0.0,43500.0,0.0,105.0,0.0,1120.0,283200.0,346700.0,1520.0,245.0,1280.0,0,0,0,22219,3500,1,0,24095,24095
3533205,3506,Araçatuba,0.0,700.0,0.0,0.0,0.0,0.0,0.0,10500.0,0.0,0.0,0.0,0.0,0.0,0.0,0.0,0.0,0.0,0.0,0.0,1925.0,0.0,0.0,0.0,0.0,0.0,787500.0,0.0,0.0,0.0,0.0,0.0,0.0,0.0,0.0,0.0,0.0,9884.0,11.0,0.0,0.0,410.0,2982.0,3521.0,356.0,25.0,275.0,0,0,0,3385,0,0,0,4609,4609
3532108,3506,Araçatuba,0.0,0.0,0.0,0.0,0.0,0.0,0.0,4000.0,0.0,0.0,0.0,20.0,200.0,100.0,0.0,0.0,0.0,0.0,0.0,0.0,0.0,0.0,0.0,0.0,0.0,400000.0,0.0,0.0,0.0,250.0,765.0,192.0,0.0,0.0,0.0,0.0,28812.0,100.0,50.0,0.0,590.0,4125.0,4752.0,360.0,95.0,930.0,0,140,0,3675,288,24,0,3737,3737
3530102,3506,Araçatuba,0.0,0.0,0.0,110.0,0.0,0.0,17.0,23000.0,0.0,0.0,4.0,90.0,800.0,800.0,0.0,0.0,0.0,0.0,0.0,0.0,0.0,1650.0,0.0,0.0,13.0,1771000.0,0.0,0.0,112.0,862.0,4696.0,1440.0,0.0,0.0,0.0,0.0,76327.0,33.0,21.0,0.0,1120.0,453000.0,463000.0,1580.0,120.0,950.0,0,0,0,27936,6200,12,0,27983,27983
3526506,3506,Araçatuba,0.0,800.0,0.0,0.0,0.0,0.0,0.0,22750.0,15.0,0.0,0.0,0.0,150.0,250.0,0.0,0.0,0.0,0.0,0.0,2800.0,0.0,0.0,0.0,0.0,0.0,1820000.0,825.0,0.0,0.0,0.0,1080.0,600.0,0.0,0.0,0.0,0.0,47785.0,13.0,38.0,0.0,912.0,10000.0,11000.0,1330.0,50.0,480.0,0,0,0,9424,150,47,0,9689,9689
3523008,3506,Araçatuba,0.0,0.0,0.0,36.0,0.0,0.0,0.0,13000.0,0.0,500.0,0.0,20.0,940.0,1702.0,0.0,110.0,0.0,0.0,0.0,0.0,0.0,432.0,0.0,0.0,0.0,975000.0,0.0,1150.0,0.0,300.0,4888.0,6127.0,0.0,9900.0,0.0,0.0,10757.0,0.0,67.0,0.0,437.0,775.0,3850.0,295.0,110.0,450.0,0,4590,0,3846,0,0,0,3979,3979
3520442,3506,Araçatuba,0.0,110.0,0.0,40.0,0.0,0.0,0.0,20000.0,0.0,60.0,0.0,25.0,100.0,870.0,50.0,0.0,0.0,1.0,0.0,330.0,0.0,480.0,0.0,0.0,0.0,1500000.0,0.0,108.0,0.0,300.0,411.0,2349.0,140.0,0.0,0.0,10.0,21121.0,35.0,245.0,0.0,870.0,2750.0,12750.0,625.0,260.0,1150.0,0,0,0,23975,0,79,0,25549,25549
3517802,3506,Araçatuba,0.0,0.0,0.0,13.0,0.0,0.0,0.0,27000.0,0.0,0.0,115.0,60.0,300.0,0.0,0.0,0.0,0.0,0.0,0.0,0.0,0.0,260.0,0.0,0.0,0.0,1620000.0,0.0,0.0,5385.0,1320.0,1260.0,0.0,0.0,0.0,0.0,0.0,45035.0,0.0,40.0,0.0,940.0,75000.0,85000.0,517.0,30.0,370.0,3000,600,3600,5793,80,10,0,7441,7441
3511003,3506,Araçatuba,0.0,0.0,0.0,0.0,0.0,0.0,0.0,28000.0,0.0,60.0,0.0,120.0,600.0,1500.0,0.0,0.0,0.0,0.0,0.0,0.0,0.0,0.0,0.0,0.0,0.0,2520000.0,0.0,54.0,0.0,875.0,2700.0,5760.0,0.0,0.0,0.0,0.0,62053.0,24.0,41.0,0.0,1800.0,10000.0,11000.0,956.0,80.0,600.0,0,0,0,17181,1500,0,0,19977,19977
3502101,3506,Araçatuba,0.0,370.0,0.0,0.0,0.0,0.0,0.0,40309.0,0.0,0.0,0.0,40.0,1100.0,30.0,0.0,0.0,0.0,0.0,0.0,1110.0,0.0,0.0,0.0,0.0,0.0,2821630.0,0.0,0.0,0.0,623.0,4740.0,81.0,0.0,0.0,0.0,0.0,51990.0,182.0,0.0,0.0,1612.0,8900.0,8853.0,1001.0,1500.0,15500.0,0,0,0,56504,0,440,0,59783,59783
3556008,3507,São José do Rio Preto,0.0,190.0,0.0,5.0,0.0,0.0,0.0,19000.0,0.0,0.0,500.0,15.0,300.0,500.0,20.0,0.0,0.0,0.0,0.0,570.0,0.0,125.0,0.0,0.0,0.0,1710000.0,0.0,0.0,17500.0,375.0,2070.0,2250.0,50.0,0.0,0.0,0.0,9170.0,0.0,150.0,0.0,200.0,430000.0,800000.0,640.0,200.0,1200.0,0,0,0,12049,0,5,0,13744,13744
3555703,3507,São José do Rio Preto,0.0,80.0,0.0,0.0,0.0,0.0,0.0,2900.0,0.0,4.0,0.0,5.0,515.0,800.0,0.0,1.0,0.0,0.0,0.0,240.0,0.0,0.0,0.0,0.0,0.0,290000.0,0.0,11.0,0.0,100.0,3672.0,2580.0,0.0,85.0,0.0,0.0,3050.0,62.0,5.0,0.0,168.0,450.0,220000.0,150.0,102.0,530.0,0,0,4450,1175,0,13,0,1603,1603
3555604,3507,São José do Rio Preto,0.0,0.0,0.0,0.0,0.0,0.0,0.0,13810.0,0.0,0.0,34.0,20.0,250.0,320.0,10.0,0.0,0.0,0.0,0.0,0.0,0.0,0.0,0.0,0.0,0.0,1242900.0,0.0,0.0,872.0,400.0,1125.0,960.0,25.0,0.0,0.0,0.0,9150.0,22.0,29.0,0.0,495.0,5100.0,235890.0,980.0,93.0,445.0,0,0,0,9355,0,0,0,10394,10394
3555356,3507,São José do Rio Preto,0.0,550.0,0.0,0.0,0.0,0.0,0.0,12500.0,0.0,0.0,953.0,4.0,300.0,370.0,0.0,0.0,0.0,0.0,0.0,2750.0,0.0,0.0,0.0,0.0,0.0,1125000.0,0.0,0.0,33260.0,60.0,1800.0,1776.0,0.0,0.0,0.0,0.0,3450.0,0.0,16.0,0.0,208.0,1680.0,230000.0,75.0,23.0,150.0,0,3520,0,5365,0,0,0,5365,5365
3553401,3507,São José do Rio Preto,0.0,1200.0,0.0,28.0,0.0,0.0,20.0,25000.0,0.0,0.0,520.0,50.0,1100.0,1800.0,100.0,10.0,0.0,0.0,0.0,4500.0,0.0,840.0,0.0,0.0,21.0,2000000.0,0.0,0.0,19561.0,900.0,6360.0,6480.0,300.0,1300.0,0.0,0.0,41520.0,0.0,38.0,0.0,1300.0,24780.0,452000.0,3850.0,470.0,2200.0,0,0,0,22923,1570,189,0,25265,25265
3549805,3507,São José do Rio Preto,0.0,0.0,0.0,20.0,2.0,0.0,0.0,4000.0,0.0,0.0,189.0,39.0,150.0,700.0,310.0,1.0,0.0,5.0,0.0,0.0,0.0,320.0,26.0,0.0,0.0,360000.0,0.0,0.0,9231.0,702.0,900.0,2100.0,745.0,88.0,0.0,75.0,28902.0,158.0,258.0,0.0,1180.0,18500.0,184000.0,668.0,460.0,1020.0,0,0,0,475643,0,3210,0,480393,480393
3544806,3507,São José do Rio Preto,0.0,500.0,0.0,0.0,0.0,0.0,0.0,12400.0,0.0,0.0,114.0,20.0,400.0,500.0,100.0,30.0,0.0,0.0,0.0,2500.0,0.0,0.0,0.0,0.0,0.0,1240000.0,0.0,0.0,5711.0,400.0,2880.0,1800.0,300.0,3250.0,0.0,0.0,26500.0,300.0,138.0,0.0,495.0,1050.0,43000.0,1310.0,80.0,475.0,0,0,0,5823,0,0,0,6437,6437
3540804,3507,São José do Rio Preto,0.0,300.0,0.0,30.0,0.0,0.0,10.0,15000.0,0.0,10.0,341.0,10.0,800.0,800.0,20.0,0.0,0.0,0.0,0.0,1080.0,0.0,480.0,0.0,0.0,15.0,1200000.0,0.0,20.0,29217.0,180.0,5880.0,2640.0,60.0,0.0,0.0,0.0,38176.0,182.0,41.0,0.0,928.0,12500.0,115800.0,589.0,502.0,1050.0,0,0,0,17374,0,0,0,18496,18496
3539905,3507,São José do Rio Preto,0.0,150.0,0.0,0.0,0.0,0.0,0.0,6100.0,0.0,0.0,108.0,5.0,500.0,100.0,0.0,0.0,0.0,0.0,0.0,525.0,0.0,0.0,0.0,0.0,0.0,610000.0,0.0,0.0,3261.0,90.0,2820.0,300.0,0.0,0.0,0.0,0.0,15106.0,10.0,36.0,0.0,350.0,1280.0,550000.0,385.0,565.0,5200.0,0,0,0,4977,2160,200,0,5592,5592
3539608,3507,São José do Rio Preto,0.0,480.0,0.0,0.0,24.0,0.0,0.0,12900.0,0.0,0.0,0.0,0.0,400.0,1100.0,200.0,0.0,0.0,0.0,0.0,2400.0,0.0,0.0,480.0,0.0,0.0,1161000.0,0.0,0.0,0.0,0.0,2280.0,3630.0,300.0,0.0,0.0,0.0,9480.0,210.0,21.0,0.0,150.0,1110.0,145000.0,460.0,30.0,220.0,0,0,0,3706,0,22,0,4389,4389
3536604,3507,São José do Rio Preto,0.0,300.0,0.0,87.0,0.0,0.0,0.0,34000.0,0.0,339.0,417.0,0.0,900.0,2800.0,1500.0,1.0,0.0,0.0,0.0,900.0,0.0,2610.0,0.0,0.0,0.0,3060000.0,0.0,851.0,15838.0,0.0,6540.0,8800.0,6300.0,87.0,0.0,0.0,29550.0,12.0,38.0,0.0,625.0,29678.0,58980.0,735.0,173.0,1280.0,0,0,0,6692,0,0,0,7400,7400
3535002,3507,São José do Rio Preto,0.0,200.0,0.0,0.0,0.0,0.0,0.0,29500.0,0.0,50.0,1470.0,15.0,1050.0,2620.0,200.0,3.0,0.0,0.0,0.0,560.0,0.0,0.0,0.0,0.0,0.0,2655000.0,0.0,125.0,42161.0,270.0,6950.0,8666.0,480.0,240.0,0.0,0.0,37363.0,140.0,0.0,0.0,415.0,122580.0,275564.0,222.0,208.0,1580.0,0,0,0,10359,0,0,0,11476,11476
3534203,3507,São José do Rio Preto,0.0,0.0,0.0,0.0,0.0,0.0,0.0,12000.0,0.0,0.0,351.0,3.0,130.0,7012.0,600.0,1.0,0.0,0.0,0.0,0.0,0.0,0.0,0.0,0.0,0.0,1020000.0,0.0,0.0,16326.0,36.0,845.0,25253.0,1440.0,80.0,0.0,0.0,5949.0,0.0,12.0,0.0,148.0,850.0,2058.0,105.0,46.0,189.0,0,9300,0,5509,0,18,0,6024,6024
3534005,3507,São José do Rio Preto,0.0,220.0,0.0,0.0,0.0,0.0,0.0,9800.0,0.0,50.0,2750.0,1.0,550.0,300.0,0.0,0.0,0.0,0.0,0.0,825.0,0.0,0.0,0.0,0.0,0.0,833000.0,0.0,100.0,98093.0,18.0,3643.0,900.0,0.0,0.0,0.0,0.0,4850.0,22.0,12.0,0.0,236.0,47980.0,399052.0,168.0,28.0,158.0,0,0,0,3737,900,15,0,4771,4771
3533502,3507,São José do Rio Preto,0.0,2200.0,0.0,110.0,0.0,0.0,33.0,42500.0,0.0,12.0,1400.0,40.0,400.0,1000.0,100.0,15.0,0.0,0.0,0.0,7700.0,0.0,2420.0,0.0,0.0,55.0,4675000.0,0.0,30.0,33600.0,1200.0,2600.0,4200.0,400.0,1380.0,0.0,0.0,21450.0,102.0,200.0,0.0,1500.0,4150.0,12500.0,1300.0,210.0,1500.0,0,0,0,36859,1270,0,0,38324,38324
3533007,3507,São José do Rio Preto,0.0,200.0,0.0,1.0,0.0,0.0,0.0,16500.0,0.0,25.0,2592.0,25.0,1200.0,1500.0,300.0,1.0,0.0,0.0,0.0,630.0,0.0,17.0,0.0,0.0,0.0,1320000.0,0.0,63.0,119559.0,450.0,8640.0,5850.0,725.0,80.0,0.0,0.0,39890.0,45.0,34.0,0.0,635.0,278550.0,362580.0,1590.0,330.0,2810.0,0,0,0,1794,0,1250,0,19419,19419
3532801,3507,São José do Rio Preto,0.0,0.0,0.0,0.0,0.0,0.0,7.0,10500.0,0.0,0.0,167.0,15.0,30.0,0.0,0.0,0.0,0.0,0.0,0.0,0.0,0.0,0.0,0.0,0.0,3.0,840000.0,0.0,0.0,6032.0,401.0,150.0,0.0,0.0,0.0,0.0,0.0,11550.0,30.0,49.0,0.0,245.0,6200.0,790000.0,835.0,102.0,510.0,0,0,0,5561,728,36,0,6693,6693
3532702,3507,São José do Rio Preto,0.0,80.0,0.0,0.0,0.0,0.0,0.0,5150.0,0.0,0.0,324.0,30.0,250.0,160.0,0.0,0.0,0.0,0.0,0.0,180.0,0.0,0.0,0.0,0.0,0.0,463500.0,0.0,0.0,24672.0,480.0,1350.0,576.0,0.0,0.0,0.0,0.0,6795.0,0.0,21.0,0.0,130.0,1389.0,215000.0,228.0,60.0,465.0,0,5500,0,4225,0,10,0,4750,4750
3532504,3507,São José do Rio Preto,0.0,2000.0,0.0,0.0,0.0,0.0,20.0,8000.0,0.0,0.0,168.0,15.0,200.0,1100.0,100.0,0.0,0.0,0.0,0.0,7500.0,0.0,0.0,0.0,0.0,24.0,720000.0,0.0,0.0,4113.0,225.0,1440.0,3960.0,480.0,0.0,0.0,0.0,16680.0,36.0,9.0,0.0,425.0,1120.0,235000.0,285.0,410.0,3200.0,0,0,0,8047,0,80,0,9699,9699
3531407,3507,São José do Rio Preto,0.0,1200.0,0.0,30.0,0.0,0.0,15.0,16000.0,0.0,0.0,132.0,7.0,350.0,1100.0,30.0,10.0,0.0,0.0,0.0,5550.0,0.0,510.0,0.0,0.0,18.0,1280000.0,0.0,0.0,5127.0,140.0,2090.0,3330.0,90.0,860.0,0.0,0.0,32794.0,70.0,35.0,0.0,580.0,9800.0,355000.0,680.0,580.0,5800.0,0,0,0,19552,1000,0,0,22280,22280
3530409,3507,São José do Rio Preto,0.0,150.0,1.0,5.0,0.0,0.0,0.0,3650.0,0.0,0.0,80.0,40.0,100.0,1000.0,0.0,0.0,0.0,0.0,0.0,375.0,2.0,118.0,0.0,0.0,0.0,328500.0,0.0,0.0,2992.0,600.0,600.0,3000.0,0.0,0.0,0.0,0.0,10580.0,0.0,0.0,0.0,381.0,1187780.0,1590580.0,28.0,36.0,165.0,0,0,0,3744,0,170,0,4669,4669
3530300,3507,São José do Rio Preto,0.0,150.0,0.0,0.0,0.0,0.0,0.0,7500.0,0.0,0.0,705.0,10.0,600.0,840.0,218.0,0.0,0.0,4.0,0.0,450.0,0.0,0.0,0.0,0.0,0.0,675000.0,0.0,0.0,34517.0,200.0,3360.0,3024.0,523.0,0.0,0.0,80.0,17650.0,56.0,35.0,0.0,532.0,9500.0,172000.0,1210.0,325.0,1320.0,0,0,0,633,0,387,0,63337,63337
3529500,3507,São José do Rio Preto,0.0,400.0,0.0,0.0,0.0,0.0,5.0,8000.0,0.0,0.0,66.0,0.0,400.0,200.0,0.0,68.0,0.0,0.0,0.0,1500.0,0.0,0.0,0.0,0.0,6.0,800000.0,0.0,0.0,2445.0,0.0,2640.0,600.0,0.0,5440.0,0.0,0.0,8690.0,33.0,13.0,0.0,405.0,3450.0,12900.0,302.0,90.0,350.0,0,0,0,6159,0,24,0,6159,6159
3528106,3507,São José do Rio Preto,0.0,1000.0,0.0,0.0,0.0,0.0,0.0,4000.0,0.0,0.0,0.0,3.0,300.0,300.0,0.0,4.0,0.0,0.0,0.0,3750.0,0.0,0.0,0.0,0.0,0.0,400000.0,0.0,0.0,0.0,48.0,1980.0,1080.0,0.0,200.0,0.0,0.0,26580.0,15.0,21.0,0.0,529.0,2980.0,1120000.0,360.0,410.0,3860.0,0,0,0,6594,0,29,0,7481,7481
3525706,3507,São José do Rio Preto,0.0,1500.0,0.0,60.0,7.0,0.0,5.0,36000.0,0.0,0.0,500.0,40.0,1900.0,4500.0,100.0,0.0,0.0,0.0,0.0,3750.0,0.0,1200.0,105.0,0.0,9.0,3240000.0,0.0,0.0,20400.0,640.0,12960.0,16200.0,420.0,0.0,0.0,0.0,63500.0,310.0,139.0,0.0,1160.0,32100.0,1290300.0,2350.0,1450.0,4650.0,0,0,0,350,0,0,0,36633,36633
3524501,3507,São José do Rio Preto,0.0,100.0,0.0,0.0,0.0,0.0,20.0,7018.0,0.0,0.0,0.0,70.0,200.0,500.0,0.0,0.0,0.0,0.0,0.0,350.0,0.0,0.0,0.0,0.0,22.0,561440.0,0.0,0.0,0.0,1260.0,1110.0,1200.0,0.0,0.0,0.0,0.0,7980.0,15.0,20.0,0.0,390.0,4450.0,568000.0,512.0,460.0,4950.0,0,0,0,656,0,0,0,7613,7613
3521507,3507,São José do Rio Preto,0.0,280.0,0.0,115.0,4.0,0.0,0.0,11040.0,0.0,0.0,2726.0,0.0,880.0,500.0,0.0,45.0,0.0,0.0,0.0,896.0,0.0,1898.0,14.0,0.0,0.0,993600.0,0.0,0.0,98136.0,0.0,5508.0,1800.0,0.0,4000.0,0.0,0.0,12750.0,0.0,55.0,0.0,379.0,1280.0,190000.0,475.0,102.0,980.0,0,0,0,6179,0,5,0,6867,6867
3521150,3507,São José do Rio Preto,0.0,150.0,0.0,0.0,0.0,0.0,0.0,2200.0,0.0,0.0,294.0,6.0,200.0,300.0,0.0,1.0,0.0,0.0,0.0,450.0,0.0,0.0,0.0,0.0,0.0,198000.0,0.0,0.0,12215.0,100.0,1200.0,900.0,0.0,80.0,0.0,0.0,9828.0,678.0,0.0,0.0,468.0,249120.0,405320.0,1280.0,240.0,520.0,0,0,0,3959,0,30,0,6761,6761
3519808,3507,São José do Rio Preto,0.0,500.0,0.0,0.0,0.0,0.0,0.0,10000.0,0.0,0.0,19.0,10.0,200.0,1200.0,200.0,0.0,0.0,0.0,0.0,1500.0,0.0,0.0,0.0,0.0,0.0,900000.0,0.0,0.0,1318.0,100.0,1400.0,3600.0,450.0,0.0,0.0,0.0,9153.0,0.0,70.0,0.0,348.0,1380.0,2180.0,384.0,35.0,350.0,0,0,0,6608,0,67,0,7819,7819
3519402,3507,São José do Rio Preto,0.0,0.0,0.0,0.0,0.0,0.0,0.0,14585.0,0.0,0.0,312.0,10.0,680.0,600.0,80.0,0.0,0.0,0.0,0.0,0.0,0.0,0.0,0.0,0.0,0.0,1166800.0,0.0,0.0,7256.0,180.0,4632.0,2160.0,288.0,0.0,0.0,0.0,13818.0,20.0,25.0,0.0,732.0,1680.0,29800.0,1580.0,211.0,950.0,0,0,0,6693,3500,48,0,11690,11690
3517505,3507,São José do Rio Preto,0.0,30.0,0.0,4.0,0.0,0.0,0.0,13800.0,4.0,0.0,700.0,12.0,650.0,1100.0,0.0,0.0,0.0,0.0,0.0,165.0,0.0,80.0,0.0,0.0,0.0,1104000.0,120.0,0.0,38556.0,120.0,3042.0,3960.0,0.0,0.0,0.0,0.0,12950.0,110.0,42.0,2450.0,498.0,25240.0,1345000.0,575.0,450.0,980.0,0,0,0,19162,2600,0,0,21711,21711
3511300,3507,São José do Rio Preto,0.0,20.0,0.0,1.0,0.0,0.0,4.0,6750.0,0.0,2.0,82.0,8.0,70.0,1000.0,0.0,0.0,0.0,0.0,0.0,60.0,0.0,18.0,0.0,0.0,6.0,607500.0,0.0,4.0,2927.0,120.0,462.0,3900.0,0.0,0.0,0.0,0.0,14167.0,290.0,120.0,0.0,520.0,6970.0,790000.0,550.0,248.0,988.0,0,0,0,9432,0,0,0,12618,12618
3504800,3507,São José do Rio Preto,0.0,400.0,0.0,12.0,0.0,0.0,50.0,5400.0,0.0,0.0,257.0,0.0,150.0,300.0,0.0,0.0,0.0,0.0,0.0,2000.0,0.0,180.0,0.0,0.0,60.0,540000.0,0.0,0.0,6733.0,0.0,900.0,990.0,0.0,0.0,0.0,0.0,9850.0,0.0,20.0,0.0,408.0,23500.0,111000.0,215.0,118.0,280.0,0,0,0,9596,3500,3,0,9596,9596
3504602,3507,São José do Rio Preto,0.0,120.0,0.0,0.0,5.0,0.0,0.0,3000.0,0.0,0.0,47.0,20.0,650.0,700.0,0.0,0.0,0.0,0.0,0.0,600.0,0.0,0.0,92.0,0.0,0.0,270000.0,0.0,0.0,3154.0,360.0,3615.0,2310.0,0.0,0.0,0.0,0.0,9875.0,45.0,63.0,0.0,525.0,3730.0,298000.0,1120.0,475.0,1380.0,0,0,0,25246,0,0,0,27260,27260
3500907,3507,São José do Rio Preto,0.0,150.0,0.0,0.0,0.0,0.0,0.0,16000.0,0.0,15.0,2687.0,12.0,500.0,1500.0,0.0,0.0,0.0,0.0,0.0,525.0,0.0,0.0,0.0,0.0,0.0,1280000.0,0.0,27.0,102368.0,192.0,3600.0,5400.0,0.0,0.0,0.0,0.0,38520.0,7.0,55.0,0.0,1175.0,1300.0,5850.0,592.0,650.0,2320.0,0,0,0,0,0,0,0,3451,3451
3500204,3507,São José do Rio Preto,0.0,346.0,0.0,2.0,0.0,0.0,0.0,6376.0,0.0,150.0,1270.0,0.0,150.0,778.0,129.0,90.0,0.0,0.0,0.0,1038.0,0.0,36.0,0.0,0.0,0.0,573840.0,0.0,810.0,73982.0,0.0,930.0,3268.0,542.0,7200.0,0.0,0.0,3569.0,125.0,0.0,0.0,115.0,110.0,660.0,125.0,45.0,259.0,0,0,0,39,1170,20,0,4351,4351
3556909,3507,São José do Rio Preto,0.0,100.0,0.0,0.0,0.0,0.0,0.0,3830.0,40.0,0.0,343.0,70.0,7.0,500.0,0.0,0.0,0.0,0.0,0.0,400.0,0.0,0.0,0.0,0.0,0.0,329380.0,1360.0,0.0,8575.0,910.0,29.0,1750.0,0.0,0.0,0.0,0.0,836.0,0.0,8.0,0.0,68.0,1460.0,128450.0,40.0,43.0,358.0,0,0,0,80,0,60,0,8109,8109
3552601,3507,São José do Rio Preto,0.0,80.0,0.0,14.0,0.0,0.0,0.0,19268.0,0.0,0.0,1200.0,5.0,25.0,320.0,0.0,0.0,0.0,0.0,0.0,280.0,0.0,280.0,0.0,0.0,0.0,1734120.0,0.0,0.0,47000.0,125.0,150.0,1440.0,0.0,0.0,0.0,0.0,5680.0,0.0,35.0,0.0,150.0,45000.0,119000.0,450.0,470.0,2400.0,0,0,0,11323,0,0,0,11323,11323
3545605,3507,São José do Rio Preto,0.0,100.0,0.0,0.0,10.0,0.0,0.0,23000.0,0.0,0.0,500.0,8.0,50.0,650.0,0.0,0.0,0.0,0.0,0.0,347.0,0.0,0.0,200.0,0.0,0.0,1955000.0,0.0,0.0,13267.0,130.0,243.0,2210.0,0.0,0.0,0.0,0.0,3670.0,30.0,15.0,0.0,115.0,4400.0,375000.0,120.0,72.0,450.0,0,3000,0,13262,2400,50,0,14018,14018
3539004,3507,São José do Rio Preto,0.0,30.0,0.0,0.0,0.0,0.0,17.0,12000.0,0.0,0.0,977.0,10.0,10.0,300.0,0.0,0.0,0.0,0.0,0.0,105.0,0.0,0.0,0.0,0.0,15.0,960000.0,0.0,0.0,35301.0,150.0,72.0,1170.0,0.0,0.0,0.0,0.0,1800.0,0.0,10.0,0.0,190.0,700.0,507000.0,100.0,95.0,500.0,0,75,0,9763,0,328,0,10885,10885
3538105,3507,São José do Rio Preto,0.0,500.0,0.0,0.0,5.0,0.0,0.0,9000.0,0.0,0.0,4.0,10.0,100.0,500.0,0.0,0.0,0.0,0.0,0.0,1750.0,0.0,0.0,100.0,0.0,0.0,810000.0,0.0,0.0,140.0,250.0,600.0,2250.0,0.0,0.0,0.0,0.0,3280.0,0.0,58.0,0.0,210.0,3500.0,6200.0,100.0,43.0,420.0,0,0,0,1381,0,534,0,14542,14542
3535705,3507,São José do Rio Preto,0.0,400.0,0.0,2.0,30.0,0.0,1.0,8500.0,0.0,0.0,550.0,20.0,150.0,500.0,0.0,0.0,0.0,0.0,0.0,1200.0,0.0,60.0,900.0,0.0,1.0,680000.0,0.0,0.0,16500.0,500.0,900.0,1800.0,0.0,0.0,0.0,0.0,1260.0,0.0,0.0,0.0,83.0,2200.0,3500.0,82.0,110.0,420.0,0,0,0,60,0,24,0,6099,6099
3535101,3507,São José do Rio Preto,0.0,800.0,0.0,0.0,0.0,0.0,0.0,6552.0,0.0,0.0,3.0,0.0,17.0,1200.0,0.0,0.0,0.0,0.0,0.0,4600.0,0.0,0.0,0.0,0.0,0.0,720720.0,0.0,0.0,60.0,0.0,92.0,5400.0,0.0,0.0,0.0,0.0,70.0,63.0,20.0,0.0,120.0,520.0,1050.0,21.0,10.0,55.0,0,0,0,9475,0,150,0,9650,9650
3533254,3507,São José do Rio Preto,0.0,100.0,0.0,0.0,0.0,0.0,1.0,5000.0,0.0,0.0,20.0,0.0,75.0,500.0,0.0,1.0,0.0,0.0,0.0,350.0,0.0,0.0,0.0,0.0,2.0,400000.0,0.0,0.0,600.0,0.0,450.0,1350.0,0.0,63.0,0.0,0.0,1110.0,7.0,9.0,0.0,50.0,950.0,3200.0,35.0,42.0,195.0,0,0,0,4015,0,0,0,4412,4412
3528858,3507,São José do Rio Preto,0.0,200.0,0.0,0.0,0.0,0.0,0.0,6196.0,0.0,0.0,87.0,16.0,100.0,100.0,0.0,0.0,0.0,0.0,0.0,700.0,0.0,0.0,0.0,0.0,0.0,557640.0,0.0,0.0,2175.0,320.0,700.0,400.0,0.0,0.0,0.0,0.0,1960.0,0.0,30.0,0.0,135.0,1200.0,135000.0,325.0,23.0,250.0,0,0,8410,2965,0,10,0,3292,3292
3521903,3507,São José do Rio Preto,0.0,1000.0,0.0,30.0,2.0,0.0,8.0,26000.0,0.0,0.0,1500.0,2.0,400.0,0.0,0.0,0.0,0.0,0.0,0.0,3500.0,0.0,1050.0,50.0,0.0,12.0,2340000.0,0.0,0.0,52500.0,50.0,2800.0,0.0,0.0,0.0,0.0,0.0,8280.0,32.0,95.0,0.0,380.0,9400.0,250000.0,1000.0,295.0,1950.0,0,0,0,14034,0,166,0,16989,16989
3515608,3507,São José do Rio Preto,0.0,600.0,0.0,0.0,35.0,0.0,0.0,9000.0,0.0,0.0,420.0,20.0,50.0,100.0,0.0,3.0,0.0,0.0,0.0,2400.0,0.0,0.0,588.0,0.0,0.0,765000.0,0.0,0.0,14994.0,360.0,150.0,336.0,0.0,150.0,0.0,0.0,3066.0,0.0,20.0,0.0,106.0,4800.0,280920.0,68.0,108.0,1058.0,4320,160,4480,503,0,22,0,5942,5942
3514957,3507,São José do Rio Preto,0.0,38.0,0.0,0.0,2.0,0.0,0.0,6080.0,0.0,0.0,248.0,0.0,7.0,20.0,0.0,0.0,0.0,0.0,0.0,114.0,0.0,0.0,40.0,0.0,0.0,486400.0,0.0,0.0,8531.0,0.0,42.0,60.0,0.0,0.0,0.0,0.0,850.0,0.0,6.0,45.0,55.0,545.0,1750.0,58.0,20.0,100.0,0,0,0,0,0,0,0,2323,2323
3514924,3507,São José do Rio Preto,0.0,0.0,0.0,0.0,0.0,0.0,0.0,6167.0,0.0,0.0,0.0,6.0,0.0,0.0,0.0,0.0,0.0,0.0,0.0,0.0,0.0,0.0,0.0,0.0,0.0,542696.0,0.0,0.0,0.0,150.0,0.0,0.0,0.0,0.0,0.0,0.0,1520.0,10.0,10.0,0.0,90.0,460.0,1550.0,57.0,60.0,220.0,0,0,9180,3138,0,20,0,3138,3138
3511201,3507,São José do Rio Preto,0.0,0.0,0.0,0.0,0.0,0.0,0.0,7500.0,0.0,0.0,0.0,22.0,200.0,300.0,0.0,0.0,0.0,0.0,0.0,0.0,0.0,0.0,0.0,0.0,0.0,637500.0,0.0,0.0,0.0,440.0,1200.0,1200.0,0.0,0.0,0.0,0.0,1020.0,0.0,90.0,0.0,155.0,670.0,38000.0,100.0,15.0,107.0,9865,5000,0,675,0,62,0,7003,7003
3511102,3507,São José do Rio Preto,0.0,100.0,0.0,0.0,0.0,0.0,0.0,15423.0,0.0,0.0,133.0,30.0,10.0,400.0,0.0,0.0,0.0,0.0,0.0,350.0,0.0,0.0,0.0,0.0,0.0,1388070.0,0.0,0.0,5386.0,750.0,60.0,1440.0,0.0,0.0,0.0,0.0,3220.0,24.0,30.0,0.0,300.0,3600.0,6200.0,310.0,40.0,250.0,0,0,0,114953,7450,0,0,115791,115791
3503703,3507,São José do Rio Preto,0.0,80.0,0.0,0.0,0.0,0.0,0.0,8600.0,0.0,0.0,0.0,0.0,0.0,500.0,0.0,0.0,0.0,0.0,0.0,272.0,0.0,0.0,0.0,0.0,0.0,688000.0,0.0,0.0,0.0,0.0,0.0,1800.0,0.0,0.0,0.0,0.0,295.0,0.0,0.0,0.0,26.0,320.0,142500.0,35.0,7.0,40.0,0,130,0,7595,0,30,0,7602,7602
3557105,3507,São José do Rio Preto,0.0,150.0,0.0,0.0,0.0,0.0,10.0,10000.0,0.0,0.0,260.0,0.0,110.0,250.0,0.0,0.0,0.0,2.0,0.0,506.0,0.0,0.0,0.0,0.0,6.0,700000.0,0.0,0.0,10069.0,0.0,456.0,825.0,0.0,0.0,0.0,63.0,33299.0,19.0,515.0,0.0,220.0,8300.0,1120000.0,630.0,210.0,630.0,0,0,0,94083,0,398,0,96634,96634
3556107,3507,São José do Rio Preto,0.0,0.0,0.0,70.0,0.0,0.0,0.0,4000.0,0.0,0.0,24.0,2.0,55.0,450.0,0.0,2.0,0.0,0.0,0.0,0.0,0.0,2301.0,0.0,0.0,0.0,320000.0,0.0,0.0,847.0,13.0,330.0,1620.0,0.0,150.0,0.0,0.0,14144.0,20.0,30.0,0.0,195.0,2500.0,160000.0,640.0,290.0,550.0,0,945,0,14098,4624,59,0,14098,14098
3551306,3507,São José do Rio Preto,0.0,0.0,0.0,0.0,0.0,0.0,0.0,5000.0,0.0,0.0,0.0,0.0,300.0,200.0,0.0,0.0,0.0,0.0,0.0,0.0,0.0,0.0,0.0,0.0,0.0,400000.0,0.0,0.0,0.0,0.0,2700.0,720.0,0.0,0.0,0.0,0.0,10058.0,0.0,15.0,0.0,120.0,1000.0,600000.0,140.0,50.0,200.0,7200,800,8000,313,805,27,0,3130,3130
3544202,3507,São José do Rio Preto,900.0,130.0,0.0,323.0,0.0,0.0,0.0,18000.0,0.0,248.0,173.0,1.0,480.0,1700.0,60.0,0.0,0.0,6.0,2227.0,455.0,0.0,5800.0,0.0,0.0,0.0,1548000.0,0.0,769.0,13351.0,6.0,3600.0,5610.0,270.0,0.0,0.0,55.0,38290.0,2.0,55.0,0.0,650.0,8600.0,290000.0,220.0,70.0,210.0,0,130,0,10309,270,39,0,10309,10309
3540309,3507,São José do Rio Preto,0.0,0.0,0.0,0.0,0.0,0.0,10.0,9000.0,0.0,162.0,24.0,0.0,30.0,700.0,30.0,40.0,0.0,0.0,0.0,0.0,0.0,0.0,0.0,0.0,6.0,630000.0,0.0,324.0,587.0,0.0,180.0,1400.0,54.0,3600.0,0.0,0.0,9485.0,4.0,0.0,0.0,190.0,800.0,3100.0,90.0,70.0,205.0,2200,320,2520,1966,0,60,0,2387,2387
3536257,3507,São José do Rio Preto,0.0,0.0,0.0,0.0,0.0,0.0,0.0,650.0,0.0,0.0,171.0,10.0,460.0,150.0,0.0,100.0,0.0,0.0,0.0,0.0,0.0,0.0,0.0,0.0,0.0,55250.0,0.0,0.0,6120.0,181.0,3480.0,495.0,0.0,9000.0,0.0,0.0,10955.0,10.0,25.0,0.0,115.0,3100.0,45000.0,10.0,90.0,130.0,7355,0,0,2892,0,10,0,2892,2892
3532603,3507,São José do Rio Preto,0.0,100.0,0.0,0.0,0.0,0.0,0.0,11400.0,0.0,0.0,47.0,0.0,500.0,1200.0,1000.0,2.0,0.0,0.0,0.0,412.0,0.0,0.0,0.0,0.0,0.0,1026000.0,0.0,0.0,1918.0,0.0,2700.0,4320.0,3600.0,125.0,0.0,0.0,35194.0,35.0,67.0,0.0,160.0,1550.0,340000.0,380.0,80.0,370.0,0,130,0,8993,0,20,0,9852,9852
3515905,3507,São José do Rio Preto,0.0,15.0,0.0,0.0,0.0,0.0,0.0,8350.0,0.0,50.0,59.0,0.0,310.0,120.0,12.0,0.0,0.0,0.0,0.0,31.0,0.0,0.0,0.0,0.0,0.0,751500.0,0.0,66.0,1085.0,0.0,1383.0,412.0,58.0,0.0,0.0,0.0,18544.0,40.0,0.0,0.0,180.0,1750.0,720000.0,250.0,85.0,600.0,3800,570,4370,2452,380,14,0,2733,2733
3512902,3507,São José do Rio Preto,50.0,500.0,0.0,10.0,0.0,0.0,50.0,17000.0,0.0,40.0,1167.0,410.0,150.0,300.0,100.0,0.0,0.0,1.0,135.0,1250.0,0.0,200.0,0.0,0.0,30.0,1360000.0,0.0,84.0,53550.0,2075.0,780.0,1080.0,330.0,0.0,0.0,24.0,28238.0,5.0,130.0,0.0,500.0,28000.0,360000.0,480.0,95.0,510.0,0,0,0,74,867,0,0,8719,8719
3510708,3507,São José do Rio Preto,2000.0,0.0,0.0,230.0,0.0,0.0,0.0,14000.0,0.0,150.0,605.0,0.0,560.0,2500.0,0.0,0.0,0.0,0.0,6600.0,0.0,0.0,2305.0,0.0,0.0,0.0,1255800.0,0.0,315.0,23460.0,0.0,4028.0,8250.0,0.0,0.0,0.0,0.0,50944.0,14.0,22.0,0.0,860.0,2250.0,250000.0,230.0,14.0,60.0,0,0,0,1026,0,33,0,11345,11345
3501806,3507,São José do Rio Preto,0.0,0.0,0.0,0.0,0.0,0.0,25.0,8000.0,0.0,0.0,200.0,0.0,200.0,600.0,0.0,140.0,0.0,0.0,0.0,0.0,0.0,0.0,0.0,0.0,15.0,600000.0,0.0,0.0,7351.0,0.0,1200.0,1440.0,0.0,12600.0,0.0,0.0,22957.0,0.0,0.0,0.0,255.0,7500.0,300000.0,120.0,110.0,500.0,0,0,0,50,2000,5,0,5870,5870
3501202,3507,São José do Rio Preto,0.0,72.0,0.0,90.0,0.0,0.0,6.0,8300.0,0.0,20.0,193.0,12.0,300.0,1800.0,320.0,65.0,0.0,0.0,0.0,288.0,0.0,631.0,0.0,0.0,5.0,622500.0,0.0,46.0,7099.0,120.0,2070.0,6480.0,1272.0,5500.0,0.0,0.0,44203.0,0.0,0.0,0.0,820.0,16500.0,1400000.0,500.0,200.0,850.0,0,0,5953,2637,0,9,0,3915,3915
3556958,3507,São José do Rio Preto,0.0,0.0,0.0,0.0,0.0,0.0,0.0,300.0,0.0,0.0,350.0,0.0,90.0,250.0,0.0,0.0,0.0,8.0,0.0,0.0,0.0,0.0,0.0,0.0,0.0,26500.0,0.0,0.0,20447.0,0.0,370.0,450.0,0.0,0.0,0.0,207.0,3700.0,0.0,0.0,0.0,112.0,680.0,1783.0,94.0,82.0,374.0,3340,1800,5140,173,640,10,0,1794,1794
3555802,3507,São José do Rio Preto,0.0,0.0,0.0,60.0,0.0,0.0,3.0,3100.0,0.0,5.0,830.0,15.0,200.0,0.0,0.0,15.0,0.0,60.0,0.0,0.0,0.0,1280.0,0.0,0.0,3.0,310000.0,0.0,5.0,46245.0,375.0,907.0,0.0,0.0,1050.0,0.0,1610.0,23880.0,0.0,58.0,0.0,415.0,2856.0,8130.0,405.0,285.0,950.0,9510,5680,0,7439,0,0,0,8833,8833
3555307,3507,São José do Rio Preto,0.0,0.0,0.0,120.0,0.0,0.0,20.0,5030.0,0.0,0.0,532.0,0.0,400.0,0.0,0.0,0.0,0.0,0.0,0.0,0.0,0.0,1200.0,0.0,0.0,9.0,402500.0,0.0,0.0,21431.0,0.0,1520.0,0.0,0.0,0.0,0.0,0.0,11890.0,30.0,0.0,0.0,300.0,668.0,8910.0,420.0,119.0,600.0,0,0,3029,1201,0,1,0,1669,1669
3552551,3507,São José do Rio Preto,0.0,0.0,0.0,8.0,0.0,0.0,0.0,11000.0,0.0,190.0,0.0,0.0,90.0,550.0,160.0,0.0,0.0,0.0,0.0,0.0,0.0,96.0,0.0,0.0,0.0,825000.0,0.0,456.0,0.0,0.0,648.0,1676.0,480.0,0.0,0.0,0.0,26990.0,10.0,37.0,0.0,545.0,1100.0,8500.0,580.0,185.0,775.0,0,0,0,3315,0,0,0,3408,3408
3549003,3507,São José do Rio Preto,0.0,0.0,0.0,20.0,0.0,0.0,0.0,1520.0,0.0,0.0,51.0,0.0,20.0,0.0,0.0,0.0,0.0,33.0,0.0,0.0,0.0,300.0,0.0,0.0,0.0,136800.0,0.0,0.0,2531.0,0.0,57.0,0.0,0.0,0.0,0.0,854.0,13203.0,0.0,43.0,0.0,225.0,443.0,3980.0,78.0,130.0,550.0,0,0,3650,25,0,10,0,2602,2602
3547650,3507,São José do Rio Preto,0.0,0.0,0.0,9.0,0.0,0.0,0.0,150.0,0.0,0.0,700.0,1.0,20.0,0.0,0.0,0.0,0.0,32.0,0.0,0.0,0.0,150.0,0.0,0.0,0.0,15000.0,0.0,0.0,29509.0,20.0,105.0,0.0,0.0,0.0,0.0,720.0,11305.0,0.0,0.0,0.0,220.0,860.0,4790.0,185.0,126.0,470.0,0,0,3560,10,60,20,0,1645,1645
3545704,3507,São José do Rio Preto,0.0,0.0,0.0,0.0,0.0,0.0,0.0,7090.0,0.0,0.0,40.0,2.0,60.0,0.0,0.0,2.0,0.0,0.0,0.0,0.0,0.0,0.0,0.0,0.0,0.0,602650.0,0.0,0.0,1360.0,32.0,251.0,0.0,0.0,100.0,0.0,0.0,24810.0,0.0,0.0,0.0,450.0,2617.0,5711.0,380.0,244.0,1208.0,0,0,0,6388,240,48,0,6393,6393
3540408,3507,São José do Rio Preto,0.0,0.0,0.0,2.0,0.0,0.0,6.0,10000.0,0.0,0.0,220.0,0.0,10.0,400.0,70.0,0.0,0.0,6.0,0.0,0.0,0.0,20.0,0.0,0.0,3.0,850000.0,0.0,0.0,9055.0,0.0,48.0,1000.0,84.0,0.0,0.0,100.0,17900.0,0.0,22.0,0.0,400.0,3205.0,7080.0,350.0,218.0,755.0,0,0,8000,4127,0,27,0,4127,4127
3540259,3507,São José do Rio Preto,0.0,250.0,0.0,36.0,3.0,0.0,0.0,6400.0,0.0,0.0,313.0,35.0,500.0,240.0,0.0,2.0,0.0,10.0,0.0,1000.0,0.0,545.0,22.0,0.0,0.0,640000.0,0.0,0.0,12823.0,700.0,3000.0,700.0,0.0,84.0,0.0,305.0,18010.0,0.0,18.0,0.0,408.0,9920.0,15700.0,204.0,168.0,716.0,0,2000,0,4127,490,0,0,4127,4127
3535903,3507,São José do Rio Preto,0.0,0.0,0.0,0.0,0.0,0.0,0.0,5220.0,0.0,0.0,120.0,5.0,60.0,650.0,0.0,100.0,0.0,0.0,0.0,0.0,0.0,0.0,0.0,0.0,0.0,469800.0,0.0,0.0,6075.0,130.0,260.0,2530.0,0.0,8048.0,0.0,0.0,7704.0,0.0,8.0,0.0,210.0,308.0,1290.0,250.0,70.0,320.0,0,0,0,3598,0,20,0,4031,4031
3535200,3507,São José do Rio Preto,0.0,0.0,0.0,50.0,0.0,0.0,0.0,530.0,0.0,0.0,146.0,20.0,20.0,180.0,0.0,0.0,0.0,206.0,0.0,0.0,0.0,500.0,0.0,0.0,0.0,42400.0,0.0,0.0,4964.0,320.0,83.0,648.0,0.0,0.0,0.0,5974.0,52230.0,0.0,0.0,0.0,550.0,1650.0,3485.0,700.0,590.0,2145.0,0,0,0,6956,0,105,0,8903,8903
3529658,3507,São José do Rio Preto,0.0,0.0,0.0,0.0,0.0,0.0,0.0,6740.0,0.0,0.0,102.0,6.0,30.0,650.0,0.0,44.0,0.0,0.0,0.0,0.0,0.0,0.0,0.0,0.0,0.0,485280.0,0.0,0.0,4850.0,82.0,180.0,2080.0,0.0,2005.0,0.0,0.0,6670.0,0.0,0.0,0.0,157.0,519.0,2230.0,112.0,122.0,403.0,0,0,1680,193,370,0,0,1952,1952
3529104,3507,São José do Rio Preto,0.0,0.0,0.0,10.0,0.0,0.0,0.0,350.0,0.0,0.0,185.0,15.0,50.0,150.0,0.0,0.0,0.0,18.0,0.0,0.0,0.0,80.0,0.0,0.0,0.0,29750.0,0.0,0.0,6290.0,240.0,153.0,540.0,0.0,0.0,0.0,522.0,13650.0,0.0,0.0,0.0,167.0,540.0,1150.0,49.0,92.0,220.0,3840,460,4300,1494,0,20,0,1860,1860
3524808,3507,São José do Rio Preto,0.0,0.0,0.0,300.0,3.0,0.0,6.0,5600.0,0.0,0.0,860.0,80.0,160.0,100.0,0.0,20.0,0.0,201.0,0.0,0.0,0.0,4500.0,30.0,0.0,6.0,504000.0,0.0,0.0,40078.0,1995.0,790.0,360.0,0.0,1000.0,0.0,5149.0,40200.0,0.0,50.0,0.0,1180.0,3630.0,27918.0,1300.0,460.0,2358.0,0,0,0,4589,6890,0,0,48776,48776
3514205,3507,São José do Rio Preto,0.0,0.0,0.0,0.0,0.0,0.0,0.0,3000.0,0.0,0.0,188.0,0.0,5.0,0.0,0.0,5.0,0.0,10.0,0.0,0.0,0.0,0.0,0.0,0.0,0.0,270000.0,0.0,0.0,11300.0,0.0,18.0,0.0,0.0,250.0,0.0,291.0,5380.0,0.0,15.0,0.0,80.0,368.0,1150.0,42.0,42.0,170.0,0,0,6240,2207,0,11,0,2207,2207
3513850,3507,São José do Rio Preto,0.0,0.0,0.0,10.0,0.0,0.0,0.0,2000.0,0.0,0.0,17.0,0.0,35.0,0.0,0.0,0.0,0.0,0.0,0.0,0.0,0.0,200.0,0.0,0.0,0.0,161000.0,0.0,0.0,762.0,0.0,94.0,0.0,0.0,0.0,0.0,0.0,11020.0,0.0,0.0,0.0,135.0,393.0,2210.0,156.0,139.0,500.0,0,0,6459,162,0,5,0,1620,1620
3503950,3507,São José do Rio Preto,0.0,0.0,0.0,0.0,0.0,0.0,0.0,1200.0,0.0,0.0,700.0,2.0,1.0,0.0,0.0,0.0,0.0,10.0,0.0,0.0,0.0,0.0,0.0,0.0,0.0,94500.0,0.0,0.0,33027.0,50.0,4.0,0.0,0.0,0.0,0.0,270.0,7050.0,0.0,0.0,0.0,132.0,610.0,2378.0,35.0,70.0,295.0,0,0,4244,1292,0,0,0,1842,1842
3502606,3507,São José do Rio Preto,0.0,0.0,0.0,200.0,0.0,0.0,0.0,1320.0,0.0,0.0,199.0,20.0,100.0,30.0,0.0,1.0,0.0,0.0,0.0,0.0,0.0,2850.0,0.0,0.0,0.0,112200.0,0.0,0.0,6766.0,320.0,401.0,108.0,0.0,42.0,0.0,0.0,22100.0,0.0,30.0,0.0,165.0,982.0,2939.0,189.0,164.0,556.0,0,0,5470,3301,0,0,0,4086,4086
3549250,3507,São José do Rio Preto,0.0,50.0,0.0,45.0,0.0,0.0,0.0,6400.0,0.0,0.0,65.0,5.0,150.0,80.0,0.0,0.0,0.0,0.0,0.0,190.0,0.0,608.0,0.0,0.0,0.0,416000.0,0.0,0.0,1950.0,60.0,660.0,208.0,0.0,0.0,0.0,0.0,7660.0,0.0,39.0,0.0,158.0,750.0,2950.0,122.0,65.0,285.0,0,0,0,0,0,0,0,1846,1846
3549201,3507,São José do Rio Preto,0.0,0.0,0.0,130.0,0.0,0.0,2.0,4200.0,0.0,0.0,86.0,0.0,80.0,0.0,0.0,0.0,0.0,0.0,0.0,0.0,0.0,1300.0,0.0,0.0,2.0,336000.0,0.0,0.0,3264.0,0.0,369.0,0.0,0.0,0.0,0.0,0.0,10155.0,0.0,15.0,0.0,210.0,890.0,1045.0,286.0,93.0,182.0,5700,0,5700,2376,0,0,0,2580,2580
3536901,3507,São José do Rio Preto,0.0,0.0,0.0,0.0,0.0,0.0,0.0,6500.0,0.0,0.0,654.0,0.0,48.0,100.0,0.0,0.0,0.0,0.0,0.0,0.0,0.0,0.0,0.0,0.0,0.0,544000.0,0.0,0.0,27781.0,0.0,558.0,360.0,0.0,0.0,0.0,0.0,43203.0,61.0,15.0,0.0,504.0,9500.0,552320.0,130.0,27.0,62.0,0,0,3749,2362,0,10,0,2787,2787
3534757,3507,São José do Rio Preto,0.0,0.0,0.0,160.0,0.0,0.0,0.0,9500.0,0.0,0.0,130.0,0.0,550.0,700.0,500.0,0.0,0.0,0.0,0.0,0.0,0.0,2011.0,0.0,0.0,0.0,570000.0,0.0,0.0,4920.0,0.0,2310.0,2100.0,780.0,0.0,0.0,0.0,16752.0,14.0,25.0,0.0,410.0,2850.0,5600.0,303.0,83.0,368.0,0,0,0,10288,2280,20,0,10294,10294
3530003,3507,São José do Rio Preto,0.0,0.0,0.0,0.0,0.0,0.0,0.0,748.0,0.0,0.0,13.0,0.0,220.0,96.0,0.0,0.0,0.0,0.0,0.0,0.0,0.0,0.0,0.0,0.0,0.0,59914.0,0.0,0.0,131.0,0.0,544.0,374.0,0.0,0.0,0.0,0.0,21674.0,0.0,4.0,0.0,217.0,5680.0,130000.0,134.0,44.0,104.0,0,0,0,307,250,16,0,3126,3126
3529609,3507,São José do Rio Preto,0.0,0.0,0.0,107.0,0.0,0.0,0.0,7400.0,0.0,0.0,286.0,0.0,1000.0,500.0,0.0,0.0,0.0,0.0,0.0,0.0,0.0,1070.0,0.0,0.0,0.0,592000.0,0.0,0.0,12240.0,0.0,4980.0,1350.0,0.0,0.0,0.0,0.0,15331.0,0.0,85.0,0.0,269.0,5700.0,149200.0,115.0,43.0,61.0,0,0,9769,4545,0,15,0,4572,4572
3528205,3507,São José do Rio Preto,0.0,360.0,0.0,200.0,0.0,0.0,50.0,5700.0,0.0,0.0,243.0,0.0,150.0,350.0,0.0,0.0,0.0,0.0,0.0,636.0,0.0,2000.0,0.0,0.0,42.0,456000.0,0.0,0.0,6242.0,0.0,720.0,924.0,0.0,0.0,0.0,0.0,33743.0,0.0,5.0,0.0,568.0,4800.0,59200.0,1108.0,740.0,1940.0,0,0,0,3302,0,0,0,3963,3963
3520707,3507,São José do Rio Preto,0.0,0.0,0.0,80.0,0.0,0.0,0.0,5000.0,0.0,0.0,86.0,0.0,300.0,800.0,500.0,0.0,0.0,0.0,0.0,0.0,0.0,720.0,0.0,0.0,0.0,480000.0,0.0,0.0,2448.0,0.0,1260.0,2400.0,1500.0,0.0,0.0,0.0,27673.0,129.0,54.0,0.0,658.0,710.0,1580.0,512.0,240.0,799.0,0,0,0,4035,4000,0,0,4035,4035
3518008,3507,São José do Rio Preto,0.0,0.0,0.0,0.0,0.0,0.0,0.0,1600.0,0.0,0.0,56.0,0.0,300.0,242.0,10.0,0.0,0.0,0.0,0.0,0.0,0.0,0.0,0.0,0.0,0.0,128000.0,0.0,0.0,2815.0,0.0,1080.0,726.0,18.0,0.0,0.0,0.0,10051.0,0.0,0.0,0.0,158.0,2520.0,3750.0,223.0,68.0,265.0,6500,2500,9000,1716,800,7,0,1968,1968
3515509,3507,São José do Rio Preto,0.0,0.0,0.0,120.0,0.0,0.0,5.0,17000.0,0.0,0.0,829.0,0.0,600.0,200.0,0.0,0.0,0.0,0.0,0.0,0.0,0.0,840.0,0.0,0.0,3.0,1360000.0,0.0,0.0,29580.0,0.0,2880.0,480.0,0.0,0.0,0.0,0.0,42829.0,69.0,129.0,0.0,1125.0,7000.0,10200.0,2093.0,257.0,780.0,0,520,0,69626,6680,408,0,71186,71186
3515202,3507,São José do Rio Preto,0.0,0.0,0.0,320.0,0.0,0.0,11.0,8670.0,0.0,0.0,1525.0,0.0,400.0,80.0,160.0,0.0,0.0,0.0,0.0,0.0,0.0,8000.0,0.0,0.0,7.0,693600.0,0.0,0.0,47923.0,0.0,960.0,240.0,336.0,0.0,0.0,0.0,36293.0,0.0,1.0,0.0,518.0,9400.0,28800.0,1029.0,270.0,715.0,0,0,0,9405,0,0,0,9417,9417
3554904,3507,São José do Rio Preto,0.0,96.0,0.0,160.0,0.0,0.0,0.0,1300.0,0.0,0.0,158.0,25.0,200.0,50.0,0.0,0.0,0.0,0.0,0.0,384.0,0.0,1600.0,0.0,0.0,0.0,104000.0,0.0,0.0,5372.0,400.0,840.0,170.0,0.0,0.0,0.0,0.0,21140.0,0.0,0.0,0.0,308.0,2150.0,6141.0,279.0,146.0,754.0,0,5000,0,65,0,7,0,6804,6804
3547403,3507,São José do Rio Preto,0.0,100.0,0.0,50.0,0.0,0.0,0.0,5110.0,0.0,0.0,300.0,20.0,200.0,800.0,0.0,0.0,0.0,2.0,0.0,450.0,0.0,650.0,0.0,0.0,0.0,408800.0,0.0,0.0,10200.0,320.0,867.0,2880.0,0.0,0.0,0.0,58.0,20905.0,0.0,0.0,0.0,300.0,3589.0,9412.0,305.0,120.0,595.0,0,0,0,1932,420,10,0,2733,2733
3547205,3507,São José do Rio Preto,0.0,0.0,0.0,60.0,0.0,0.0,0.0,1000.0,0.0,0.0,212.0,12.0,50.0,450.0,0.0,0.0,0.0,2.0,0.0,0.0,0.0,600.0,0.0,0.0,0.0,80000.0,0.0,0.0,7208.0,192.0,225.0,1530.0,0.0,0.0,0.0,55.0,18970.0,0.0,0.0,0.0,280.0,1573.0,2640.0,200.0,115.0,642.0,0,0,3000,1116,150,10,0,1670,1670
3546603,3507,São José do Rio Preto,0.0,38.0,0.0,130.0,0.0,0.0,2.0,112.0,0.0,0.0,340.0,9.0,140.0,40.0,0.0,0.0,0.0,3.0,0.0,133.0,0.0,2460.0,0.0,0.0,1.0,10080.0,0.0,0.0,11560.0,144.0,569.0,144.0,0.0,0.0,0.0,87.0,26897.0,0.0,0.0,0.0,600.0,3350.0,8370.0,480.0,390.0,2250.0,0,0,0,34762,8100,351,0,34794,34794
3546108,3507,São José do Rio Preto,0.0,0.0,0.0,5.0,0.0,0.0,0.0,0.0,0.0,0.0,200.0,5.0,85.0,235.0,0.0,0.0,0.0,0.0,0.0,0.0,0.0,100.0,0.0,0.0,0.0,0.0,0.0,0.0,6800.0,80.0,346.0,846.0,0.0,0.0,0.0,0.0,18480.0,0.0,0.0,0.0,240.0,790.0,2810.0,400.0,90.0,430.0,0,0,8000,1957,0,18,0,2598,2598
3544509,3507,São José do Rio Preto,0.0,0.0,0.0,0.0,0.0,0.0,0.0,2200.0,0.0,0.0,2.0,2.0,120.0,800.0,0.0,0.0,0.0,6.0,0.0,0.0,0.0,0.0,0.0,0.0,0.0,176000.0,0.0,0.0,68.0,32.0,552.0,2880.0,0.0,0.0,0.0,174.0,18715.0,0.0,0.0,0.0,350.0,831.0,1640.0,120.0,90.0,376.0,0,0,8000,3157,0,60,0,3833,3833
3532843,3507,São José do Rio Preto,0.0,0.0,0.0,100.0,0.0,0.0,0.0,1500.0,0.0,0.0,4.0,9.0,200.0,0.0,0.0,0.0,0.0,0.0,0.0,0.0,0.0,1000.0,0.0,0.0,0.0,127500.0,0.0,0.0,136.0,187.0,820.0,0.0,0.0,0.0,0.0,0.0,17120.0,0.0,0.0,0.0,311.0,1497.0,2600.0,250.0,90.0,320.0,0,0,3620,8450,70,7,0,2032,2032
3551702,3508,Ribeirão Preto,0.0,1800.0,0.0,0.0,0.0,0.0,0.0,27500.0,0.0,0.0,0.0,0.0,240.0,600.0,0.0,0.0,0.0,0.0,0.0,7380.0,0.0,0.0,0.0,0.0,0.0,2337500.0,0.0,0.0,0.0,0.0,1200.0,2160.0,0.0,0.0,0.0,0.0,11467.0,0.0,109.0,0.0,346.0,1520.0,1600.0,848.0,141.0,605.0,0,0,0,12616,0,890,0,126887,126887
3551504,3508,Ribeirão Preto,0.0,200.0,0.0,0.0,0.0,0.0,90.0,7192.0,0.0,0.0,0.0,0.0,200.0,200.0,0.0,0.0,0.0,0.0,0.0,675.0,0.0,0.0,0.0,0.0,116.0,532208.0,0.0,0.0,0.0,0.0,864.0,480.0,0.0,0.0,0.0,0.0,1550.0,0.0,15.0,0.0,120.0,0.0,0.0,30.0,5.0,20.0,0,0,0,43443,0,0,0,43909,43909
3551405,3508,Ribeirão Preto,0.0,150.0,0.0,200.0,0.0,0.0,0.0,15955.0,0.0,0.0,0.0,60.0,10.0,800.0,0.0,0.0,0.0,0.0,0.0,241.0,0.0,2222.0,0.0,0.0,0.0,1264003.0,0.0,0.0,0.0,600.0,29.0,2320.0,0.0,0.0,0.0,0.0,2400.0,40.0,20.0,300.0,100.0,42000.0,154000.0,100.0,170.0,800.0,0,0,0,1015,0,36,0,12746,12746
3550902,3508,Ribeirão Preto,0.0,0.0,0.0,7.0,0.0,0.0,30.0,24000.0,0.0,6.0,320.0,0.0,70.0,0.0,0.0,13.0,0.0,0.0,0.0,0.0,0.0,70.0,0.0,0.0,35.0,1680000.0,0.0,13.0,6078.0,0.0,252.0,0.0,0.0,1250.0,0.0,0.0,8800.0,0.0,100.0,0.0,620.0,20000.0,210000.0,550.0,100.0,500.0,0,0,0,12052,0,0,0,13442,13442
3547908,3508,Ribeirão Preto,0.0,0.0,0.0,20.0,0.0,0.0,2000.0,2000.0,0.0,0.0,1935.0,3.0,2750.0,2000.0,0.0,30.0,0.0,0.0,0.0,0.0,0.0,320.0,0.0,0.0,3600.0,160000.0,0.0,0.0,73439.0,120.0,21900.0,8600.0,0.0,3750.0,0.0,0.0,23000.0,12.0,200.0,0.0,1000.0,0.0,140000.0,340.0,600.0,3000.0,0,0,0,6775,1310,0,0,6775,6775
3547601,3508,Ribeirão Preto,0.0,800.0,0.0,0.0,0.0,0.0,120.0,12600.0,0.0,0.0,425.0,3.0,250.0,1300.0,0.0,0.0,0.0,0.0,0.0,2000.0,0.0,0.0,0.0,0.0,157.0,1008000.0,0.0,0.0,19420.0,6.0,1050.0,6240.0,0.0,0.0,0.0,0.0,8900.0,0.0,80.0,0.0,600.0,7200.0,190000.0,210.0,50.0,500.0,0,0,0,22672,0,0,0,23411,23411
3546504,3508,Ribeirão Preto,0.0,450.0,0.0,0.0,0.0,0.0,0.0,7105.0,0.0,0.0,0.0,15.0,40.0,200.0,0.0,0.0,0.0,0.0,0.0,1856.0,0.0,0.0,0.0,0.0,0.0,639450.0,0.0,0.0,0.0,225.0,144.0,744.0,0.0,0.0,0.0,0.0,391.0,0.0,0.0,0.0,21.0,276.0,942.0,20.0,18.0,167.0,0,3000,0,59,0,30,0,6118,6118
3546256,3508,Ribeirão Preto,0.0,0.0,0.0,0.0,0.0,0.0,150.0,7387.0,0.0,0.0,0.0,6.0,250.0,200.0,0.0,1.0,0.0,0.0,0.0,0.0,0.0,0.0,0.0,0.0,270.0,590960.0,0.0,0.0,0.0,30.0,898.0,360.0,0.0,90.0,0.0,0.0,1600.0,0.0,0.0,50.0,120.0,500.0,2000.0,40.0,70.0,350.0,7000,0,7000,1442,0,10,0,2116,2116
3543402,3508,Ribeirão Preto,0.0,700.0,0.0,60.0,0.0,0.0,70.0,37104.0,0.0,38.0,0.0,180.0,800.0,700.0,0.0,2.0,0.0,0.0,0.0,2465.0,0.0,1604.0,0.0,0.0,97.0,2947653.0,0.0,57.0,0.0,2700.0,3840.0,1470.0,0.0,132.0,0.0,0.0,3600.0,10.0,150.0,2000.0,1080.0,4200.0,15000.0,770.0,25.0,250.0,0,0,0,698259,0,0,0,698642,698642
3540903,3508,Ribeirão Preto,0.0,300.0,20.0,15.0,0.0,0.0,1.0,10500.0,0.0,12.0,6.0,65.0,580.0,2245.0,0.0,0.0,0.0,0.0,0.0,1230.0,80.0,300.0,0.0,0.0,1.0,861000.0,0.0,12.0,156.0,1430.0,2890.0,6735.0,0.0,0.0,0.0,0.0,314.0,0.0,27.0,0.0,155.0,420.0,532.0,148.0,163.0,418.0,0,0,0,15783,0,60,0,17078,17078
3540200,3508,Ribeirão Preto,0.0,700.0,0.0,0.0,0.0,0.0,0.0,26160.0,0.0,0.0,0.0,0.0,200.0,900.0,0.0,0.0,0.0,0.0,0.0,2870.0,0.0,0.0,0.0,0.0,0.0,2223600.0,0.0,0.0,0.0,0.0,970.0,3240.0,0.0,0.0,0.0,0.0,368.0,0.0,0.0,0.0,184.0,260.0,306.0,208.0,24.0,66.0,0,0,0,36825,850,148,0,37607,37607
3539509,3508,Ribeirão Preto,0.0,1100.0,0.0,0.0,0.0,0.0,4.0,34800.0,0.0,0.0,19.0,2.0,220.0,900.0,0.0,0.0,0.0,0.0,0.0,4510.0,0.0,0.0,0.0,0.0,4.0,2853600.0,0.0,0.0,570.0,36.0,780.0,2970.0,0.0,0.0,0.0,0.0,5305.0,0.0,44.0,0.0,189.0,765.0,370000.0,370.0,87.0,243.0,0,0,0,32433,0,280,0,33674,33674
3531308,3508,Ribeirão Preto,0.0,200.0,0.0,2.0,0.0,1.0,11.0,9200.0,900.0,0.0,112.0,100.0,400.0,600.0,0.0,30.0,0.0,0.0,0.0,740.0,0.0,44.0,0.0,12.0,17.0,791200.0,43200.0,0.0,3136.0,2300.0,2880.0,2520.0,0.0,1650.0,0.0,0.0,15340.0,4.0,0.0,0.0,430.0,5460.0,163520.0,228.0,72.0,734.0,0,0,0,45341,4400,240,0,47574,47574
3527603,3508,Ribeirão Preto,0.0,1000.0,0.0,0.0,0.0,0.0,50.0,35000.0,0.0,0.0,1800.0,2.0,250.0,1000.0,0.0,0.0,0.0,0.0,0.0,3032.0,0.0,0.0,0.0,0.0,68.0,2975000.0,0.0,0.0,47700.0,20.0,1466.0,3600.0,0.0,0.0,0.0,0.0,8000.0,0.0,100.0,0.0,300.0,3000.0,5000.0,1000.0,60.0,300.0,0,0,0,12228,1500,128,0,12265,12265
3525102,3508,Ribeirão Preto,0.0,1700.0,0.0,8.0,0.0,0.0,38.0,36000.0,0.0,0.0,4.0,7.0,650.0,2000.0,150.0,0.0,0.0,0.0,0.0,5302.0,0.0,208.0,0.0,0.0,46.0,2880000.0,0.0,0.0,103.0,140.0,3480.0,7200.0,295.0,0.0,0.0,0.0,8000.0,10.0,50.0,0.0,300.0,30000.0,120000.0,490.0,120.0,1400.0,0,800,0,43499,0,238,0,45282,45282
3524303,3508,Ribeirão Preto,0.0,4500.0,0.0,0.0,0.0,0.0,0.0,57550.0,30.0,10.0,40.0,10.0,600.0,3700.0,50.0,10.0,0.0,0.0,0.0,18450.0,0.0,0.0,0.0,0.0,0.0,5179500.0,1200.0,12.0,1200.0,188.0,3600.0,13320.0,150.0,1000.0,0.0,0.0,5281.0,15.0,179.0,70.0,582.0,2200.0,2350.0,680.0,269.0,750.0,0,4070,0,69856,4700,410,0,71821,71821
3518859,3508,Ribeirão Preto,0.0,195.0,3.0,0.0,0.0,0.0,0.0,25391.0,0.0,0.0,0.0,8.0,372.0,460.0,0.0,0.0,0.0,0.0,0.0,824.0,9.0,0.0,0.0,0.0,0.0,1853568.0,0.0,0.0,0.0,100.0,1488.0,621.0,0.0,0.0,0.0,0.0,3800.0,270.0,45.0,0.0,300.0,680000.0,800000.0,200.0,35.0,400.0,0,10,0,65,0,40,0,7320,7320
3518602,3508,Ribeirão Preto,0.0,2200.0,0.0,0.0,0.0,0.0,0.0,17765.0,0.0,0.0,0.0,0.0,190.0,1600.0,0.0,0.0,0.0,0.0,0.0,9020.0,0.0,0.0,0.0,0.0,0.0,1545555.0,0.0,0.0,0.0,0.0,1110.0,5760.0,0.0,0.0,0.0,0.0,707.0,0.0,8.0,0.0,91.0,268.0,310.0,31.0,186.0,700.0,0,0,0,36252,3260,10,0,37498,37498
3514601,3508,Ribeirão Preto,0.0,1000.0,0.0,1.0,0.0,0.0,0.0,8615.0,0.0,0.0,0.0,3.0,73.0,300.0,20.0,0.0,0.0,0.0,0.0,4100.0,0.0,20.0,0.0,0.0,0.0,732275.0,0.0,0.0,0.0,47.0,365.0,1080.0,50.0,0.0,0.0,0.0,332.0,0.0,7.0,0.0,50.0,750.0,1116.0,82.0,8.0,24.0,0,0,0,914,0,10,0,9471,9471
3513108,3508,Ribeirão Preto,0.0,300.0,0.0,5.0,0.0,0.0,137.0,21780.0,0.0,0.0,119.0,0.0,300.0,0.0,0.0,40.0,0.0,0.0,0.0,450.0,0.0,100.0,0.0,0.0,142.0,1546380.0,0.0,0.0,1660.0,0.0,1590.0,0.0,0.0,3000.0,0.0,0.0,5000.0,0.0,0.0,800.0,480.0,35000.0,40000.0,1900.0,200.0,600.0,0,0,0,328,0,140,0,33281,33281
3510906,3508,Ribeirão Preto,0.0,0.0,0.0,9.0,0.0,0.0,2700.0,3500.0,0.0,0.0,250.0,0.0,50.0,500.0,0.0,0.0,0.0,0.0,0.0,0.0,0.0,277.0,0.0,0.0,4050.0,210000.0,0.0,0.0,12500.0,0.0,225.0,1800.0,0.0,0.0,0.0,0.0,15000.0,80.0,40.0,200.0,2000.0,15000.0,350000.0,500.0,350.0,1500.0,0,0,0,2776,0,0,0,2799,2799
3509403,3508,Ribeirão Preto,0.0,100.0,0.0,5.0,0.0,0.0,2000.0,23000.0,0.0,0.0,230.0,25.0,400.0,600.0,0.0,2.0,0.0,0.0,0.0,400.0,0.0,130.0,0.0,0.0,3120.0,1840000.0,0.0,0.0,4853.0,750.0,2298.0,2016.0,0.0,100.0,0.0,0.0,27000.0,70.0,100.0,800.0,1000.0,10000.0,150000.0,500.0,150.0,1500.0,0,0,0,21217,0,0,0,23830,23830
3507803,3508,Ribeirão Preto,0.0,0.0,0.0,14.0,0.0,0.0,950.0,14394.0,0.0,0.0,37.0,0.0,400.0,350.0,0.0,0.0,0.0,0.0,0.0,0.0,0.0,143.0,0.0,0.0,1973.0,999577.0,0.0,0.0,941.0,0.0,1960.0,1213.0,0.0,0.0,0.0,0.0,14000.0,580.0,0.0,0.0,450.0,250000.0,900000.0,320.0,200.0,800.0,0,0,0,24722,0,0,0,25201,25201
3505906,3508,Ribeirão Preto,0.0,0.0,15.0,0.0,0.0,0.0,3000.0,45200.0,0.0,30.0,60.0,0.0,2000.0,3800.0,0.0,0.0,0.0,0.0,0.0,0.0,26.0,0.0,0.0,0.0,4770.0,3842000.0,0.0,29.0,1530.0,0.0,9750.0,12035.0,0.0,0.0,0.0,0.0,22000.0,0.0,28.0,0.0,1000.0,135000.0,1100000.0,700.0,500.0,5000.0,0,0,0,5248,0,300,0,58402,58402
3505609,3508,Ribeirão Preto,0.0,400.0,0.0,0.0,0.0,0.0,0.0,10500.0,0.0,0.0,0.0,0.0,50.0,83.0,0.0,0.0,0.0,0.0,0.0,1640.0,0.0,0.0,0.0,0.0,0.0,892500.0,0.0,0.0,0.0,0.0,250.0,274.0,0.0,0.0,0.0,0.0,365.0,0.0,0.0,0.0,23.0,256.0,285.0,24.0,6.0,20.0,0,0,0,32092,0,199,0,32092,32092
3501004,3508,Ribeirão Preto,0.0,0.0,0.0,0.0,0.0,0.0,10000.0,23112.0,40.0,115.0,1250.0,6.0,1547.0,2240.0,850.0,0.0,0.0,0.0,0.0,0.0,0.0,0.0,0.0,0.0,19870.0,1710288.0,2720.0,322.0,25290.0,68.0,13137.0,8602.0,3060.0,0.0,0.0,0.0,18000.0,0.0,972.0,0.0,960.0,48000.0,460000.0,400.0,42.0,420.0,0,0,0,150,3500,136,0,16818,16818
3556800,3508,Ribeirão Preto,0.0,150.0,0.0,0.0,0.0,0.0,0.0,14800.0,0.0,0.0,82.0,0.0,75.0,1500.0,75.0,0.0,0.0,0.0,0.0,675.0,0.0,0.0,0.0,0.0,0.0,1258000.0,0.0,0.0,5748.0,0.0,450.0,5850.0,315.0,0.0,0.0,0.0,1410.0,0.0,20.0,0.0,108.0,210.0,950.0,110.0,80.0,250.0,0,0,0,16904,70,140,0,17414,17414
3554409,3508,Ribeirão Preto,0.0,200.0,0.0,0.0,0.0,0.0,0.0,15000.0,0.0,0.0,96.0,0.0,100.0,1500.0,40.0,0.0,0.0,0.0,0.0,900.0,0.0,0.0,0.0,0.0,0.0,1275000.0,0.0,0.0,4100.0,0.0,600.0,5850.0,168.0,0.0,0.0,0.0,1400.0,0.0,80.0,0.0,140.0,180.0,600.0,270.0,15.0,40.0,0,0,0,7903,0,10,0,7904,7904
3553658,3508,Ribeirão Preto,0.0,100.0,0.0,0.0,0.0,0.0,0.0,2200.0,0.0,0.0,2160.0,5.0,40.0,100.0,0.0,0.0,0.0,0.0,0.0,313.0,0.0,0.0,0.0,0.0,0.0,176000.0,0.0,0.0,86409.0,90.0,144.0,300.0,0.0,0.0,0.0,0.0,40.0,0.0,12.0,0.0,30.0,65.0,220.0,25.0,0.0,0.0,0,0,6200,2511,0,0,0,2619,2619
3553203,3508,Ribeirão Preto,0.0,750.0,0.0,0.0,0.0,0.0,0.0,7700.0,0.0,0.0,389.0,50.0,230.0,150.0,0.0,0.0,0.0,0.0,0.0,3244.0,0.0,0.0,0.0,0.0,0.0,693000.0,0.0,0.0,16429.0,900.0,918.0,477.0,0.0,0.0,0.0,0.0,680.0,0.0,15.0,0.0,70.0,600.0,1400.0,90.0,45.0,190.0,3800,640,4440,6548,0,50,0,6548,6548
3553104,3508,Ribeirão Preto,0.0,360.0,0.0,0.0,0.0,0.0,0.0,7300.0,120.0,0.0,338.0,90.0,190.0,230.0,0.0,0.0,0.0,2.0,0.0,1440.0,0.0,0.0,0.0,0.0,0.0,657000.0,3600.0,0.0,14301.0,1620.0,850.0,828.0,0.0,0.0,0.0,4.0,1650.0,0.0,10.0,0.0,95.0,950.0,27500.0,150.0,85.0,300.0,0,370,0,5142,0,22,0,5677,5677
3551900,3508,Ribeirão Preto,0.0,200.0,0.0,0.0,0.0,0.0,0.0,7300.0,0.0,0.0,1170.0,0.0,250.0,350.0,0.0,0.0,0.0,0.0,0.0,850.0,0.0,0.0,0.0,0.0,0.0,620500.0,0.0,0.0,41797.0,0.0,1200.0,1365.0,0.0,0.0,0.0,0.0,1750.0,0.0,0.0,0.0,360.0,650.0,1900.0,0.0,30.0,80.0,0,0,0,13362,0,36,0,14576,14576
3533908,3508,Ribeirão Preto,0.0,350.0,0.0,0.0,6.0,0.0,5.0,43800.0,0.0,0.0,2435.0,20.0,650.0,460.0,0.0,0.0,0.0,0.0,0.0,1383.0,0.0,0.0,129.0,0.0,5.0,3285000.0,0.0,0.0,70040.0,310.0,3315.0,1794.0,0.0,0.0,0.0,0.0,16378.0,14.0,18.0,0.0,741.0,785.0,218000.0,418.0,103.0,431.0,0,0,0,52923,0,0,0,55074,55074
3531506,3508,Ribeirão Preto,0.0,200.0,0.0,13.0,0.0,0.0,123.0,13500.0,0.0,0.0,3472.0,28.0,150.0,1000.0,0.0,0.0,0.0,0.0,0.0,700.0,0.0,325.0,0.0,0.0,259.0,1215000.0,0.0,0.0,134159.0,504.0,900.0,3900.0,0.0,0.0,0.0,0.0,6660.0,23.0,13.0,0.0,800.0,3000.0,361000.0,350.0,530.0,6800.0,0,0,0,16984,0,135,0,18151,18151
3524204,3508,Ribeirão Preto,0.0,700.0,0.0,0.0,0.0,0.0,0.0,18800.0,0.0,0.0,45.0,0.0,660.0,2010.0,0.0,0.0,0.0,0.0,0.0,2730.0,0.0,0.0,0.0,0.0,0.0,1438087.0,0.0,0.0,1671.0,0.0,2774.0,7851.0,0.0,0.0,0.0,0.0,2248.0,0.0,0.0,0.0,483.0,274.0,85000.0,531.0,20.0,71.0,0,0,0,5821,1500,101,0,6221,6221
3517901,3508,Ribeirão Preto,0.0,450.0,0.0,0.0,3.0,0.0,0.0,37400.0,0.0,0.0,1740.0,4.0,1290.0,1490.0,0.0,0.0,0.0,0.0,0.0,1845.0,0.0,0.0,38.0,0.0,0.0,3005838.0,0.0,0.0,43237.0,62.0,7189.0,5963.0,0.0,0.0,0.0,0.0,18974.0,2.0,30.0,0.0,558.0,658.0,90000.0,574.0,27.0,115.0,0,0,0,9259,0,24,0,10350,10350
3517406,3508,Ribeirão Preto,0.0,0.0,0.0,0.0,0.0,0.0,0.0,63500.0,0.0,3300.0,0.0,20.0,17500.0,26600.0,1250.0,750.0,0.0,0.0,0.0,0.0,0.0,0.0,0.0,0.0,0.0,5397500.0,0.0,8910.0,0.0,251.0,98967.0,105450.0,1375.0,63750.0,0.0,0.0,21832.0,0.0,35.0,0.0,672.0,33000.0,59000.0,397.0,123.0,284.0,0,0,0,39228,0,329,0,39279,39279
3512100,3508,Ribeirão Preto,0.0,1800.0,0.0,10.0,0.0,0.0,6.0,35520.0,0.0,70.0,12125.0,50.0,1168.0,2738.0,750.0,0.0,0.0,0.0,0.0,7425.0,0.0,200.0,0.0,0.0,4.0,2841600.0,0.0,168.0,353808.0,779.0,5798.0,10721.0,1815.0,0.0,0.0,0.0,13287.0,0.0,8.0,0.0,441.0,645.0,1272.0,873.0,59.0,182.0,0,0,0,48,1963,25,0,6629,6629
3512001,3508,Ribeirão Preto,0.0,600.0,0.0,96.0,0.0,0.0,0.0,25120.0,0.0,0.0,845.0,0.0,990.0,1265.0,65.0,52.0,0.0,0.0,0.0,2475.0,0.0,2400.0,0.0,0.0,0.0,2033791.0,0.0,0.0,24823.0,0.0,5599.0,4945.0,227.0,4160.0,0.0,0.0,14687.0,0.0,13.0,0.0,858.0,872.0,266500.0,372.0,1167.0,15640.0,0,0,0,17194,3090,160,0,18486,18486
3509304,3508,Ribeirão Preto,0.0,42.0,0.0,0.0,4.0,0.0,0.0,7854.0,0.0,0.0,2821.0,0.0,37.0,427.0,0.0,0.0,0.0,0.0,0.0,137.0,0.0,0.0,80.0,0.0,0.0,785400.0,0.0,0.0,108527.0,0.0,222.0,1102.0,0.0,0.0,0.0,0.0,3200.0,0.0,13.0,0.0,185.0,650.0,2200.0,270.0,135.0,410.0,0,4000,0,8536,0,24,0,9133,9133
3506102,3508,Ribeirão Preto,0.0,1200.0,0.0,20.0,0.0,0.0,0.0,39900.0,0.0,0.0,5514.0,20.0,500.0,2500.0,170.0,0.0,0.0,0.0,0.0,4500.0,0.0,420.0,0.0,0.0,0.0,3591000.0,0.0,0.0,230743.0,360.0,3220.0,10000.0,510.0,0.0,0.0,0.0,12750.0,19.0,180.0,0.0,850.0,3600.0,283000.0,800.0,275.0,1100.0,0,0,0,72145,0,827,0,76373,76373
3505500,3508,Ribeirão Preto,0.0,2750.0,0.0,21.0,0.0,0.0,0.0,79145.0,0.0,42.0,8455.0,75.0,4703.0,6331.0,0.0,0.0,0.0,0.0,0.0,11344.0,0.0,377.0,0.0,0.0,0.0,6617551.0,0.0,105.0,184716.0,1248.0,25908.0,24897.0,0.0,0.0,0.0,0.0,47781.0,36.0,115.0,0.0,2241.0,13020.0,13020.0,748.0,55.0,475.0,0,0,0,115789,4230,2472,0,122485,122485
3549508,3508,Ribeirão Preto,0.0,0.0,0.0,28.0,0.0,0.0,1480.0,20500.0,0.0,0.0,0.0,2.0,380.0,3350.0,30.0,7.0,0.0,1.0,0.0,0.0,0.0,700.0,0.0,0.0,2220.0,1947500.0,0.0,0.0,0.0,45.0,2380.0,10050.0,99.0,560.0,0.0,20.0,5100.0,0.0,70.0,0.0,190.0,0.0,620000.0,800.0,170.0,1100.0,0,0,8000,6805,0,0,0,7626,7626
3543600,3508,Ribeirão Preto,0.0,0.0,0.0,0.0,0.0,0.0,14.0,2145.0,0.0,0.0,0.0,0.0,0.0,500.0,0.0,0.0,0.0,0.0,0.0,0.0,0.0,0.0,0.0,0.0,21.0,160875.0,0.0,0.0,0.0,0.0,0.0,1800.0,0.0,0.0,0.0,0.0,6700.0,0.0,315.0,0.0,110.0,0.0,120000.0,40.0,235.0,310.0,0,0,0,3187,0,60,0,4049,4049
3543105,3508,Ribeirão Preto,0.0,0.0,0.0,0.0,0.0,0.0,7000.0,2800.0,0.0,0.0,0.0,0.0,150.0,200.0,0.0,0.0,0.0,0.0,0.0,0.0,0.0,0.0,0.0,0.0,11340.0,212800.0,0.0,0.0,0.0,0.0,990.0,720.0,0.0,0.0,0.0,0.0,3700.0,0.0,30.0,0.0,180.0,0.0,330000.0,320.0,230.0,1200.0,0,0,0,4406,0,10,0,4608,4608
3542701,3508,Ribeirão Preto,0.0,0.0,0.0,0.0,0.0,0.0,2510.0,11700.0,0.0,0.0,0.0,45.0,200.0,500.0,0.0,0.0,0.0,0.0,0.0,0.0,0.0,0.0,0.0,0.0,4518.0,936000.0,0.0,0.0,0.0,900.0,1200.0,1800.0,0.0,0.0,0.0,0.0,6400.0,0.0,200.0,0.0,175.0,0.0,0.0,285.0,150.0,574.0,0,0,8100,6005,650,0,0,6404,6404
3537008,3508,Ribeirão Preto,0.0,0.0,0.0,0.0,0.0,0.0,16500.0,6400.0,0.0,50.0,2000.0,17.0,2300.0,1300.0,0.0,4.0,0.0,0.0,0.0,0.0,0.0,0.0,0.0,0.0,24750.0,499200.0,0.0,75.0,70000.0,340.0,13800.0,4680.0,0.0,227.0,0.0,0.0,8000.0,33.0,160.0,0.0,320.0,34000.0,131000.0,780.0,210.0,1450.0,0,0,0,0,0,0,0,15525,15525
3536307,3508,Ribeirão Preto,0.0,0.0,0.0,30.0,0.0,0.0,3679.0,18000.0,0.0,30.0,2500.0,20.0,800.0,1200.0,0.0,0.0,0.0,0.0,0.0,0.0,0.0,750.0,0.0,0.0,5520.0,1440000.0,0.0,60.0,80000.0,400.0,4500.0,4320.0,0.0,0.0,0.0,0.0,23000.0,23.0,75.0,0.0,620.0,35000.0,105000.0,2750.0,920.0,7000.0,0,750,0,11732,6760,28,0,14512,14512
3525409,3508,Ribeirão Preto,0.0,0.0,0.0,0.0,0.0,50.0,4800.0,5300.0,60.0,0.0,50.0,0.0,150.0,600.0,0.0,0.0,0.0,0.0,0.0,0.0,0.0,0.0,0.0,1750.0,12960.0,424000.0,1200.0,0.0,900.0,0.0,810.0,1800.0,0.0,0.0,0.0,0.0,1500.0,0.0,38.0,0.0,160.0,0.0,193000.0,330.0,100.0,470.0,0,0,6960,3121,0,12,0,3863,3863
3523701,3508,Ribeirão Preto,0.0,0.0,0.0,32.0,0.0,0.0,3850.0,750.0,0.0,50.0,0.0,0.0,200.0,100.0,0.0,0.0,0.0,0.0,0.0,0.0,0.0,832.0,0.0,0.0,5775.0,60000.0,0.0,60.0,0.0,0.0,1200.0,360.0,0.0,0.0,0.0,0.0,9200.0,0.0,25.0,0.0,235.0,0.0,0.0,390.0,110.0,500.0,0,0,0,57,3000,5,0,5779,5779
3516200,3508,Ribeirão Preto,0.0,0.0,0.0,0.0,0.0,0.0,9480.0,6300.0,0.0,0.0,673.0,5.0,450.0,1000.0,0.0,2.0,0.0,0.0,0.0,0.0,0.0,0.0,0.0,0.0,14220.0,491400.0,0.0,0.0,23555.0,100.0,2880.0,3600.0,0.0,100.0,0.0,0.0,18200.0,0.0,70.0,0.0,470.0,0.0,0.0,600.0,200.0,2000.0,0,0,0,346347,0,1382,0,352536,352536
3513207,3508,Ribeirão Preto,0.0,0.0,0.0,0.0,0.0,0.0,7500.0,5300.0,0.0,0.0,425.0,0.0,1000.0,700.0,0.0,0.0,0.0,0.0,0.0,0.0,0.0,0.0,0.0,0.0,11250.0,424000.0,0.0,0.0,14875.0,0.0,5940.0,2520.0,0.0,0.0,0.0,0.0,21700.0,237.0,28.0,0.0,570.0,0.0,147000.0,300.0,190.0,650.0,0,1500,0,905,0,24,0,9272,9272
3549409,3508,Ribeirão Preto,0.0,0.0,0.0,0.0,0.0,0.0,0.0,25000.0,0.0,0.0,0.0,0.0,227.0,3127.0,200.0,48.0,0.0,0.0,0.0,0.0,0.0,0.0,0.0,0.0,0.0,1800000.0,0.0,0.0,0.0,0.0,1302.0,10772.0,800.0,5280.0,0.0,0.0,4383.0,0.0,52.0,308.0,856.0,4837.0,272092.0,896.0,158.0,522.0,0,3000,0,47196,4000,104,0,48558,48558
3544905,3508,Ribeirão Preto,0.0,0.0,0.0,0.0,0.0,0.0,311.0,21805.0,0.0,0.0,0.0,4.0,250.0,2550.0,70.0,0.0,0.0,0.0,0.0,0.0,0.0,0.0,0.0,0.0,560.0,915810.0,0.0,0.0,0.0,48.0,1335.0,8076.0,252.0,0.0,0.0,0.0,5353.0,31.0,92.0,98.0,393.0,47981.0,1398207.0,805.0,230.0,826.0,0,0,0,1034,0,0,0,11411,11411
3534302,3508,Ribeirão Preto,0.0,0.0,0.0,0.0,0.0,0.0,374.0,17800.0,0.0,0.0,0.0,0.0,150.0,2300.0,250.0,0.0,0.0,0.0,0.0,0.0,0.0,0.0,0.0,0.0,989.0,1335000.0,0.0,0.0,0.0,0.0,780.0,7130.0,1050.0,0.0,0.0,0.0,4539.0,3.0,97.0,166.0,1708.0,3144.0,191861.0,450.0,126.0,1085.0,0,0,0,36939,0,460,0,38319,38319
3533601,3508,Ribeirão Preto,0.0,0.0,0.0,0.0,0.0,0.0,552.0,23000.0,0.0,0.0,0.0,0.0,1338.0,4124.0,330.0,2.0,0.0,2.0,0.0,0.0,0.0,0.0,0.0,0.0,1715.0,1725000.0,0.0,0.0,0.0,0.0,6480.0,14481.0,1188.0,100.0,0.0,10.0,3542.0,0.0,29.0,650.0,206.0,3576.0,1983223.0,191.0,164.0,700.0,0,0,0,6687,0,30,0,7391,7391
3531902,3508,Ribeirão Preto,0.0,300.0,0.0,0.0,0.0,0.0,0.0,92750.0,0.0,0.0,0.0,0.0,1109.0,12392.0,500.0,0.0,0.0,0.0,0.0,1545.0,0.0,0.0,0.0,0.0,0.0,6678000.0,0.0,0.0,0.0,0.0,8398.0,44595.0,1350.0,0.0,0.0,0.0,12292.0,8.0,63.0,395.0,961.0,33424.0,168751.0,900.0,231.0,1008.0,0,0,0,25693,2248,25,0,27933,27933
3521309,3508,Ribeirão Preto,0.0,0.0,0.0,0.0,0.0,0.0,0.0,26050.0,0.0,201.0,0.0,1.0,2305.0,11054.0,300.0,0.0,0.0,0.0,0.0,0.0,0.0,0.0,0.0,0.0,0.0,2031900.0,0.0,486.0,0.0,11.0,10645.0,35071.0,1080.0,0.0,0.0,0.0,3398.0,0.0,101.0,184.0,901.0,3003.0,63151.0,491.0,180.0,815.0,0,9730,0,13864,0,72,0,14454,14454
3529708,3508,Ribeirão Preto,0.0,0.0,0.0,0.0,0.0,148.0,0.0,38100.0,0.0,2200.0,0.0,6.0,7512.0,18750.0,2500.0,500.0,0.0,0.0,0.0,0.0,0.0,0.0,0.0,4884.0,0.0,2629000.0,0.0,5280.0,0.0,66.0,62116.0,62424.0,9300.0,55000.0,0.0,0.0,4778.0,0.0,29.0,428.0,300.0,58202.0,235815.0,603.0,818.0,7538.0,0,0,0,1801,0,210,0,19441,19441
3524105,3508,Ribeirão Preto,0.0,0.0,0.0,0.0,0.0,0.0,313.0,46000.0,0.0,0.0,0.0,0.0,2473.0,9707.0,482.0,2.0,0.0,6.0,0.0,0.0,0.0,0.0,0.0,0.0,641.0,3526682.0,0.0,0.0,0.0,0.0,11386.0,36449.0,2210.0,119.0,0.0,248.0,16896.0,9.0,25.0,470.0,451.0,7183.0,1631520.0,1089.0,286.0,1300.0,0,0,0,37375,0,320,0,37571,37571
3520103,3508,Ribeirão Preto,0.0,0.0,0.0,0.0,0.0,0.0,106.0,24650.0,0.0,0.0,581.0,22.0,350.0,2300.0,100.0,0.0,0.0,0.0,0.0,0.0,0.0,0.0,0.0,0.0,206.0,1972000.0,0.0,0.0,15687.0,252.0,1806.0,7360.0,300.0,0.0,0.0,0.0,9095.0,0.0,9.0,380.0,494.0,5934.0,43073.0,618.0,218.0,1487.0,0,200,0,240,0,30,0,26212,26212
3517703,3508,Ribeirão Preto,0.0,0.0,0.0,0.0,0.0,0.0,35.0,22780.0,0.0,0.0,0.0,3.0,587.0,4227.0,250.0,1.0,0.0,0.0,0.0,0.0,0.0,0.0,0.0,0.0,60.0,1708500.0,0.0,0.0,0.0,75.0,2591.0,12176.0,600.0,50.0,0.0,0.0,2970.0,0.0,12.0,175.0,243.0,73226.0,202114.0,277.0,251.0,2053.0,0,0,0,18606,1200,110,0,18606,18606
3508207,3508,Ribeirão Preto,0.0,218.0,0.0,0.0,0.0,0.0,458.0,11382.0,0.0,0.0,0.0,8.0,218.0,1908.0,200.0,7.0,0.0,0.0,0.0,1091.0,0.0,0.0,0.0,0.0,1157.0,853650.0,0.0,0.0,0.0,88.0,1555.0,5279.0,600.0,350.0,0.0,0.0,11102.0,0.0,21.0,60.0,355.0,2722.0,145639.0,136.0,109.0,558.0,8550,1000,9550,41,0,36,0,4356,4356
3503000,3508,Ribeirão Preto,0.0,73.0,0.0,0.0,0.0,0.0,0.0,11700.0,0.0,12.0,0.0,0.0,216.0,2243.0,100.0,0.0,0.0,0.0,0.0,365.0,0.0,0.0,0.0,0.0,0.0,838504.0,0.0,29.0,0.0,0.0,976.0,6933.0,360.0,0.0,0.0,0.0,1753.0,0.0,5.0,34.0,183.0,2522.0,87305.0,96.0,132.0,505.0,0,340,0,5066,0,20,0,5420,5420
3554755,3509,Araraquara,0.0,50.0,0.0,0.0,0.0,0.0,170.0,2400.0,0.0,0.0,50.0,0.0,15.0,0.0,0.0,0.0,0.0,0.0,0.0,155.0,0.0,0.0,0.0,0.0,510.0,183161.0,0.0,0.0,1580.0,0.0,72.0,0.0,0.0,0.0,0.0,0.0,1868.0,179.0,0.0,0.0,42.0,50000.0,56000.0,70.0,125.0,510.0,0,0,5450,1596,0,10,0,1682,1682
3553708,3509,Araraquara,0.0,2050.0,0.0,20.0,30.0,0.0,0.0,28700.0,110.0,0.0,1245.0,150.0,1000.0,1750.0,60.0,25.0,0.0,0.0,0.0,8713.0,0.0,880.0,454.0,0.0,0.0,2583000.0,3960.0,0.0,34860.0,2250.0,3600.0,6510.0,198.0,1250.0,0.0,0.0,5406.0,0.0,60.0,0.0,337.0,113640.0,245600.0,450.0,99.0,1137.0,0,0,0,49126,0,3125,0,52260,52260
3552700,3509,Araraquara,0.0,400.0,0.0,30.0,0.0,0.0,48.0,17900.0,0.0,0.0,1500.0,0.0,400.0,2000.0,0.0,18.0,0.0,0.0,0.0,1446.0,0.0,600.0,0.0,0.0,45.0,1539400.0,0.0,0.0,36078.0,0.0,1983.0,5386.0,0.0,1800.0,0.0,0.0,7081.0,0.0,0.0,0.0,125.0,10000.0,1005000.0,55.0,40.0,200.0,0,0,0,12585,2980,72,0,14769,14769
3546900,3509,Araraquara,0.0,400.0,0.0,0.0,0.0,0.0,168.0,13800.0,0.0,70.0,0.0,2.0,400.0,400.0,0.0,0.0,0.0,0.0,0.0,1000.0,0.0,0.0,0.0,0.0,259.0,1035000.0,0.0,125.0,0.0,70.0,1860.0,1080.0,0.0,0.0,0.0,0.0,474.0,0.0,45.0,0.0,65.0,7000.0,144000.0,45.0,77.0,295.0,7680,30,7710,6585,0,2,0,7149,7149
3543709,3509,Araraquara,0.0,200.0,0.0,0.0,0.0,0.0,0.0,18500.0,0.0,0.0,2693.0,0.0,100.0,1500.0,0.0,0.0,0.0,0.0,0.0,600.0,0.0,0.0,0.0,0.0,0.0,1480000.0,0.0,0.0,50259.0,0.0,447.0,7200.0,0.0,0.0,0.0,0.0,4910.0,279.0,0.0,0.0,42.0,10000.0,293000.0,236.0,60.0,280.0,0,0,0,7093,0,0,0,9098,9098
3532900,3509,Araraquara,0.0,0.0,0.0,0.0,0.0,0.0,10.0,8018.0,0.0,0.0,600.0,0.0,400.0,1218.0,0.0,0.0,0.0,0.0,0.0,0.0,0.0,0.0,0.0,0.0,10.0,628001.0,0.0,0.0,13800.0,0.0,1920.0,3289.0,0.0,0.0,0.0,0.0,828.0,0.0,0.0,0.0,36.0,12100.0,158000.0,71.0,50.0,145.0,0,0,0,9311,0,50,0,9311,9311
3532058,3509,Araraquara,0.0,230.0,0.0,6.0,1.0,0.0,2.0,11510.0,0.0,5.0,785.0,14.0,50.0,720.0,0.0,2.0,0.0,0.0,0.0,950.0,0.0,136.0,5.0,0.0,4.0,963373.0,0.0,13.0,25622.0,420.0,295.0,2340.0,0.0,105.0,0.0,0.0,998.0,0.0,0.0,0.0,30.0,12000.0,95000.0,0.0,200.0,600.0,0,6600,0,4034,320,8,0,4034,4034
3529302,3509,Araraquara,0.0,250.0,0.0,0.0,0.0,0.0,50.0,20000.0,0.0,0.0,4200.0,30.0,1050.0,3300.0,100.0,0.0,0.0,0.0,0.0,900.0,0.0,0.0,0.0,0.0,100.0,1500000.0,0.0,0.0,135345.0,1160.0,3865.0,10890.0,270.0,0.0,0.0,0.0,4960.0,0.0,0.0,0.0,400.0,10000.0,418000.0,195.0,195.0,725.0,0,0,0,75733,9269,1962,0,79033,79033
3522703,3509,Araraquara,0.0,3800.0,0.0,10.0,150.0,0.0,10.0,49200.0,0.0,0.0,3700.0,600.0,2500.0,5000.0,300.0,3.0,0.0,0.0,0.0,15960.0,0.0,220.0,3000.0,0.0,15.0,3936000.0,0.0,0.0,92500.0,10800.0,15000.0,20000.0,600.0,108.0,0.0,0.0,28540.0,28.0,70.0,0.0,440.0,45860.0,277300.0,285.0,416.0,1980.0,0,0,0,380,0,370,0,39493,39493
3519600,3509,Araraquara,0.0,3000.0,0.0,0.0,0.0,0.0,24.0,31000.0,0.0,0.0,5500.0,20.0,800.0,2500.0,0.0,0.0,0.0,0.0,0.0,10500.0,0.0,0.0,0.0,0.0,36.0,3100000.0,0.0,0.0,154000.0,400.0,4320.0,6750.0,0.0,0.0,0.0,0.0,10750.0,54.0,50.0,0.0,500.0,6800.0,416000.0,950.0,200.0,950.0,0,0,0,60033,0,399,0,60033,60033
3516853,3509,Araraquara,0.0,100.0,0.0,0.0,0.0,0.0,6.0,6300.0,0.0,0.0,2000.0,302.0,500.0,1400.0,0.0,0.0,0.0,1.0,0.0,344.0,0.0,0.0,0.0,0.0,10.0,541800.0,0.0,0.0,68890.0,9144.0,2596.0,4068.0,0.0,0.0,0.0,20.0,1810.0,0.0,0.0,0.0,25.0,10000.0,150000.0,125.0,23.0,395.0,0,0,0,4688,0,0,0,4702,4702
3514007,3509,Araraquara,0.0,600.0,0.0,0.0,0.0,0.0,0.0,9830.0,0.0,0.0,0.0,10.0,40.0,160.0,0.0,0.0,0.0,0.0,0.0,2475.0,0.0,0.0,0.0,0.0,0.0,884700.0,0.0,0.0,0.0,150.0,204.0,557.0,0.0,0.0,0.0,0.0,735.0,0.0,0.0,0.0,49.0,131.0,805.0,200.0,40.0,201.0,0,0,0,857,0,18,0,8759,8759
3510104,3509,Araraquara,0.0,230.0,0.0,0.0,80.0,0.0,0.0,1900.0,12.0,42.0,93.0,50.0,120.0,280.0,0.0,0.0,0.0,0.0,0.0,966.0,0.0,0.0,1440.0,0.0,0.0,165300.0,672.0,113.0,2325.0,1150.0,624.0,1008.0,0.0,0.0,0.0,0.0,536.0,0.0,21.0,0.0,62.0,1110.0,95070.0,38.0,98.0,490.0,6720,1240,7960,26,1000,180,0,2889,2889
3507407,3509,Araraquara,0.0,3000.0,0.0,0.0,30.0,0.0,27.0,29340.0,5.0,0.0,1500.0,20.0,300.0,1075.0,862.0,0.0,0.0,0.0,0.0,10500.0,0.0,0.0,900.0,0.0,54.0,2640600.0,100.0,0.0,45000.0,600.0,1800.0,3225.0,3448.0,0.0,0.0,0.0,12900.0,0.0,90.0,0.0,260.0,3200.0,312500.0,250.0,190.0,1200.0,0,0,0,13366,3000,50,0,14226,14226
3506706,3509,Araraquara,0.0,1500.0,0.0,7.0,0.0,0.0,10.0,35000.0,0.0,0.0,6500.0,150.0,150.0,1800.0,0.0,1.0,0.0,0.0,0.0,6195.0,0.0,106.0,0.0,0.0,13.0,2695000.0,0.0,0.0,195000.0,4352.0,1062.0,7020.0,0.0,7.0,0.0,0.0,12957.0,6.0,50.0,0.0,400.0,45000.0,232000.0,145.0,155.0,480.0,0,0,0,12722,0,54,0,12978,12978
3503208,3509,Araraquara,0.0,300.0,0.0,42.0,5.0,0.0,135.0,39000.0,0.0,25.0,40.0,45.0,750.0,4000.0,100.0,8.0,0.0,0.0,0.0,1081.0,0.0,630.0,48.0,0.0,95.0,3120000.0,0.0,74.0,852.0,755.0,4381.0,12000.0,240.0,440.0,0.0,0.0,9977.0,9.0,51.0,0.0,851.0,30000.0,565000.0,430.0,239.0,839.0,0,0,0,239774,0,7842,0,242228,242228
3501707,3509,Araraquara,0.0,150.0,0.0,0.0,0.0,0.0,10.0,8400.0,0.0,0.0,220.0,0.0,50.0,0.0,0.0,0.0,0.0,0.0,0.0,486.0,0.0,0.0,0.0,0.0,12.0,672000.0,0.0,0.0,4845.0,0.0,220.0,0.0,0.0,0.0,0.0,0.0,235.0,0.0,0.0,0.0,35.0,715.0,1075.0,0.0,20.0,100.0,0,0,0,31754,0,360,0,33019,33019
3548906,3509,Araraquara,0.0,600.0,0.0,0.0,0.0,0.0,700.0,35000.0,0.0,0.0,1700.0,130.0,2000.0,2000.0,0.0,6.0,0.0,0.0,0.0,2160.0,0.0,0.0,0.0,0.0,595.0,2800000.0,0.0,0.0,40800.0,2500.0,11480.0,7200.0,0.0,464.0,0.0,0.0,38300.0,340.0,340.0,0.0,1450.0,332500.0,1650000.0,2300.0,330.0,2100.0,0,0,0,254822,0,5610,0,254857,254857
3547502,3509,Araraquara,0.0,0.0,0.0,40.0,0.0,0.0,180.0,18800.0,0.0,0.0,1000.0,65.0,700.0,380.0,300.0,10.0,0.0,0.0,0.0,0.0,0.0,600.0,0.0,0.0,324.0,1316000.0,0.0,0.0,28560.0,1300.0,4998.0,1140.0,630.0,75.0,0.0,0.0,23450.0,250.0,30.0,3200.0,1070.0,3000.0,687000.0,300.0,75.0,500.0,0,0,0,240,2300,728,0,24833,24833
3542909,3509,Araraquara,0.0,200.0,0.0,0.0,0.0,0.0,48.0,18000.0,0.0,0.0,2525.0,65.0,100.0,250.0,0.0,0.0,0.0,5.0,0.0,356.0,0.0,0.0,0.0,0.0,82.0,1350000.0,0.0,0.0,83325.0,1360.0,600.0,700.0,0.0,0.0,0.0,60.0,11500.0,350.0,25.0,0.0,170.0,225500.0,795000.0,500.0,0.0,1700.0,7000,5000,0,90,0,33,0,10989,10989
3540705,3509,Araraquara,0.0,300.0,0.0,0.0,0.0,245.0,0.0,9900.0,0.0,65.0,525.0,75.0,1150.0,2500.0,380.0,130.0,95.0,0.0,0.0,1500.0,0.0,0.0,0.0,8575.0,0.0,841500.0,0.0,156.0,17136.0,1425.0,8640.0,10500.0,760.0,13000.0,428.0,0.0,3410.0,35.0,0.0,0.0,220.0,1500.0,53500.0,45.0,10.0,50.0,0,4500,0,52551,0,50,0,52649,52649
3539301,3509,Araraquara,320.0,0.0,0.0,0.0,0.0,0.0,0.0,22000.0,0.0,0.0,2365.0,200.0,5800.0,6000.0,200.0,0.0,0.0,0.0,483.0,0.0,0.0,0.0,0.0,0.0,0.0,1760000.0,0.0,0.0,84913.0,4000.0,52440.0,19800.0,360.0,0.0,0.0,0.0,8550.0,61.0,200.0,0.0,600.0,30000.0,210000.0,520.0,150.0,3000.0,0,0,0,73545,0,82,0,73545,73545
3523602,3509,Araraquara,0.0,0.0,0.0,0.0,0.0,0.0,97.0,6406.0,0.0,2.0,500.0,3.0,580.0,300.0,0.0,1.0,0.0,0.0,0.0,0.0,0.0,0.0,0.0,0.0,140.0,448420.0,0.0,3.0,13500.0,78.0,2130.0,780.0,0.0,70.0,0.0,0.0,21445.0,0.0,52.0,0.0,426.0,765048.0,1280445.0,236.0,69.0,429.0,0,0,0,16148,2600,64,0,16148,16148
3519303,3509,Araraquara,0.0,0.0,0.0,0.0,0.0,0.0,0.0,15000.0,0.0,0.0,940.0,5.0,100.0,200.0,0.0,0.0,0.0,0.0,0.0,0.0,0.0,0.0,0.0,0.0,0.0,1200000.0,0.0,0.0,25380.0,100.0,415.0,600.0,0.0,0.0,0.0,0.0,4700.0,0.0,40.0,0.0,180.0,128000.0,165000.0,75.0,0.0,150.0,0,0,0,30789,1840,260,0,32178,32178
3514304,3509,Araraquara,0.0,0.0,0.0,0.0,0.0,0.0,105.0,5500.0,0.0,0.0,130.0,0.0,630.0,230.0,0.0,0.0,0.0,0.0,0.0,0.0,0.0,0.0,0.0,0.0,147.0,440000.0,0.0,0.0,3250.0,0.0,4864.0,769.0,0.0,0.0,0.0,0.0,11300.0,210.0,0.0,0.0,190.0,86200.0,445000.0,280.0,7.0,90.0,0,0,0,7525,0,0,0,8096,8096
3513702,3509,Araraquara,0.0,0.0,0.0,5.0,0.0,200.0,390.0,30000.0,0.0,6.0,4500.0,40.0,900.0,1000.0,0.0,0.0,0.0,0.0,0.0,0.0,0.0,150.0,0.0,7600.0,400.0,2400000.0,0.0,17.0,122454.0,1200.0,5340.0,3600.0,0.0,0.0,0.0,0.0,25950.0,230.0,50.0,0.0,520.0,695300.0,2120000.0,520.0,1450.0,8500.0,0,0,0,28479,0,416,0,31756,31756
3556701,3510,Campinas,0.0,0.0,0.0,3.0,0.0,0.0,0.0,0.0,0.0,2.0,0.0,6.0,30.0,0.0,0.0,3.0,0.0,80.0,0.0,0.0,0.0,45.0,0.0,0.0,0.0,0.0,0.0,2.0,0.0,96.0,108.0,0.0,0.0,165.0,0.0,1320.0,2200.0,30.0,30.0,0.0,150.0,2100.0,250000.0,65.0,16.0,180.0,0,0,0,74135,0,840,0,76540,76540
3556206,3510,Campinas,0.0,0.0,0.0,16.0,0.0,0.0,0.0,0.0,0.0,2.0,0.0,3.0,30.0,0.0,0.0,1.0,0.0,42.0,0.0,0.0,0.0,320.0,0.0,0.0,0.0,0.0,0.0,2.0,0.0,48.0,135.0,0.0,0.0,50.0,0.0,610.0,2050.0,0.0,80.0,0.0,260.0,4500.0,285000.0,580.0,85.0,1150.0,0,0,0,126325,0,784,0,126373,126373
3552403,3510,Campinas,0.0,0.0,0.0,60.0,0.0,0.0,0.0,800.0,0.0,0.0,0.0,5.0,300.0,500.0,0.0,400.0,0.0,0.0,0.0,0.0,0.0,1200.0,0.0,0.0,0.0,68445.0,0.0,0.0,0.0,75.0,2074.0,1400.0,0.0,38815.0,0.0,0.0,2500.0,0.0,0.0,0.0,0.0,1056677.0,1056677.0,0.0,0.0,2600.0,0,4800,0,279545,0,2160,0,279545,279545
3548005,3510,Campinas,0.0,0.0,0.0,8.0,0.0,0.0,83.0,3200.0,0.0,8.0,1236.0,245.0,800.0,350.0,0.0,0.0,0.0,0.0,0.0,0.0,0.0,160.0,0.0,0.0,90.0,256000.0,0.0,24.0,53338.0,3675.0,5760.0,1260.0,0.0,0.0,0.0,0.0,4422.0,21.0,2000.0,12000.0,2630.0,25900.0,185600.0,2270.0,645.0,1700.0,0,0,0,21654,6350,139,0,23244,23244
3545803,3510,Campinas,0.0,0.0,0.0,0.0,0.0,0.0,24.0,15300.0,0.0,0.0,0.0,17.0,480.0,800.0,0.0,0.0,0.0,0.0,0.0,0.0,0.0,0.0,0.0,0.0,34.0,1224000.0,0.0,0.0,0.0,255.0,2732.0,3200.0,0.0,0.0,0.0,0.0,1735.0,0.0,0.0,0.0,196.0,1995.0,445000.0,105.0,24.0,275.0,0,0,0,183347,0,1800,0,183347,183347
3537107,3510,Campinas,0.0,0.0,0.0,1.0,0.0,0.0,8.0,0.0,0.0,8.0,0.0,0.0,20.0,0.0,0.0,0.0,0.0,0.0,0.0,0.0,0.0,30.0,0.0,0.0,14.0,0.0,0.0,3.0,0.0,0.0,100.0,0.0,0.0,0.0,0.0,0.0,4000.0,0.0,50.0,0.0,400.0,3000.0,100000.0,350.0,20.0,200.0,0,0,0,43084,0,204,0,43112,43112
3536505,3510,Campinas,0.0,0.0,0.0,88.0,3.0,0.0,0.0,3500.0,0.0,0.0,10.0,0.0,68.0,0.0,0.0,0.0,0.0,0.0,0.0,0.0,0.0,2445.0,72.0,0.0,0.0,307164.0,0.0,0.0,296.0,0.0,299.0,0.0,0.0,0.0,0.0,0.0,320.0,0.0,0.0,0.0,75.0,0.0,20100.0,85.0,0.0,90.0,0,0,0,110537,0,2506,0,110537,110537
3533403,3510,Campinas,0.0,0.0,0.0,12.0,0.0,0.0,0.0,0.0,0.0,0.0,0.0,48.0,415.0,186.0,0.0,0.0,0.0,0.0,0.0,0.0,0.0,136.0,0.0,0.0,0.0,0.0,0.0,0.0,0.0,720.0,1805.0,614.0,0.0,0.0,0.0,0.0,280.0,0.0,0.0,0.0,45.0,290.0,400.0,0.0,13.0,161.0,0,0,0,61935,4500,480,0,62019,62019
3531803,3510,Campinas,0.0,0.0,0.0,0.0,40.0,0.0,16.0,7177.0,0.0,40.0,0.0,5.0,200.0,300.0,0.0,110.0,0.0,84.0,0.0,0.0,0.0,0.0,960.0,0.0,23.0,669205.0,0.0,96.0,0.0,56.0,1200.0,970.0,0.0,6875.0,0.0,920.0,8500.0,0.0,0.0,0.0,930.0,530000.0,550000.0,800.0,395.0,3400.0,0,4721,0,64662,0,0,0,64662,64662
3524709,3510,Campinas,0.0,0.0,0.0,11.0,0.0,0.0,0.0,2500.0,0.0,20.0,747.0,10.0,350.0,120.0,0.0,4.0,0.0,0.0,0.0,0.0,0.0,220.0,0.0,0.0,0.0,200000.0,0.0,36.0,21663.0,250.0,2310.0,432.0,0.0,228.0,0.0,0.0,3300.0,0.0,370.0,0.0,1430.0,3000.0,90000.0,150.0,0.0,0.0,0,0,0,59347,8167,144,0,59347,59347
3520509,3510,Campinas,0.0,0.0,0.0,0.0,0.0,20.0,121.0,2000.0,0.0,220.0,0.0,25.0,800.0,750.0,400.0,0.0,0.0,510.0,0.0,0.0,0.0,0.0,0.0,780.0,145.0,158000.0,0.0,242.0,0.0,425.0,4000.0,2925.0,600.0,0.0,0.0,5100.0,9780.0,0.0,12.0,0.0,1990.0,28740.0,135000.0,110.0,4.0,30.0,0,0,0,255739,0,1320,0,255748,255748
3519071,3510,Campinas,0.0,0.0,0.0,0.0,0.0,0.0,0.0,0.0,0.0,0.0,0.0,0.0,0.0,0.0,0.0,0.0,0.0,0.0,0.0,0.0,0.0,0.0,0.0,0.0,0.0,0.0,0.0,0.0,0.0,0.0,0.0,0.0,0.0,0.0,0.0,0.0,0.0,0.0,0.0,0.0,0.0,0.0,0.0,0.0,0.0,0.0,0,0,0,236641,9145,1806,0,236641,236641
3519055,3510,Campinas,0.0,0.0,0.0,0.0,0.0,0.0,15.0,300.0,0.0,34.0,200.0,4.0,300.0,700.0,300.0,4.0,0.0,0.0,0.0,0.0,0.0,0.0,0.0,0.0,26.0,39000.0,0.0,51.0,8184.0,100.0,2400.0,2550.0,1000.0,240.0,0.0,0.0,1290.0,0.0,30.0,0.0,192.0,489833.0,1100000.0,0.0,1200.0,12000.0,0,0,0,15094,3000,234,0,15094,15094
3514908,3510,Campinas,0.0,0.0,0.0,0.0,35.0,0.0,0.0,7000.0,0.0,0.0,0.0,30.0,900.0,500.0,0.0,50.0,0.0,300.0,0.0,0.0,0.0,0.0,525.0,0.0,0.0,560000.0,0.0,0.0,0.0,750.0,4800.0,1800.0,0.0,4000.0,0.0,3000.0,12500.0,70.0,17.0,0.0,210.0,7000.0,205000.0,22.0,2050.0,30100.0,0,0,0,17699,0,0,0,17699,17699
3512803,3510,Campinas,0.0,0.0,0.0,10.0,0.0,0.0,0.0,5202.0,0.0,0.0,100.0,40.0,600.0,120.0,0.0,8.0,0.0,0.0,0.0,0.0,0.0,298.0,0.0,0.0,0.0,480770.0,0.0,0.0,2834.0,860.0,3398.0,373.0,0.0,711.0,0.0,0.0,1600.0,0.0,0.0,0.0,62.0,500.0,1100.0,0.0,46.0,331.0,0,0,0,59715,0,536,0,59773,59773
3509502,3510,Campinas,0.0,0.0,0.0,72.0,1.0,0.0,500.0,1292.0,0.0,30.0,10.0,100.0,410.0,800.0,0.0,2.0,0.0,33.0,0.0,0.0,0.0,1872.0,11.0,0.0,762.0,100776.0,0.0,63.0,277.0,1784.0,1680.0,2068.0,0.0,200.0,0.0,504.0,29000.0,43.0,200.0,0.0,1560.0,9000.0,250000.0,1000.0,95.0,950.0,0,0,0,0,0,0,0,1139047,1139047
3503802,3510,Campinas,0.0,0.0,0.0,59.0,0.0,0.0,0.0,4000.0,0.0,9.0,1706.0,560.0,1800.0,100.0,0.0,0.0,0.0,0.0,0.0,0.0,0.0,939.0,0.0,0.0,0.0,320000.0,0.0,18.0,33015.0,8682.0,13860.0,245.0,0.0,0.0,0.0,0.0,6712.0,40.0,94.0,0.0,250.0,77606.0,353000.0,203.0,300.0,1600.0,0,0,0,48883,0,397,0,51456,51456
3501608,3510,Campinas,0.0,0.0,0.0,0.0,0.0,0.0,0.0,240.0,0.0,0.0,0.0,0.0,0.0,0.0,0.0,0.0,0.0,0.0,0.0,0.0,0.0,0.0,0.0,0.0,0.0,19200.0,0.0,0.0,0.0,0.0,0.0,0.0,0.0,0.0,0.0,0.0,815.0,0.0,0.0,0.0,35.0,0.0,0.0,0.0,0.0,0.0,0,0,0,236132,0,1615,0,237240,237240
3556503,3510,Campinas,0.0,0.0,0.0,0.0,0.0,0.0,0.0,0.0,0.0,0.0,0.0,0.0,0.0,0.0,0.0,0.0,0.0,0.0,0.0,0.0,0.0,0.0,0.0,0.0,0.0,0.0,0.0,0.0,0.0,0.0,0.0,0.0,0.0,0.0,0.0,0.0,98.0,0.0,22.0,0.0,52.0,679.0,52570.0,0.0,13.0,63.0,0,0,0,115771,3000,300,0,115771,115771
3532009,3510,Campinas,0.0,0.0,0.0,0.0,1.0,15.0,40.0,3.0,0.0,17.0,27.0,3.0,845.0,300.0,0.0,4.0,0.0,0.0,0.0,0.0,0.0,0.0,10.0,300.0,72.0,180.0,0.0,26.0,567.0,75.0,5747.0,600.0,0.0,212.0,0.0,0.0,7545.0,0.0,12.0,0.0,472.0,11000.0,1100000.0,506.0,0.0,0.0,0,0,0,1246,5830,80,0,13720,13720
3527306,3510,Campinas,0.0,0.0,0.0,4.0,0.0,0.0,0.0,7.0,0.0,2.0,0.0,14.0,30.0,0.0,0.0,1.0,0.0,210.0,0.0,0.0,0.0,140.0,0.0,0.0,0.0,825.0,0.0,2.0,0.0,217.0,120.0,0.0,0.0,50.0,0.0,4300.0,1200.0,0.0,75.0,0.0,250.0,9800.0,190000.0,210.0,30.0,200.0,0,0,0,51847,0,753,0,51847,51847
3525904,3510,Campinas,0.0,0.0,0.0,22.0,0.0,0.0,40.0,0.0,0.0,14.0,30.0,80.0,200.0,0.0,0.0,1.0,0.0,1800.0,0.0,0.0,0.0,506.0,0.0,0.0,51.0,0.0,0.0,24.0,690.0,1600.0,780.0,0.0,0.0,60.0,0.0,27000.0,3720.0,0.0,1160.0,0.0,1350.0,1050.0,96500.0,580.0,128.0,1380.0,0,0,0,443116,0,7750,0,443221,443221
3525201,3510,Campinas,0.0,0.0,0.0,5.0,0.0,0.0,0.0,20.0,0.0,5.0,5.0,30.0,400.0,0.0,0.0,0.0,0.0,200.0,0.0,0.0,0.0,50.0,0.0,0.0,0.0,1300.0,0.0,7.0,116.0,600.0,2200.0,0.0,0.0,0.0,0.0,2700.0,4640.0,0.0,905.0,0.0,256.0,2530.0,15850.0,3290.0,223.0,1320.0,0,0,0,37535,0,98,0,37535,37535
3524006,3510,Campinas,0.0,2.0,0.0,5.0,0.0,0.0,4.0,0.0,0.0,482.0,32.0,461.0,804.0,30.0,25.0,35.0,0.0,867.0,0.0,6.0,0.0,50.0,0.0,0.0,6.0,0.0,0.0,1205.0,608.0,9220.0,4574.0,36.0,50.0,595.0,0.0,23409.0,8960.0,0.0,153.0,0.0,530.0,1080.0,5780.0,76.0,45.0,146.0,0,0,0,70616,0,914,0,70616,70616
3523404,3510,Campinas,0.0,0.0,0.0,11.0,0.0,0.0,160.0,90.0,0.0,20.0,4.0,22.0,1877.0,215.0,0.0,7.0,0.0,150.0,0.0,0.0,0.0,143.0,0.0,0.0,312.0,6750.0,0.0,30.0,142.0,352.0,12074.0,903.0,0.0,385.0,0.0,1875.0,21120.0,120.0,140.0,0.0,1200.0,65150.0,500000.0,800.0,295.0,2150.0,0,0,0,12159,0,1521,0,121590,121590
3509601,3510,Campinas,0.0,0.0,0.0,0.0,0.0,0.0,0.0,0.0,0.0,0.0,0.0,0.0,0.0,0.0,0.0,0.0,0.0,0.0,0.0,0.0,0.0,0.0,0.0,0.0,0.0,0.0,0.0,0.0,0.0,0.0,0.0,0.0,0.0,0.0,0.0,0.0,259.0,0.0,31.0,0.0,118.0,244.0,1020.0,19.0,22.0,60.0,0,0,0,77632,4000,393,0,77632,77632
3508405,3510,Campinas,0.0,0.0,0.0,0.0,0.0,0.0,13.0,5.0,0.0,10.0,0.0,5.0,180.0,100.0,0.0,0.0,0.0,3.0,0.0,0.0,0.0,0.0,0.0,0.0,14.0,375.0,0.0,7.0,0.0,80.0,990.0,270.0,0.0,0.0,0.0,27.0,7300.0,0.0,75.0,0.0,315.0,1400.0,2958200.0,150.0,3.0,15.0,0,0,0,47011,4550,343,0,47011,47011
3550407,3510,Campinas,0.0,0.0,0.0,20.0,0.0,0.0,32.0,12000.0,0.0,0.0,2600.0,20.0,450.0,150.0,0.0,0.0,0.0,10.0,0.0,0.0,0.0,535.0,0.0,0.0,33.0,780000.0,0.0,0.0,65000.0,568.0,2310.0,540.0,0.0,0.0,0.0,150.0,35205.0,447.0,219.0,399.0,975.0,9900.0,1795700.0,855.0,31.0,277.0,0,0,0,32766,1320,90,0,38256,38256
3547007,3510,Campinas,0.0,2.0,0.0,0.0,0.0,0.0,0.0,5000.0,0.0,0.0,600.0,900.0,220.0,1500.0,0.0,0.0,0.0,0.0,0.0,6.0,0.0,0.0,0.0,0.0,0.0,328150.0,0.0,0.0,15000.0,22100.0,1060.0,5250.0,0.0,0.0,0.0,0.0,12489.0,61.0,45.0,0.0,277.0,0.0,244700.0,249.0,69.0,219.0,0,3000,0,5072,330,150,0,5243,5243
3545159,3510,Campinas,0.0,0.0,0.0,22.0,0.0,0.0,0.0,3520.0,0.0,0.0,0.0,3.0,120.0,35.0,0.0,0.0,0.0,0.0,0.0,0.0,0.0,926.0,0.0,0.0,0.0,229842.0,0.0,0.0,0.0,52.0,520.0,120.0,0.0,0.0,0.0,0.0,6663.0,33.0,40.0,0.0,101.0,4995.0,611750.0,129.0,51.0,197.0,0,0,0,8161,950,25,0,8161,8161
3544004,3510,Campinas,0.0,0.0,0.0,0.0,0.0,0.0,0.0,14500.0,0.0,0.0,0.0,1.0,210.0,823.0,70.0,0.0,0.0,0.0,0.0,0.0,0.0,0.0,0.0,0.0,0.0,961829.0,0.0,0.0,0.0,25.0,1050.0,2058.0,210.0,0.0,0.0,0.0,2193.0,0.0,39.0,0.0,154.0,5770.0,140700.0,315.0,33.0,188.0,0,0,0,3101,0,210,0,31328,31328
3542107,3510,Campinas,0.0,0.0,0.0,0.0,0.0,0.0,0.0,6900.0,0.0,0.0,0.0,0.0,100.0,30.0,0.0,0.0,0.0,0.0,0.0,0.0,0.0,0.0,0.0,0.0,0.0,470000.0,0.0,0.0,0.0,0.0,500.0,90.0,0.0,0.0,0.0,0.0,3937.0,0.0,0.0,0.0,101.0,7194.0,521700.0,239.0,51.0,10100.0,0,0,0,8965,0,41,0,8965,8965
3538709,3510,Campinas,0.0,0.0,0.0,50.0,68.0,0.0,0.0,48000.0,0.0,130.0,2400.0,170.0,2100.0,1500.0,0.0,0.0,20.0,0.0,0.0,0.0,0.0,1500.0,1088.0,0.0,0.0,3120000.0,0.0,199.0,74606.0,4120.0,13152.0,3600.0,0.0,0.0,48.0,0.0,51769.0,214.0,179.0,380.0,757.0,27799.0,3270500.0,699.0,289.0,2010.0,0,0,0,423323,0,0,0,423323,423323
3530904,3510,Campinas,0.0,0.0,0.0,0.0,0.0,0.0,0.0,8000.0,0.0,0.0,0.0,2.0,50.0,90.0,0.0,2.0,0.0,1.0,0.0,0.0,0.0,0.0,0.0,0.0,0.0,533040.0,0.0,0.0,0.0,40.0,260.0,300.0,0.0,96.0,0.0,7.0,2817.0,4.0,61.0,0.0,85.0,595.0,790700.0,195.0,372.0,16150.0,8000,8000,0,354,0,10,0,3722,3722
3526407,3510,Campinas,0.0,0.0,0.0,5.0,2.0,0.0,13.0,500.0,0.0,0.0,0.0,10.0,4100.0,150.0,0.0,2.0,0.0,0.0,0.0,0.0,0.0,180.0,30.0,0.0,16.0,45000.0,0.0,0.0,0.0,150.0,23818.0,329.0,0.0,120.0,0.0,0.0,41472.0,115.0,79.0,0.0,243.0,0.0,797011.0,73.0,410.0,5100.0,0,0,0,26188,0,0,0,26261,26261
3511706,3510,Campinas,0.0,0.0,0.0,0.0,0.0,0.0,0.0,9500.0,0.0,0.0,0.0,13.0,160.0,0.0,0.0,0.0,0.0,0.0,0.0,0.0,0.0,0.0,0.0,0.0,0.0,617776.0,0.0,0.0,0.0,325.0,905.0,0.0,0.0,0.0,0.0,0.0,7410.0,28.0,51.0,0.0,173.0,1020.0,285700.0,129.0,51.0,298.0,0,0,0,140,9600,26,0,15535,15535
3510401,3510,Campinas,0.0,0.0,0.0,0.0,0.0,0.0,0.0,21500.0,0.0,0.0,0.0,0.0,150.0,200.0,0.0,0.0,0.0,0.0,0.0,0.0,0.0,0.0,0.0,0.0,0.0,1490660.0,0.0,0.0,0.0,0.0,560.0,600.0,0.0,0.0,0.0,0.0,5227.0,37.0,0.0,0.0,180.0,174421.0,991100.0,0.0,1670.0,40700.0,0,0,0,48151,0,236,0,50068,50068
3500600,3510,Campinas,0.0,0.0,0.0,0.0,0.0,0.0,0.0,0.0,0.0,0.0,0.0,0.0,0.0,0.0,0.0,0.0,0.0,0.0,0.0,0.0,0.0,0.0,0.0,0.0,0.0,0.0,0.0,0.0,0.0,0.0,0.0,0.0,0.0,0.0,0.0,0.0,0.0,0.0,0.0,0.0,0.0,0.0,0.0,0.0,0.0,0.0,0,0,0,278,735,50,0,2780,2780
3556354,3510,Campinas,0.0,0.0,0.0,15.0,0.0,5.0,5.0,0.0,0.0,20.0,0.0,15.0,750.0,320.0,0.0,5.0,30.0,0.0,0.0,0.0,0.0,278.0,0.0,106.0,8.0,0.0,0.0,38.0,0.0,450.0,6000.0,1266.0,0.0,219.0,90.0,0.0,7000.0,4.0,150.0,0.0,855.0,650.0,1200.0,350.0,41.0,410.0,0,0,0,0,0,0,0,10512,10512
3554953,3510,Campinas,0.0,0.0,0.0,0.0,0.0,0.0,40.0,0.0,0.0,20.0,0.0,0.0,1900.0,0.0,0.0,5.0,0.0,0.0,0.0,0.0,0.0,0.0,0.0,0.0,64.0,0.0,0.0,30.0,0.0,0.0,13300.0,0.0,0.0,250.0,0.0,0.0,10500.0,55.0,240.0,0.0,600.0,0.0,800000.0,300.0,400.0,4000.0,0,0,0,6778,0,20,0,6778,6778
3552106,3510,Campinas,0.0,0.0,3.0,80.0,10.0,210.0,2700.0,300.0,0.0,300.0,250.0,20.0,2400.0,1500.0,0.0,25.0,0.0,5.0,0.0,0.0,7.0,1619.0,200.0,4788.0,4050.0,24000.0,0.0,525.0,7000.0,400.0,13800.0,6000.0,0.0,1250.0,0.0,60.0,43000.0,200.0,0.0,0.0,1100.0,60000.0,1000000.0,3500.0,700.0,7000.0,0,100,0,375,0,413,0,40122,40122
3538600,3510,Campinas,0.0,0.0,0.0,0.0,0.0,0.0,1.0,50.0,0.0,17.0,6.0,10.0,180.0,0.0,0.0,5.0,0.0,6.0,0.0,0.0,0.0,0.0,0.0,0.0,1.0,2500.0,0.0,28.0,150.0,155.0,600.0,0.0,0.0,275.0,0.0,108.0,16000.0,250.0,260.0,0.0,2300.0,42000.0,66000.0,950.0,40.0,405.0,0,0,0,26029,2510,43,0,26029,26029
3538204,3510,Campinas,0.0,0.0,0.0,3.0,0.0,100.0,70.0,6.0,0.0,10.0,0.0,5.0,500.0,1000.0,0.0,10.0,0.0,0.0,0.0,0.0,0.0,60.0,0.0,2850.0,105.0,600.0,0.0,15.0,0.0,150.0,750.0,2400.0,0.0,460.0,0.0,0.0,8400.0,0.0,240.0,0.0,1100.0,0.0,430000.0,250.0,21.0,205.0,0,0,0,143,3120,67,0,15224,15224
3536802,3510,Campinas,0.0,0.0,0.0,0.0,0.0,150.0,70.0,15.0,0.0,10.0,0.0,0.0,1200.0,300.0,0.0,2.0,0.0,2.0,0.0,0.0,0.0,0.0,0.0,4200.0,91.0,1267.0,0.0,20.0,0.0,0.0,8400.0,900.0,0.0,100.0,0.0,30.0,12000.0,18.0,0.0,0.0,540.0,3000.0,250000.0,110.0,650.0,5000.0,0,0,0,6557,660,18,0,6557,6557
3532405,3510,Campinas,0.0,0.0,5.0,9.0,2.0,0.0,19.0,32.0,0.0,5.0,10.0,10.0,350.0,0.0,0.0,1.0,0.0,0.0,0.0,0.0,11.0,135.0,22.0,0.0,25.0,2850.0,0.0,5.0,223.0,180.0,1260.0,0.0,0.0,48.0,0.0,0.0,5600.0,9.0,300.0,0.0,1000.0,1300.0,15300.0,750.0,140.0,1550.0,0,0,0,16286,0,0,0,18217,18217
3525508,3510,Campinas,0.0,0.0,0.0,43.0,0.0,90.0,15.0,0.0,5.0,20.0,3.0,10.0,150.0,0.0,0.0,8.0,0.0,3.0,0.0,0.0,0.0,1075.0,0.0,3000.0,18.0,0.0,140.0,20.0,75.0,190.0,600.0,0.0,0.0,360.0,0.0,36.0,21000.0,250.0,350.0,600.0,2000.0,1200.0,13000.0,1000.0,120.0,1200.0,0,0,0,12815,1821,0,0,12815,12815
3507605,3510,Campinas,0.0,0.0,0.0,35.0,0.0,50.0,300.0,50.0,0.0,240.0,200.0,0.0,2000.0,2000.0,0.0,35.0,0.0,7.0,0.0,0.0,0.0,630.0,0.0,1460.0,600.0,4000.0,0.0,395.0,5000.0,0.0,12000.0,5000.0,0.0,1470.0,0.0,203.0,29000.0,103.0,250.0,0.0,4150.0,25000.0,755000.0,2000.0,1400.0,14000.0,0,0,0,176002,9300,486,0,176811,176811
3507100,3510,Campinas,0.0,0.0,0.0,15.0,1.0,0.0,0.0,0.0,0.0,0.0,0.0,8.0,40.0,0.0,0.0,0.0,0.0,0.0,0.0,0.0,0.0,270.0,11.0,0.0,0.0,0.0,0.0,0.0,0.0,144.0,231.0,0.0,0.0,0.0,0.0,0.0,2400.0,0.0,90.0,0.0,280.0,0.0,900.0,1100.0,0.0,0.0,0,0,0,22006,0,96,0,22006,22006
3504107,3510,Campinas,0.0,0.0,0.0,3.0,0.0,0.0,1.0,50.0,0.0,45.0,0.0,40.0,800.0,1500.0,0.0,9.0,0.0,75.0,0.0,0.0,0.0,75.0,0.0,0.0,1.0,3500.0,0.0,68.0,0.0,640.0,4050.0,6000.0,0.0,405.0,0.0,1050.0,12500.0,18.0,450.0,0.0,2250.0,2100.0,110000.0,1000.0,0.0,0.0,0,0,0,155467,0,1005,0,158647,158647
3526902,3510,Campinas,0.0,0.0,0.0,30.0,0.0,0.0,34.0,12000.0,0.0,10.0,1900.0,250.0,5000.0,1200.0,3000.0,0.0,0.0,0.0,0.0,0.0,0.0,385.0,0.0,0.0,40.0,953064.0,0.0,10.0,41386.0,3411.0,34764.0,3300.0,14400.0,0.0,0.0,0.0,12554.0,211.0,122.0,0.0,970.0,18024.0,42474.0,900.0,780.0,9000.0,0,0,0,283159,0,6869,0,291869,291869
3521408,3510,Campinas,0.0,0.0,0.0,4.0,0.0,0.0,0.0,6930.0,0.0,0.0,40.0,4.0,10.0,500.0,0.0,0.0,0.0,0.0,0.0,0.0,0.0,81.0,0.0,0.0,0.0,595211.0,0.0,0.0,847.0,62.0,82.0,1649.0,0.0,0.0,0.0,0.0,33.0,0.0,16.0,0.0,21.0,144.0,208.0,6.0,13.0,29.0,0,0,0,21319,0,0,0,21967,21967
3515152,3510,Campinas,0.0,0.0,0.0,16.0,12.0,0.0,0.0,2500.0,0.0,0.0,687.0,720.0,1340.0,620.0,0.0,0.0,0.0,0.0,0.0,0.0,0.0,480.0,190.0,0.0,0.0,225000.0,0.0,0.0,27540.0,13680.0,10442.0,2109.0,0.0,0.0,0.0,0.0,4075.0,0.0,0.0,0.0,120.0,3456.0,47400.0,230.0,114.0,372.0,0,0,0,14715,0,80,0,19566,19566
3512407,3510,Campinas,0.0,0.0,0.0,24.0,0.0,0.0,36.0,10300.0,0.0,0.0,7.0,6.0,230.0,790.0,0.0,5.0,6.0,0.0,0.0,0.0,0.0,556.0,0.0,0.0,50.0,1006650.0,0.0,0.0,149.0,87.0,2172.0,2805.0,0.0,219.0,14.0,0.0,768.0,0.0,0.0,0.0,102.0,25540.0,126090.0,190.0,810.0,3400.0,0,0,0,24514,6000,96,0,24514,24514
3557303,3510,Campinas,0.0,0.0,0.0,0.0,0.0,0.0,2.0,700.0,0.0,0.0,1200.0,0.0,150.0,400.0,300.0,30.0,0.0,1.0,0.0,0.0,0.0,0.0,0.0,0.0,3.0,59500.0,0.0,0.0,61952.0,0.0,1125.0,1680.0,1260.0,2400.0,0.0,20.0,2280.0,57.0,60.0,0.0,230.0,24300.0,40500.0,100.0,295.0,2800.0,0,0,0,111,0,0,0,11295,11295
3530805,3510,Campinas,0.0,0.0,0.0,105.0,20.0,0.0,0.0,6645.0,0.0,0.0,6120.0,2800.0,1500.0,3500.0,0.0,100.0,0.0,12.0,0.0,0.0,0.0,3675.0,240.0,0.0,0.0,564825.0,0.0,0.0,188961.0,59600.0,11700.0,13650.0,0.0,7500.0,0.0,240.0,17080.0,195.0,520.0,37000.0,3640.0,202691.0,449040.0,1300.0,1540.0,20700.0,0,0,0,89814,2180,1020,0,92558,92558
3530706,3510,Campinas,170.0,0.0,0.0,0.0,0.0,300.0,400.0,11000.0,0.0,500.0,10364.0,600.0,2500.0,3500.0,0.0,310.0,0.0,0.0,544.0,0.0,0.0,0.0,0.0,4500.0,480.0,913000.0,0.0,1140.0,470349.0,22000.0,21780.0,14700.0,0.0,20150.0,0.0,0.0,15385.0,65.0,850.0,30500.0,4150.0,181800.0,232100.0,1100.0,2150.0,7500.0,0,0,0,147415,9316,1815,0,153658,153658
3522604,3510,Campinas,0.0,0.0,5.0,11.0,0.0,0.0,970.0,1250.0,0.0,0.0,500.0,180.0,1240.0,2600.0,180.0,5.0,0.0,9.0,0.0,0.0,10.0,238.0,0.0,0.0,970.0,93750.0,0.0,0.0,14688.0,3375.0,5460.0,9360.0,648.0,300.0,0.0,185.0,35680.0,230.0,1770.0,13800.0,2800.0,308500.0,892400.0,3950.0,445.0,2550.0,0,0,0,65339,5000,178,0,72022,72022
3556404,3510,Campinas,0.0,0.0,0.0,0.0,74.0,1100.0,398.0,4300.0,120.0,500.0,480.0,14.0,2500.0,3500.0,0.0,40.0,0.0,0.0,0.0,0.0,0.0,0.0,1480.0,33000.0,637.0,430000.0,3840.0,1200.0,13200.0,350.0,17500.0,10500.0,0.0,1800.0,0.0,0.0,20380.0,18.0,41.0,0.0,1150.0,2250.0,65000.0,1200.0,140.0,1680.0,0,0,0,382,1400,254,0,40133,40133
3553302,3510,Campinas,0.0,200.0,0.0,0.0,0.0,100.0,200.0,19000.0,0.0,0.0,3947.0,100.0,450.0,700.0,20.0,0.0,0.0,0.0,0.0,400.0,0.0,0.0,0.0,4000.0,480.0,1520000.0,0.0,0.0,73414.0,3000.0,3435.0,2100.0,48.0,0.0,0.0,0.0,9230.0,60.0,50.0,0.0,450.0,200.0,315000.0,300.0,50.0,300.0,0,0,0,19082,0,0,0,21435,21435
3549102,3510,Campinas,0.0,0.0,0.0,70.0,0.0,0.0,3060.0,5600.0,0.0,0.0,535.0,70.0,3800.0,2500.0,0.0,8.0,0.0,0.0,0.0,0.0,0.0,2100.0,0.0,0.0,4896.0,560000.0,0.0,0.0,15400.0,1540.0,30400.0,6000.0,0.0,320.0,0.0,0.0,43800.0,510.0,53.0,0.0,1760.0,42000.0,180000.0,460.0,45.0,620.0,0,0,0,88636,0,868,0,92547,92547
3548104,3510,Campinas,0.0,0.0,0.0,40.0,0.0,0.0,3850.0,0.0,0.0,0.0,0.0,0.0,300.0,50.0,0.0,0.0,0.0,20.0,0.0,0.0,0.0,1400.0,0.0,0.0,5775.0,0.0,0.0,0.0,0.0,0.0,720.0,160.0,0.0,0.0,0.0,90.0,5800.0,0.0,12.0,0.0,255.0,135000.0,700000.0,280.0,70.0,680.0,0,0,0,0,0,0,0,6126,6126
3546306,3510,Campinas,0.0,130.0,0.0,0.0,0.0,0.0,440.0,16271.0,0.0,0.0,806.0,0.0,880.0,840.0,0.0,0.0,0.0,0.0,0.0,546.0,0.0,0.0,0.0,0.0,660.0,1334222.0,0.0,0.0,21706.0,0.0,6547.0,2520.0,0.0,0.0,0.0,0.0,1290.0,0.0,15.0,0.0,100.0,0.0,22000.0,30.0,35.0,200.0,0,0,0,27962,840,172,0,28864,28864
3515186,3510,Campinas,0.0,0.0,0.0,38.0,0.0,25.0,7450.0,1500.0,0.0,25.0,460.0,10.0,1000.0,50.0,0.0,20.0,0.0,156.0,0.0,0.0,0.0,1064.0,0.0,450.0,11175.0,142500.0,0.0,45.0,14720.0,280.0,6000.0,150.0,0.0,2000.0,0.0,936.0,16500.0,0.0,62.0,0.0,1290.0,35000.0,1280000.0,242.0,65.0,420.0,0,0,0,39816,2080,875,0,39816,39816
3510807,3510,Campinas,0.0,80.0,0.0,6.0,10.0,5000.0,160.0,16000.0,600.0,1500.0,11000.0,300.0,8750.0,14800.0,3000.0,0.0,500.0,0.0,0.0,560.0,0.0,120.0,200.0,200000.0,144.0,1590000.0,27000.0,4500.0,605000.0,9917.0,85000.0,52500.0,5200.0,0.0,2330.0,0.0,15190.0,80.0,120.0,0.0,580.0,20000.0,850000.0,800.0,200.0,2500.0,0,0,0,24453,1574,0,0,28083,28083
3500402,3510,Campinas,0.0,0.0,0.0,8.0,0.0,160.0,820.0,0.0,0.0,30.0,0.0,0.0,600.0,70.0,0.0,0.0,0.0,0.0,0.0,0.0,0.0,256.0,0.0,4480.0,1230.0,0.0,0.0,72.0,0.0,0.0,2880.0,196.0,0.0,0.0,0.0,0.0,12800.0,0.0,0.0,0.0,180.0,750.0,3500.0,45.0,10.0,60.0,0,0,0,7075,1470,20,0,7369,7369
3500303,3510,Campinas,0.0,0.0,0.0,90.0,0.0,0.0,460.0,11000.0,0.0,0.0,6800.0,250.0,4500.0,3600.0,0.0,45.0,0.0,0.0,0.0,0.0,0.0,2880.0,0.0,0.0,690.0,990000.0,0.0,0.0,238000.0,5000.0,40500.0,11520.0,0.0,3375.0,0.0,0.0,4350.0,130.0,20.0,0.0,220.0,85000.0,335000.0,280.0,160.0,2400.0,0,0,0,28471,0,1200,0,32072,32072
3546207,3510,Campinas,193.0,0.0,0.0,0.0,0.0,0.0,0.0,4263.0,0.0,0.0,12.0,1.0,180.0,600.0,300.0,0.0,0.0,0.0,291.0,0.0,0.0,0.0,0.0,0.0,0.0,319725.0,0.0,0.0,204.0,10.0,990.0,2520.0,750.0,0.0,0.0,0.0,7330.0,56.0,0.0,0.0,140.0,50000.0,187000.0,400.0,0.0,0.0,0,0,0,40,0,10,0,4277,4277
3526704,3510,Campinas,96.0,0.0,0.0,85.0,0.0,0.0,380.0,20000.0,0.0,10.0,1200.0,15.0,2700.0,4000.0,1200.0,30.0,100.0,0.0,156.0,0.0,0.0,2550.0,0.0,0.0,760.0,1800000.0,0.0,18.0,32880.0,300.0,22140.0,14400.0,1296.0,1500.0,200.0,0.0,2400.0,0.0,0.0,0.0,250.0,3800.0,77000.0,400.0,1950.0,28550.0,0,0,0,97516,0,0,0,98161,98161
3512209,3510,Campinas,0.0,0.0,0.0,4.0,0.0,0.0,0.0,2900.0,0.0,0.0,6010.0,500.0,950.0,3700.0,500.0,25.0,0.0,1.0,0.0,0.0,0.0,112.0,0.0,0.0,0.0,246500.0,0.0,0.0,100427.0,7500.0,6315.0,14430.0,1800.0,1625.0,0.0,20.0,1975.0,0.0,135.0,0.0,270.0,124300.0,339200.0,220.0,70.0,3500.0,0,0,0,2799,0,161,0,28101,28101
3503307,3510,Campinas,0.0,0.0,0.0,45.0,0.0,0.0,218.0,34000.0,0.0,0.0,1000.0,200.0,5100.0,4000.0,1200.0,0.0,0.0,0.0,0.0,0.0,0.0,540.0,0.0,0.0,293.0,2720000.0,0.0,0.0,24513.0,3460.0,32504.0,12372.0,2160.0,0.0,0.0,0.0,7992.0,0.0,0.0,0.0,492.0,0.0,0.0,1531.0,614.0,2053.0,0,0,0,130866,3650,400,0,130866,130866
3546702,3510,Campinas,0.0,0.0,0.0,0.0,0.0,0.0,0.0,4970.0,0.0,0.0,0.0,0.0,109.0,100.0,0.0,0.0,0.0,0.0,0.0,0.0,0.0,0.0,0.0,0.0,0.0,375235.0,0.0,0.0,0.0,0.0,436.0,260.0,0.0,0.0,0.0,0.0,546.0,0.0,31.0,0.0,123.0,222.0,485.0,61.0,6.0,53.0,0,1800,0,23469,0,0,0,23611,23611
3543907,3510,Campinas,0.0,3.0,0.0,15.0,0.0,0.0,17.0,11118.0,0.0,4.0,540.0,78.0,1230.0,180.0,1.0,15.0,40.0,0.0,0.0,9.0,0.0,315.0,0.0,0.0,29.0,815316.0,0.0,6.0,15660.0,1980.0,4825.0,450.0,2.0,1050.0,140.0,0.0,17757.0,52.0,96.0,0.0,594.0,165480.0,1175558.0,418.0,257.0,1927.0,0,0,0,201418,0,3159,0,201418,201418
3521101,3510,Campinas,0.0,0.0,0.0,2.0,0.0,0.0,0.0,5200.0,0.0,0.0,0.0,22.0,200.0,0.0,0.0,0.0,0.0,0.0,0.0,0.0,0.0,32.0,0.0,0.0,0.0,390000.0,0.0,0.0,0.0,560.0,800.0,0.0,0.0,0.0,0.0,0.0,12551.0,284.0,34.0,0.0,313.0,118858.0,274997.0,272.0,65.0,589.0,0,0,0,6488,0,36,0,6831,6831
3512704,3510,Campinas,0.0,0.0,40.0,0.0,0.0,0.0,36.0,4400.0,0.0,21.0,120.0,5.0,25.0,350.0,190.0,0.0,40.0,0.0,0.0,0.0,150.0,0.0,0.0,0.0,46.0,308000.0,0.0,62.0,3000.0,125.0,125.0,1143.0,800.0,0.0,140.0,0.0,17850.0,160.0,186.0,0.0,481.0,284930.0,1075085.0,362.0,118.0,278.0,9000,0,9000,2521,1000,22,0,4195,4195
3502002,3510,Campinas,0.0,0.0,0.0,0.0,0.0,0.0,236.0,8500.0,0.0,0.0,1292.0,0.0,540.0,680.0,0.0,0.0,0.0,0.0,0.0,0.0,0.0,0.0,0.0,0.0,496.0,680000.0,0.0,0.0,36900.0,0.0,2727.0,2244.0,0.0,0.0,0.0,0.0,11300.0,450.0,0.0,0.0,600.0,143000.0,294000.0,50.0,500.0,2500.0,0,0,0,3633,0,10,0,4589,4589
3553609,3510,Campinas,0.0,0.0,0.0,25.0,0.0,0.0,2520.0,1800.0,0.0,0.0,0.0,40.0,300.0,700.0,15.0,2.0,0.0,0.0,0.0,0.0,0.0,95.0,0.0,0.0,3000.0,162000.0,0.0,0.0,0.0,1075.0,1500.0,2520.0,35.0,95.0,0.0,0.0,17200.0,25.0,0.0,0.0,150.0,1000.0,70000.0,40.0,65.0,850.0,0,0,0,9674,1518,0,0,11816,11816
3550803,3510,Campinas,0.0,0.0,0.0,0.0,0.0,50.0,5700.0,0.0,0.0,10.0,0.0,0.0,200.0,300.0,0.0,0.0,6.0,10.0,0.0,0.0,0.0,0.0,0.0,1500.0,8892.0,0.0,0.0,24.0,0.0,0.0,840.0,900.0,0.0,0.0,3.0,15.0,16100.0,13.0,230.0,0.0,500.0,1000.0,15000.0,140.0,1200.0,21000.0,0,0,0,100,0,0,0,10441,10441
3549706,3510,Campinas,0.0,0.0,0.0,0.0,0.0,80.0,1500.0,300.0,350.0,100.0,0.0,20.0,1000.0,2000.0,400.0,10.0,100.0,0.0,0.0,0.0,0.0,0.0,0.0,2400.0,2300.0,24000.0,12600.0,180.0,0.0,500.0,7100.0,8500.0,2400.0,500.0,400.0,0.0,40000.0,130.0,40.0,0.0,1500.0,32200.0,2200000.0,1000.0,2000.0,17520.0,0,0,0,51668,0,891,0,52205,52205
3530508,3510,Campinas,0.0,0.0,10.0,10.0,5.0,250.0,1200.0,19000.0,200.0,400.0,7000.0,55.0,5100.0,4000.0,500.0,5.0,0.0,0.0,0.0,0.0,40.0,150.0,75.0,6000.0,1600.0,1599173.0,10000.0,860.0,260000.0,830.0,45720.0,16000.0,2500.0,400.0,0.0,0.0,52000.0,300.0,230.0,0.0,1300.0,256000.0,5350000.0,1300.0,580.0,10000.0,0,49,0,601,0,0,0,67681,67681
3523800,3510,Campinas,0.0,0.0,0.0,0.0,0.0,500.0,150.0,792.0,200.0,770.0,16.0,35.0,1750.0,1200.0,300.0,0.0,100.0,15.0,0.0,0.0,0.0,0.0,0.0,17500.0,162.0,56715.0,6400.0,1848.0,815.0,1020.0,11550.0,4520.0,1500.0,0.0,350.0,31.0,16000.0,30.0,12.0,0.0,200.0,650.0,135000.0,55.0,30.0,600.0,0,0,0,7085,0,0,0,8046,8046
3513900,3510,Campinas,0.0,0.0,0.0,0.0,0.0,550.0,4500.0,0.0,220.0,6.0,0.0,0.0,100.0,0.0,0.0,10.0,0.0,10.0,0.0,0.0,0.0,0.0,0.0,20200.0,9450.0,0.0,13200.0,18.0,0.0,0.0,840.0,0.0,0.0,620.0,0.0,75.0,23200.0,8.0,50.0,0.0,290.0,1000.0,53000.0,150.0,85.0,600.0,0,0,0,100,0,15,0,11158,11158
3508702,3510,Campinas,0.0,0.0,0.0,12.0,0.0,20.0,9000.0,134.0,10.0,35.0,0.0,5.0,300.0,800.0,130.0,0.0,0.0,2.0,0.0,0.0,0.0,246.0,0.0,500.0,13500.0,11530.0,300.0,75.0,0.0,107.0,1480.0,3120.0,343.0,0.0,0.0,13.0,30500.0,130.0,100.0,0.0,350.0,3000.0,50000.0,280.0,200.0,2000.0,0,0,0,11554,0,900,0,17101,17101
3551603,3510,Campinas,0.0,0.0,0.0,17.0,0.0,0.0,2524.0,30.0,0.0,15.0,185.0,0.0,420.0,250.0,0.0,10.0,0.0,10.0,0.0,0.0,0.0,255.0,0.0,0.0,3937.0,2400.0,0.0,18.0,5894.0,0.0,3528.0,750.0,0.0,450.0,0.0,50.0,9937.0,87.0,36.0,0.0,405.0,26000.0,197000.0,250.0,81.0,600.0,0,0,0,29295,0,188,0,29894,29894
3531209,3510,Campinas,0.0,0.0,0.0,2.0,0.0,0.0,420.0,75.0,0.0,4.0,0.0,2.0,140.0,0.0,0.0,3.0,0.0,2.0,0.0,0.0,0.0,40.0,0.0,0.0,722.0,4500.0,0.0,6.0,0.0,60.0,780.0,0.0,0.0,180.0,0.0,17.0,4814.0,1.0,20.0,0.0,154.0,56000.0,1200000.0,390.0,0.0,0.0,0,0,0,7895,0,35,0,8627,8627
3527009,3510,Campinas,0.0,0.0,0.0,0.0,0.0,0.0,154.0,17.0,0.0,6.0,0.0,0.0,30.0,0.0,0.0,3.0,0.0,0.0,0.0,0.0,0.0,0.0,0.0,0.0,170.0,1700.0,0.0,6.0,0.0,0.0,200.0,0.0,0.0,150.0,0.0,0.0,3492.0,21.0,0.0,0.0,110.0,4500.0,144343.0,100.0,27.0,277.0,0,0,0,6994,0,19,0,7014,7014
3501905,3510,Campinas,0.0,0.0,1.0,10.0,1.0,0.0,900.0,1350.0,0.0,25.0,770.0,7.0,1530.0,470.0,3.0,14.0,0.0,5.0,0.0,0.0,2.0,300.0,10.0,0.0,1590.0,80400.0,0.0,25.0,23760.0,105.0,7884.0,1580.0,15.0,1120.0,0.0,90.0,27131.0,506.0,241.0,0.0,3450.0,372000.0,4160000.0,1622.0,360.0,1700.0,0,0,0,68008,2400,1461,0,68008,68008
3500501,3510,Campinas,0.0,0.0,0.0,32.0,0.0,0.0,350.0,0.0,0.0,4.0,4.0,1.0,50.0,0.0,0.0,1.0,0.0,4.0,0.0,0.0,0.0,250.0,0.0,0.0,420.0,0.0,0.0,4.0,312.0,25.0,348.0,0.0,0.0,86.0,0.0,20.0,4519.0,9.0,61.0,0.0,400.0,60.0,63000.0,478.0,10.0,40.0,0,0,0,17673,600,38,0,17930,17930
3549904,3511,São José dos Campos,0.0,0.0,12.0,0.0,0.0,0.0,0.0,0.0,0.0,0.0,0.0,150.0,0.0,0.0,0.0,0.0,0.0,0.0,0.0,0.0,7.0,0.0,0.0,0.0,0.0,0.0,0.0,0.0,0.0,1500.0,0.0,0.0,0.0,0.0,0.0,0.0,83000.0,1200.0,250.0,0.0,1600.0,12000.0,51000.0,730.0,250.0,5000.0,0,0,0,682873,0,8612,0,697054,697054
3546009,3511,São José dos Campos,0.0,0.0,0.0,20.0,0.0,0.0,0.0,1.0,0.0,2.0,0.0,1.0,1.0,0.0,0.0,0.0,0.0,0.0,0.0,0.0,0.0,440.0,0.0,0.0,0.0,50.0,0.0,3.0,0.0,15.0,3.0,0.0,0.0,0.0,0.0,0.0,11150.0,0.0,0.0,0.0,680.0,300.0,1000.0,250.0,40.0,180.0,0,0,0,125,0,4,0,13975,13975
3535606,3511,São José dos Campos,0.0,0.0,0.0,20.0,0.0,0.0,0.0,2.0,0.0,15.0,0.0,12.0,30.0,0.0,0.0,1.0,0.0,0.0,0.0,0.0,0.0,500.0,0.0,0.0,0.0,80.0,0.0,23.0,0.0,180.0,60.0,0.0,0.0,100.0,0.0,0.0,32060.0,10.0,100.0,0.0,650.0,5000.0,8000.0,500.0,160.0,800.0,0,0,0,17314,0,0,0,17667,17667
3531704,3511,São José dos Campos,0.0,0.0,0.0,0.0,0.0,0.0,0.0,0.0,0.0,0.0,0.0,0.0,0.0,0.0,0.0,0.0,0.0,0.0,0.0,0.0,0.0,0.0,0.0,0.0,0.0,0.0,0.0,0.0,0.0,0.0,0.0,0.0,0.0,0.0,0.0,0.0,13697.0,489.0,36.0,0.0,183.0,1350.0,6000.0,81.0,93.0,460.0,0,0,8258,4127,0,0,0,4138,4138
3524907,3511,São José dos Campos,0.0,0.0,0.0,0.0,0.0,0.0,0.0,3.0,0.0,5.0,0.0,0.0,0.0,0.0,0.0,0.0,0.0,0.0,0.0,0.0,0.0,0.0,0.0,0.0,0.0,120.0,0.0,7.0,0.0,0.0,0.0,0.0,0.0,0.0,0.0,0.0,14631.0,0.0,15.0,0.0,280.0,5000.0,8000.0,35.0,3500.0,40000.0,0,0,0,4782,1380,33,0,6397,6397
3524402,3511,São José dos Campos,0.0,0.0,0.0,14.0,0.0,0.0,0.0,5.0,0.0,3.0,0.0,2.0,3.0,0.0,0.0,1.0,0.0,0.0,0.0,0.0,0.0,308.0,0.0,0.0,0.0,200.0,0.0,5.0,0.0,30.0,6.0,0.0,0.0,120.0,0.0,0.0,20730.0,0.0,500.0,0.0,1000.0,49000.0,74000.0,180.0,40.0,180.0,0,0,0,240275,0,4075,0,240275,240275
3520202,3511,São José dos Campos,0.0,0.0,0.0,0.0,0.0,0.0,0.0,0.0,0.0,0.0,0.0,1.0,0.0,0.0,0.0,0.0,0.0,0.0,0.0,0.0,0.0,0.0,0.0,0.0,0.0,0.0,0.0,0.0,0.0,10.0,0.0,0.0,0.0,0.0,0.0,0.0,9000.0,30.0,30.0,0.0,130.0,600.0,2000.0,80.0,20.0,90.0,0,0,0,9968,0,36,0,10605,10605
3508504,3511,São José dos Campos,0.0,0.0,0.0,5.0,0.0,0.0,0.0,1800.0,0.0,0.0,0.0,0.0,0.0,80.0,0.0,0.0,0.0,0.0,0.0,0.0,0.0,10.0,0.0,0.0,0.0,180000.0,0.0,0.0,0.0,0.0,0.0,312.0,0.0,0.0,0.0,0.0,25000.0,0.0,0.0,0.0,1000.0,0.0,0.0,300.0,0.0,0.0,0,0,0,94277,2380,1283,0,96202,96202
3554805,3511,São José dos Campos,0.0,0.0,700.0,15.0,0.0,0.0,0.0,0.0,0.0,0.0,0.0,45.0,800.0,1000.0,0.0,0.0,0.0,0.0,0.0,0.0,2800.0,195.0,0.0,0.0,0.0,0.0,0.0,0.0,0.0,1125.0,1250.0,3200.0,0.0,0.0,0.0,0.0,8290.0,60.0,68.0,0.0,427.0,3405.0,6672.0,42.0,39.0,131.0,0,3600,0,51173,0,60,0,51173,51173
3554102,3511,São José dos Campos,0.0,0.0,280.0,30.0,0.0,0.0,0.0,0.0,0.0,0.0,0.0,40.0,200.0,680.0,0.0,0.0,0.0,0.0,0.0,0.0,1640.0,300.0,0.0,0.0,0.0,0.0,0.0,0.0,0.0,600.0,730.0,1650.0,0.0,0.0,0.0,0.0,40050.0,60.0,59.0,0.0,1592.0,4786.0,12310.0,198.0,72.0,322.0,0,0,0,310739,0,7274,0,310739,310739
3550001,3511,São José dos Campos,0.0,0.0,0.0,5.0,0.0,0.0,0.0,12.0,0.0,0.0,0.0,5.0,180.0,0.0,0.0,9.0,0.0,0.0,0.0,0.0,0.0,90.0,0.0,0.0,0.0,900.0,0.0,0.0,0.0,69.0,1620.0,0.0,0.0,500.0,0.0,0.0,41739.0,530.0,98.0,0.0,1402.0,9500.0,26100.0,340.0,151.0,522.0,0,0,0,100,576,220,0,10337,10337
3548609,3511,São José dos Campos,0.0,0.0,0.0,1000.0,10.0,0.0,0.0,0.0,0.0,5.0,0.0,0.0,100.0,0.0,0.0,10.0,0.0,40.0,0.0,0.0,0.0,7000.0,190.0,0.0,0.0,0.0,0.0,5.0,0.0,0.0,450.0,0.0,0.0,250.0,0.0,180.0,12489.0,0.0,65.0,0.0,2210.0,1700.0,2700.0,362.0,228.0,875.0,0,0,0,80,3000,13,0,11674,11674
3548203,3511,São José dos Campos,0.0,0.0,0.0,6.0,3.0,0.0,0.0,0.0,0.0,2.0,0.0,4.0,13.0,0.0,0.0,15.0,0.0,2.0,0.0,0.0,0.0,60.0,50.0,0.0,0.0,0.0,0.0,2.0,0.0,32.0,42.0,0.0,0.0,1000.0,0.0,21.0,3971.0,76.0,71.0,0.0,451.0,1425.0,2400.0,82.0,61.0,361.0,0,100,0,7071,2520,42,0,7133,7133
3542305,3511,São José dos Campos,0.0,0.0,0.0,25.0,0.0,0.0,0.0,4.0,0.0,0.0,0.0,0.0,7.0,0.0,0.0,5.0,0.0,0.0,0.0,0.0,0.0,500.0,0.0,0.0,0.0,280.0,0.0,0.0,0.0,0.0,35.0,0.0,0.0,250.0,0.0,0.0,16280.0,15.0,245.0,0.0,703.0,39299.0,97386.0,202.0,204.0,670.0,7924,2680,0,3726,0,16,0,4494,4494
3538006,3511,São José dos Campos,0.0,0.0,400.0,75.0,0.0,0.0,0.0,0.0,0.0,13.0,5.0,18.0,1000.0,1100.0,0.0,7.0,0.0,0.0,0.0,0.0,2400.0,1125.0,0.0,0.0,0.0,0.0,0.0,13.0,237.0,240.0,5000.0,3525.0,0.0,420.0,0.0,0.0,59726.0,200.0,413.0,0.0,2003.0,182500.0,252800.0,1503.0,190.0,475.0,0,0,0,165428,0,774,0,165428,165428
3532306,3511,São José dos Campos,0.0,0.0,0.0,50.0,0.0,0.0,0.0,0.0,0.0,60.0,0.0,10.0,40.0,0.0,0.0,4.0,0.0,0.0,0.0,0.0,0.0,150.0,0.0,0.0,0.0,0.0,0.0,108.0,0.0,120.0,200.0,0.0,0.0,250.0,0.0,0.0,22910.0,1115.0,65.0,0.0,690.0,47350.0,88240.0,171.0,51.0,405.0,0,0,0,6963,0,5,0,6999,6999
3526308,3511,São José dos Campos,0.0,0.0,0.0,0.0,0.0,0.0,0.0,10.0,0.0,6.0,0.0,0.0,160.0,0.0,0.0,0.0,0.0,0.0,0.0,0.0,0.0,0.0,0.0,0.0,0.0,700.0,0.0,9.0,0.0,0.0,1040.0,0.0,0.0,0.0,0.0,0.0,22050.0,48.0,99.0,0.0,710.0,3910.0,14075.0,171.0,67.0,740.0,0,0,9470,3287,0,0,0,5083,5083
3509700,3511,São José dos Campos,0.0,0.0,0.0,0.0,0.0,0.0,0.0,0.0,0.0,0.0,0.0,0.0,0.0,0.0,0.0,0.0,0.0,0.0,0.0,0.0,0.0,0.0,0.0,0.0,0.0,0.0,0.0,0.0,0.0,0.0,0.0,0.0,0.0,0.0,0.0,0.0,598.0,0.0,0.0,0.0,502.0,260.0,415.0,17.0,0.0,0.0,0,0,0,45177,0,5,0,46974,46974
3555406,3511,São José dos Campos,0.0,0.0,0.0,105.0,0.0,0.0,0.0,0.0,0.0,0.0,0.0,10.0,0.0,0.0,0.0,0.0,0.0,0.0,0.0,0.0,0.0,735.0,0.0,0.0,0.0,0.0,0.0,0.0,0.0,150.0,0.0,0.0,0.0,0.0,0.0,0.0,122.0,0.0,0.0,0.0,85.0,1200.0,2000.0,0.0,35.0,200.0,0,0,0,91747,0,1073,0,92981,92981
3550704,3511,São José dos Campos,0.0,0.0,0.0,26.0,0.0,0.0,0.0,0.0,0.0,0.0,0.0,3.0,0.0,0.0,0.0,0.0,0.0,0.0,0.0,0.0,0.0,208.0,0.0,0.0,0.0,0.0,0.0,0.0,0.0,30.0,0.0,0.0,0.0,0.0,0.0,0.0,31.0,0.0,5.0,0.0,11.0,0.0,0.0,16.0,0.0,0.0,0,0,0,81595,0,1294,0,81595,81595
3520400,3511,São José dos Campos,0.0,0.0,0.0,0.0,0.0,0.0,0.0,0.0,0.0,0.0,0.0,0.0,0.0,0.0,0.0,0.0,0.0,0.0,0.0,0.0,0.0,0.0,0.0,0.0,0.0,0.0,0.0,0.0,0.0,0.0,0.0,0.0,0.0,0.0,0.0,0.0,31.0,0.0,0.0,0.0,22.0,0.0,0.0,5.0,0.0,0.0,0,0,0,34934,0,375,0,34934,34934
3510500,3511,São José dos Campos,0.0,0.0,0.0,70.0,0.0,0.0,0.0,0.0,0.0,0.0,0.0,5.0,0.0,0.0,0.0,0.0,0.0,0.0,0.0,0.0,0.0,490.0,0.0,0.0,0.0,0.0,0.0,0.0,0.0,63.0,0.0,0.0,0.0,0.0,0.0,0.0,7421.0,152.0,124.0,0.0,66.0,0.0,0.0,32.0,0.0,22.0,0,0,0,132558,0,3880,0,134873,134873
3544301,3511,São José dos Campos,0.0,0.0,1200.0,15.0,0.0,0.0,0.0,0.0,0.0,0.0,0.0,0.0,350.0,450.0,0.0,0.0,150.0,0.0,0.0,0.0,5760.0,150.0,0.0,0.0,0.0,0.0,0.0,0.0,0.0,0.0,2730.0,1350.0,0.0,0.0,225.0,0.0,7798.0,22.0,7.0,0.0,100.0,245.0,500.0,0.0,70.0,290.0,0,0,0,10787,0,34,0,10832,10832
3540754,3511,São José dos Campos,0.0,0.0,370.0,0.0,0.0,0.0,0.0,0.0,0.0,0.0,0.0,0.0,350.0,500.0,0.0,0.0,0.0,0.0,0.0,0.0,2253.0,0.0,0.0,0.0,0.0,0.0,0.0,0.0,0.0,0.0,2040.0,1500.0,0.0,0.0,0.0,0.0,5649.0,472.0,0.0,0.0,88.0,205.0,525.0,25.0,20.0,80.0,0,0,0,20342,1240,38,0,20392,20392
3538501,3511,São José dos Campos,0.0,0.0,0.0,40.0,0.0,0.0,0.0,0.0,0.0,0.0,0.0,0.0,15.0,0.0,0.0,0.0,0.0,0.0,0.0,0.0,0.0,400.0,0.0,0.0,0.0,0.0,0.0,0.0,0.0,0.0,39.0,0.0,0.0,0.0,0.0,0.0,8286.0,292.0,0.0,0.0,375.0,1800.0,3750.0,15.0,50.0,200.0,0,0,0,1249,0,33,0,12490,12490
3527207,3511,São José dos Campos,0.0,0.0,180.0,0.0,0.0,0.0,0.0,0.0,0.0,15.0,0.0,0.0,96.0,20.0,0.0,0.0,0.0,0.0,0.0,0.0,1200.0,0.0,0.0,0.0,0.0,0.0,0.0,18.0,0.0,0.0,240.0,60.0,0.0,0.0,0.0,0.0,31038.0,85.0,39.0,0.0,1000.0,420000.0,643078.0,750.0,110.0,450.0,0,0,0,82554,0,123,0,84855,84855
3518404,3511,São José dos Campos,0.0,0.0,2100.0,102.0,0.0,0.0,0.0,8.0,0.0,0.0,0.0,25.0,230.0,2600.0,0.0,0.0,40.0,0.0,0.0,0.0,13413.0,1020.0,0.0,0.0,0.0,177.0,0.0,0.0,0.0,312.0,756.0,7800.0,0.0,0.0,60.0,0.0,58084.0,929.0,199.0,0.0,2000.0,2300.0,4700.0,480.0,95.0,380.0,0,0,0,116847,9656,591,0,118044,118044
3513603,3511,São José dos Campos,0.0,0.0,0.0,5.0,0.0,10.0,3.0,0.0,0.0,300.0,0.0,16.0,1040.0,0.0,0.0,2.0,0.0,0.0,0.0,0.0,0.0,50.0,0.0,180.0,5.0,0.0,0.0,360.0,0.0,375.0,2880.0,0.0,0.0,100.0,0.0,0.0,129708.0,245.0,145.0,0.0,5250.0,13250.0,26250.0,1215.0,1025.0,4250.0,0,0,0,12311,0,15,0,22110,22110
3509957,3511,São José dos Campos,0.0,0.0,400.0,0.0,0.0,0.0,0.0,0.0,0.0,0.0,0.0,0.0,0.0,0.0,0.0,0.0,0.0,0.0,0.0,0.0,1920.0,0.0,0.0,0.0,0.0,0.0,0.0,0.0,0.0,0.0,0.0,0.0,0.0,0.0,0.0,0.0,3877.0,0.0,55.0,0.0,115.0,350.0,900.0,13.0,10.0,45.0,0,0,8307,4598,0,9,0,4931,4931
3502507,3511,São José dos Campos,0.0,0.0,260.0,0.0,0.0,0.0,0.0,0.0,0.0,0.0,0.0,0.0,0.0,0.0,0.0,0.0,0.0,0.0,0.0,0.0,1248.0,0.0,0.0,0.0,0.0,0.0,0.0,0.0,0.0,0.0,0.0,0.0,0.0,0.0,0.0,0.0,4586.0,150.0,25.0,0.0,275.0,360.0,700.0,50.0,65.0,280.0,0,0,0,32569,0,120,0,32569,32569
3552007,3511,São José dos Campos,0.0,0.0,0.0,10.0,0.0,0.0,0.0,8.0,0.0,8.0,18.0,20.0,20.0,0.0,0.0,1.0,0.0,0.0,0.0,0.0,0.0,165.0,0.0,0.0,0.0,650.0,0.0,15.0,450.0,400.0,82.0,0.0,0.0,50.0,0.0,0.0,21500.0,0.0,112.0,0.0,615.0,850.0,2600.0,290.0,120.0,700.0,0,0,0,55,0,40,0,6186,6186
3549607,3511,São José dos Campos,0.0,0.0,0.0,26.0,0.0,0.0,0.0,37.0,0.0,8.0,0.0,0.0,50.0,0.0,0.0,0.0,0.0,0.0,0.0,0.0,0.0,450.0,0.0,0.0,0.0,2640.0,0.0,12.0,0.0,0.0,222.0,0.0,0.0,0.0,0.0,0.0,14800.0,550.0,95.0,0.0,600.0,620.0,1350.0,155.0,95.0,290.0,6950,0,6950,3484,0,0,0,3853,3853
3541901,3511,São José dos Campos,0.0,0.0,1.0,12.0,0.0,0.0,0.0,19.0,0.0,8.0,6.0,10.0,18.0,0.0,0.0,0.0,0.0,0.0,0.0,0.0,3.0,192.0,0.0,0.0,0.0,1342.0,0.0,8.0,138.0,160.0,68.0,0.0,0.0,0.0,0.0,0.0,11200.0,0.0,65.0,0.0,215.0,650.0,1300.0,155.0,55.0,345.0,0,0,0,9159,0,103,0,9159,9159
3526605,3511,São José dos Campos,0.0,0.0,2.0,0.0,0.0,0.0,0.0,0.0,0.0,22.0,0.0,10.0,22.0,0.0,0.0,3.0,0.0,0.0,0.0,0.0,6.0,0.0,0.0,0.0,0.0,0.0,0.0,30.0,0.0,220.0,92.0,0.0,0.0,159.0,0.0,0.0,10600.0,238.0,48.0,0.0,203.0,620.0,1400.0,145.0,62.0,250.0,0,5000,0,70,0,1,0,7171,7171
3513405,3511,São José dos Campos,0.0,0.0,64.0,40.0,2.0,0.0,0.0,21.0,0.0,50.0,9.0,20.0,61.0,0.0,0.0,12.0,0.0,2.0,0.0,0.0,205.0,680.0,30.0,0.0,0.0,1625.0,0.0,60.0,252.0,440.0,274.0,0.0,0.0,900.0,0.0,28.0,17825.0,253.0,140.0,0.0,518.0,430.0,825.0,150.0,57.0,260.0,0,8381,0,74961,8381,806,0,74961,74961
3508603,3511,São José dos Campos,0.0,0.0,150.0,5.0,0.0,0.0,0.0,84.0,0.0,18.0,0.0,0.0,58.0,0.0,0.0,20.0,0.0,1.0,0.0,0.0,450.0,85.0,0.0,0.0,0.0,6000.0,0.0,30.0,0.0,0.0,232.0,0.0,0.0,1200.0,0.0,14.0,29215.0,101.0,132.0,0.0,756.0,880.0,2480.0,943.0,70.0,340.0,0,0,0,31564,0,65,0,31564,31564
3504909,3511,São José dos Campos,0.0,0.0,0.0,8.0,0.0,0.0,0.0,60.0,0.0,35.0,3.0,0.0,265.0,0.0,0.0,0.0,0.0,0.0,0.0,0.0,0.0,136.0,0.0,0.0,0.0,3900.0,0.0,49.0,75.0,0.0,1060.0,0.0,0.0,0.0,0.0,0.0,31100.0,580.0,130.0,0.0,698.0,1020.0,2900.0,180.0,112.0,410.0,3000,800,3800,7732,0,0,0,9969,9969
3503505,3511,São José dos Campos,0.0,0.0,4.0,24.0,0.0,0.0,0.0,25.0,0.0,30.0,0.0,5.0,60.0,0.0,0.0,0.0,0.0,0.0,0.0,0.0,12.0,408.0,0.0,0.0,0.0,1800.0,0.0,37.0,0.0,100.0,265.0,0.0,0.0,0.0,0.0,0.0,16500.0,137.0,140.0,0.0,360.0,760.0,1500.0,920.0,25.0,142.0,0,0,1200,235,0,0,0,3577,3577
3503158,3511,São José dos Campos,0.0,0.0,0.0,7.0,0.0,0.0,0.0,50.0,0.0,15.0,7.0,0.0,27.0,0.0,0.0,0.0,0.0,0.0,0.0,0.0,0.0,115.0,0.0,0.0,0.0,3835.0,0.0,15.0,115.0,0.0,108.0,0.0,0.0,0.0,0.0,0.0,7600.0,130.0,130.0,430.0,285.0,900.0,2100.0,108.0,23.0,120.0,0,0,3370,233,0,7,0,2330,2330
